N,Fl_bar,vt_num,vt_an,R_over_L,theta_L
1,1.200000000e+00,2.039635965e+00,2.031962194e+00,0.000000000e+00,0.000000000e+00
1,1.500000000e+00,2.040669752e+00,2.031962194e+00,0.000000000e+00,0.000000000e+00
1,2.000000000e+00,2.041014348e+00,2.031962194e+00,0.000000000e+00,0.000000000e+00
1,3.000000000e+00,2.041186646e+00,2.031962194e+00,0.000000000e+00,0.000000000e+00
1,5.000000000e+00,2.041272794e+00,2.031962194e+00,0.000000000e+00,0.000000000e+00
2,1.200000000e+00,2.100525897e+00,2.112889199e+00,1.040622409e-01,8.886666879e-02
2,1.500000000e+00,2.095944639e+00,2.112889199e+00,1.194817375e-01,8.440870031e-02
2,2.000000000e+00,2.083689917e+00,2.112889199e+00,1.422049032e-01,7.958818049e-02
2,3.000000000e+00,2.054246552e+00,2.112889199e+00,1.793635555e-01,7.516334375e-02
2,5.000000000e+00,1.996860220e+00,2.112889199e+00,2.315258221e-01,7.525660305e-02
4,1.200000000e+00,2.128873886e+00,2.155819128e+00,1.291685402e-01,1.102533422e-01
4,1.500000000e+00,2.122481154e+00,2.155819128e+00,1.483972915e-01,1.046140103e-01
4,2.000000000e+00,2.103440124e+00,2.155819128e+00,1.765995587e-01,9.867624294e-02
4,3.000000000e+00,2.059123723e+00,2.155819128e+00,2.218763902e-01,9.392641956e-02
4,5.000000000e+00,1.981471956e+00,2.155819128e+00,2.828967652e-01,9.636708560e-02
8,1.200000000e+00,2.134552982e+00,2.177944998e+00,1.466155162e-01,1.252435178e-01
8,1.500000000e+00,2.129316384e+00,2.177944998e+00,1.684342732e-01,1.188620334e-01
8,2.000000000e+00,2.105885264e+00,2.177944998e+00,2.002700312e-01,1.123220209e-01
8,3.000000000e+00,2.051576903e+00,2.177944998e+00,2.506145526e-01,1.077709544e-01
8,5.000000000e+00,1.968318901e+00,2.177944998e+00,3.025081718e-01,1.063673442e-01
