w,t,z0
0.000000000e+00,0.000000000e+00,0.000000000e+00
0.000000000e+00,1.010000000e-02,6.974263330e-04
0.000000000e+00,2.110000000e-02,2.791249375e-03
0.000000000e+00,3.110000000e-02,5.367196984e-03
0.000000000e+00,4.110000000e-02,8.452573543e-03
0.000000000e+00,5.110000000e-02,1.196729310e-02
0.000000000e+00,6.110000000e-02,1.584469575e-02
0.000000000e+00,7.110000000e-02,2.002899883e-02
0.000000000e+00,8.110000000e-02,2.447334674e-02
0.000000000e+00,9.110000000e-02,2.913826609e-02
0.000000000e+00,1.011000000e-01,3.399041785e-02
0.000000000e+00,1.111000000e-01,3.900157828e-02
0.000000000e+00,1.211000000e-01,4.414780131e-02
0.000000000e+00,1.311000000e-01,4.940872720e-02
0.000000000e+00,1.411000000e-01,5.476701037e-02
0.000000000e+00,1.511000000e-01,6.020784474e-02
0.000000000e+00,1.611000000e-01,6.571856912e-02
0.000000000e+00,1.711000000e-01,7.128833861e-02
0.000000000e+00,1.811000000e-01,7.690785025e-02
0.000000000e+00,1.911000000e-01,8.256911357e-02
0.000000000e+00,2.011000000e-01,8.826525814e-02
0.000000000e+00,2.111000000e-01,9.399037181e-02
0.000000000e+00,2.211000000e-01,9.973936427e-02
0.000000000e+00,2.311000000e-01,1.055078517e-01
0.000000000e+00,2.411000000e-01,1.112920590e-01
0.000000000e+00,2.511000000e-01,1.170887363e-01
0.000000000e+00,2.611000000e-01,1.228950884e-01
0.000000000e+00,2.711000000e-01,1.287087133e-01
0.000000000e+00,2.811000000e-01,1.345275505e-01
0.000000000e+00,2.911000000e-01,1.403498359e-01
0.000000000e+00,3.011000000e-01,1.461740627e-01
0.000000000e+00,3.111000000e-01,1.519989484e-01
0.000000000e+00,3.211000000e-01,1.578234050e-01
0.000000000e+00,3.311000000e-01,1.636465142e-01
0.000000000e+00,3.411000000e-01,1.694675051e-01
0.000000000e+00,3.511000000e-01,1.752857350e-01
0.000000000e+00,3.611000000e-01,1.811006729e-01
0.000000000e+00,3.711000000e-01,1.869118842e-01
0.000000000e+00,3.811000000e-01,1.927190187e-01
0.000000000e+00,3.911000000e-01,1.985217988e-01
0.000000000e+00,4.011000000e-01,2.043200098e-01
0.000000000e+00,4.111000000e-01,2.101134914e-01
0.000000000e+00,4.211000000e-01,2.159021300e-01
0.000000000e+00,4.311000000e-01,2.216858523e-01
0.000000000e+00,4.411000000e-01,2.274646193e-01
0.000000000e+00,4.511000000e-01,2.332384214e-01
0.000000000e+00,4.611000000e-01,2.390072739e-01
0.000000000e+00,4.711000000e-01,2.447712131e-01
0.000000000e+00,4.811000000e-01,2.505302929e-01
0.000000000e+00,4.911000000e-01,2.562845822e-01
0.000000000e+00,5.011000000e-01,2.620341617e-01
0.000000000e+00,5.111000000e-01,2.677791221e-01
0.000000000e+00,5.211000000e-01,2.735195622e-01
0.000000000e+00,5.311000000e-01,2.792555869e-01
0.000000000e+00,5.411000000e-01,2.849873060e-01
0.000000000e+00,5.511000000e-01,2.907148329e-01
0.000000000e+00,5.611000000e-01,2.964382834e-01
0.000000000e+00,5.711000000e-01,3.021577750e-01
0.000000000e+00,5.811000000e-01,3.078734257e-01
0.000000000e+00,5.911000000e-01,3.135853539e-01
0.000000000e+00,6.011000000e-01,3.192936772e-01
0.000000000e+00,6.111000000e-01,3.249985123e-01
0.000000000e+00,6.211000000e-01,3.306999748e-01
0.000000000e+00,6.311000000e-01,3.363981782e-01
0.000000000e+00,6.411000000e-01,3.420932343e-01
0.000000000e+00,6.511000000e-01,3.477852524e-01
0.000000000e+00,6.611000000e-01,3.534743397e-01
0.000000000e+00,6.711000000e-01,3.591606007e-01
0.000000000e+00,6.811000000e-01,3.648441372e-01
0.000000000e+00,6.911000000e-01,3.705250484e-01
0.000000000e+00,7.011000000e-01,3.762034308e-01
0.000000000e+00,7.111000000e-01,3.818793778e-01
0.000000000e+00,7.211000000e-01,3.875529803e-01
0.000000000e+00,7.311000000e-01,3.932243263e-01
0.000000000e+00,7.411000000e-01,3.988935007e-01
0.000000000e+00,7.511000000e-01,4.045605861e-01
0.000000000e+00,7.611000000e-01,4.102256621e-01
0.000000000e+00,7.711000000e-01,4.158888056e-01
0.000000000e+00,7.811000000e-01,4.215500910e-01
0.000000000e+00,7.911000000e-01,4.272095898e-01
0.000000000e+00,8.011000000e-01,4.328673714e-01
0.000000000e+00,8.111000000e-01,4.385235024e-01
0.000000000e+00,8.211000000e-01,4.441780470e-01
0.000000000e+00,8.311000000e-01,4.498310674e-01
0.000000000e+00,8.411000000e-01,4.554826230e-01
0.000000000e+00,8.511000000e-01,4.611327715e-01
0.000000000e+00,8.611000000e-01,4.667815680e-01
0.000000000e+00,8.711000000e-01,4.724290659e-01
0.000000000e+00,8.811000000e-01,4.780753164e-01
0.000000000e+00,8.911000000e-01,4.837203687e-01
0.000000000e+00,9.011000000e-01,4.893642704e-01
0.000000000e+00,9.111000000e-01,4.950070670e-01
0.000000000e+00,9.211000000e-01,5.006488022e-01
0.000000000e+00,9.311000000e-01,5.062895184e-01
0.000000000e+00,9.411000000e-01,5.119292560e-01
0.000000000e+00,9.511000000e-01,5.175680540e-01
0.000000000e+00,9.611000000e-01,5.232059497e-01
0.000000000e+00,9.711000000e-01,5.288429792e-01
0.000000000e+00,9.811000000e-01,5.344791771e-01
0.000000000e+00,9.911000000e-01,5.401145765e-01
0.000000000e+00,1.001100000e+00,5.457492093e-01
0.000000000e+00,1.011100000e+00,5.513831063e-01
0.000000000e+00,1.021100000e+00,5.570162968e-01
0.000000000e+00,1.031100000e+00,5.626488092e-01
0.000000000e+00,1.041100000e+00,5.682806705e-01
0.000000000e+00,1.051100000e+00,5.739119069e-01
0.000000000e+00,1.061100000e+00,5.795425434e-01
0.000000000e+00,1.071100000e+00,5.851726041e-01
0.000000000e+00,1.081100000e+00,5.908021122e-01
0.000000000e+00,1.091100000e+00,5.964310897e-01
0.000000000e+00,1.101100000e+00,6.020595579e-01
0.000000000e+00,1.111100000e+00,6.076875374e-01
0.000000000e+00,1.121100000e+00,6.133150478e-01
0.000000000e+00,1.131100000e+00,6.189421079e-01
0.000000000e+00,1.141100000e+00,6.245687358e-01
0.000000000e+00,1.151100000e+00,6.301949489e-01
0.000000000e+00,1.161100000e+00,6.358207639e-01
0.000000000e+00,1.171100000e+00,6.414461968e-01
0.000000000e+00,1.181100000e+00,6.470712629e-01
0.000000000e+00,1.191100000e+00,6.526959771e-01
0.000000000e+00,1.201100000e+00,6.583203535e-01
0.000000000e+00,1.211100000e+00,6.639444057e-01
0.000000000e+00,1.221100000e+00,6.695681468e-01
0.000000000e+00,1.231100000e+00,6.751915892e-01
0.000000000e+00,1.241100000e+00,6.808147450e-01
0.000000000e+00,1.251100000e+00,6.864376258e-01
0.000000000e+00,1.261100000e+00,6.920602427e-01
0.000000000e+00,1.271100000e+00,6.976826062e-01
0.000000000e+00,1.281100000e+00,7.033047266e-01
0.000000000e+00,1.291100000e+00,7.089266137e-01
0.000000000e+00,1.301100000e+00,7.145482768e-01
0.000000000e+00,1.311100000e+00,7.201697251e-01
0.000000000e+00,1.321100000e+00,7.257909672e-01
0.000000000e+00,1.331100000e+00,7.314120114e-01
0.000000000e+00,1.341100000e+00,7.370328656e-01
0.000000000e+00,1.351100000e+00,7.426535376e-01
0.000000000e+00,1.361100000e+00,7.482740347e-01
0.000000000e+00,1.371100000e+00,7.538943639e-01
0.000000000e+00,1.381100000e+00,7.595145320e-01
0.000000000e+00,1.391100000e+00,7.651345456e-01
0.000000000e+00,1.401100000e+00,7.707544108e-01
0.000000000e+00,1.411100000e+00,7.763741336e-01
0.000000000e+00,1.421100000e+00,7.819937198e-01
0.000000000e+00,1.431100000e+00,7.876131749e-01
0.000000000e+00,1.441100000e+00,7.932325042e-01
0.000000000e+00,1.451100000e+00,7.988517127e-01
0.000000000e+00,1.461100000e+00,8.044708054e-01
0.000000000e+00,1.471100000e+00,8.100897869e-01
0.000000000e+00,1.481100000e+00,8.157086617e-01
0.000000000e+00,1.491100000e+00,8.213274341e-01
0.000000000e+00,1.501100000e+00,8.269461082e-01
0.000000000e+00,1.511100000e+00,8.325646881e-01
0.000000000e+00,1.521100000e+00,8.381831774e-01
0.000000000e+00,1.531100000e+00,8.438015799e-01
0.000000000e+00,1.541100000e+00,8.494198991e-01
0.000000000e+00,1.551100000e+00,8.550381383e-01
0.000000000e+00,1.561100000e+00,8.606563008e-01
0.000000000e+00,1.571100000e+00,8.662743897e-01
0.000000000e+00,1.581100000e+00,8.718924079e-01
0.000000000e+00,1.591100000e+00,8.775103583e-01
0.000000000e+00,1.601100000e+00,8.831282436e-01
0.000000000e+00,1.611100000e+00,8.887460665e-01
0.000000000e+00,1.621100000e+00,8.943638295e-01
0.000000000e+00,1.631100000e+00,8.999815350e-01
0.000000000e+00,1.641100000e+00,9.055991853e-01
0.000000000e+00,1.651100000e+00,9.112167827e-01
0.000000000e+00,1.661100000e+00,9.168343292e-01
0.000000000e+00,1.671100000e+00,9.224518270e-01
0.000000000e+00,1.681100000e+00,9.280692780e-01
0.000000000e+00,1.691100000e+00,9.336866840e-01
0.000000000e+00,1.701100000e+00,9.393040470e-01
0.000000000e+00,1.711100000e+00,9.449213687e-01
0.000000000e+00,1.721100000e+00,9.505386506e-01
0.000000000e+00,1.731100000e+00,9.561558945e-01
0.000000000e+00,1.741100000e+00,9.617731018e-01
0.000000000e+00,1.751100000e+00,9.673902741e-01
0.000000000e+00,1.761100000e+00,9.730074127e-01
0.000000000e+00,1.771100000e+00,9.786245191e-01
0.000000000e+00,1.781100000e+00,9.842415944e-01
0.000000000e+00,1.791100000e+00,9.898586400e-01
0.000000000e+00,1.801100000e+00,9.954756571e-01
0.000000000e+00,1.811100000e+00,1.001092647e+00
0.000000000e+00,1.821100000e+00,1.006709610e+00
0.000000000e+00,1.831100000e+00,1.012326548e+00
0.000000000e+00,1.841100000e+00,1.017943462e+00
0.000000000e+00,1.851100000e+00,1.023560353e+00
0.000000000e+00,1.861100000e+00,1.029177222e+00
0.000000000e+00,1.871100000e+00,1.034794069e+00
0.000000000e+00,1.881100000e+00,1.040410896e+00
0.000000000e+00,1.891100000e+00,1.046027703e+00
0.000000000e+00,1.901100000e+00,1.051644491e+00
0.000000000e+00,1.911100000e+00,1.057261261e+00
0.000000000e+00,1.921100000e+00,1.062878013e+00
0.000000000e+00,1.931100000e+00,1.068494749e+00
0.000000000e+00,1.941100000e+00,1.074111469e+00
0.000000000e+00,1.951100000e+00,1.079728173e+00
0.000000000e+00,1.961100000e+00,1.085344863e+00
0.000000000e+00,1.971100000e+00,1.090961538e+00
0.000000000e+00,1.981100000e+00,1.096578200e+00
0.000000000e+00,1.991100000e+00,1.102194849e+00
0.000000000e+00,2.001100000e+00,1.107811486e+00
0.000000000e+00,2.011100000e+00,1.113428110e+00
0.000000000e+00,2.021100000e+00,1.119044723e+00
0.000000000e+00,2.031100000e+00,1.124661325e+00
0.000000000e+00,2.041100000e+00,1.130277916e+00
0.000000000e+00,2.051100000e+00,1.135894497e+00
0.000000000e+00,2.061100000e+00,1.141511069e+00
0.000000000e+00,2.071100000e+00,1.147127631e+00
0.000000000e+00,2.081100000e+00,1.152744183e+00
0.000000000e+00,2.091100000e+00,1.158360728e+00
0.000000000e+00,2.101100000e+00,1.163977264e+00
0.000000000e+00,2.111100000e+00,1.169593792e+00
0.000000000e+00,2.121100000e+00,1.175210312e+00
0.000000000e+00,2.131100000e+00,1.180826826e+00
0.000000000e+00,2.141100000e+00,1.186443332e+00
0.000000000e+00,2.151100000e+00,1.192059831e+00
0.000000000e+00,2.161100000e+00,1.197676324e+00
0.000000000e+00,2.171100000e+00,1.203292811e+00
0.000000000e+00,2.181100000e+00,1.208909292e+00
0.000000000e+00,2.191100000e+00,1.214525767e+00
0.000000000e+00,2.201100000e+00,1.220142236e+00
0.000000000e+00,2.211100000e+00,1.225758701e+00
0.000000000e+00,2.221100000e+00,1.231375160e+00
0.000000000e+00,2.231100000e+00,1.236991614e+00
0.000000000e+00,2.241100000e+00,1.242608064e+00
0.000000000e+00,2.251100000e+00,1.248224509e+00
0.000000000e+00,2.261100000e+00,1.253840950e+00
0.000000000e+00,2.271100000e+00,1.259457387e+00
0.000000000e+00,2.281100000e+00,1.265073820e+00
0.000000000e+00,2.291100000e+00,1.270690250e+00
0.000000000e+00,2.301100000e+00,1.276306675e+00
5.000000000e-01,0.000000000e+00,0.000000000e+00
5.000000000e-01,1.010000000e-02,1.134245913e-03
5.000000000e-01,2.110000000e-02,4.771541777e-03
5.000000000e-01,3.110000000e-02,9.323441067e-03
5.000000000e-01,4.110000000e-02,1.482676043e-02
5.000000000e-01,5.110000000e-02,2.113687963e-02
5.000000000e-01,6.110000000e-02,2.813204262e-02
5.000000000e-01,7.110000000e-02,3.570939729e-02
5.000000000e-01,8.110000000e-02,4.378186200e-02
5.000000000e-01,9.110000000e-02,5.227558413e-02
5.000000000e-01,1.011000000e-01,6.112784823e-02
5.000000000e-01,1.111000000e-01,7.028533829e-02
5.000000000e-01,1.211000000e-01,7.970268533e-02
5.000000000e-01,1.311000000e-01,8.934124853e-02
5.000000000e-01,1.411000000e-01,9.916808946e-02
5.000000000e-01,1.511000000e-01,1.091551072e-01
5.000000000e-01,1.611000000e-01,1.192783082e-01
5.000000000e-01,1.711000000e-01,1.295171893e-01
5.000000000e-01,1.811000000e-01,1.398542157e-01
5.000000000e-01,1.911000000e-01,1.502743804e-01
5.000000000e-01,2.011000000e-01,1.607648301e-01
5.000000000e-01,2.111000000e-01,1.713145491e-01
5.000000000e-01,2.211000000e-01,1.819140914e-01
5.000000000e-01,2.311000000e-01,1.925553536e-01
5.000000000e-01,2.411000000e-01,2.032313814e-01
5.000000000e-01,2.511000000e-01,2.139362066e-01
5.000000000e-01,2.611000000e-01,2.246647069e-01
5.000000000e-01,2.711000000e-01,2.354124873e-01
5.000000000e-01,2.811000000e-01,2.461757788e-01
5.000000000e-01,2.911000000e-01,2.569513514e-01
5.000000000e-01,3.011000000e-01,2.677364403e-01
5.000000000e-01,3.111000000e-01,2.785286818e-01
5.000000000e-01,3.211000000e-01,2.893260590e-01
5.000000000e-01,3.311000000e-01,3.001268544e-01
5.000000000e-01,3.411000000e-01,3.109296098e-01
5.000000000e-01,3.511000000e-01,3.217330906e-01
5.000000000e-01,3.611000000e-01,3.325362563e-01
5.000000000e-01,3.711000000e-01,3.433382338e-01
5.000000000e-01,3.811000000e-01,3.541382949e-01
5.000000000e-01,3.911000000e-01,3.649358367e-01
5.000000000e-01,4.011000000e-01,3.757303643e-01
5.000000000e-01,4.111000000e-01,3.865214763e-01
5.000000000e-01,4.211000000e-01,3.973088514e-01
5.000000000e-01,4.311000000e-01,4.080922379e-01
5.000000000e-01,4.411000000e-01,4.188714433e-01
5.000000000e-01,4.511000000e-01,4.296463260e-01
5.000000000e-01,4.611000000e-01,4.404167884e-01
5.000000000e-01,4.711000000e-01,4.511827696e-01
5.000000000e-01,4.811000000e-01,4.619442406e-01
5.000000000e-01,4.911000000e-01,4.727011990e-01
5.000000000e-01,5.011000000e-01,4.834536652e-01
5.000000000e-01,5.111000000e-01,4.942016781e-01
5.000000000e-01,5.211000000e-01,5.049452926e-01
5.000000000e-01,5.311000000e-01,5.156845765e-01
5.000000000e-01,5.411000000e-01,5.264196081e-01
5.000000000e-01,5.511000000e-01,5.371504743e-01
5.000000000e-01,5.611000000e-01,5.478772688e-01
5.000000000e-01,5.711000000e-01,5.586000905e-01
5.000000000e-01,5.811000000e-01,5.693190421e-01
5.000000000e-01,5.911000000e-01,5.800342293e-01
5.000000000e-01,6.011000000e-01,5.907457596e-01
5.000000000e-01,6.111000000e-01,6.014537413e-01
5.000000000e-01,6.211000000e-01,6.121582833e-01
5.000000000e-01,6.311000000e-01,6.228594942e-01
5.000000000e-01,6.411000000e-01,6.335574816e-01
5.000000000e-01,6.511000000e-01,6.442523522e-01
5.000000000e-01,6.611000000e-01,6.549442112e-01
5.000000000e-01,6.711000000e-01,6.656331619e-01
5.000000000e-01,6.811000000e-01,6.763193055e-01
5.000000000e-01,6.911000000e-01,6.870027412e-01
5.000000000e-01,7.011000000e-01,6.976835659e-01
5.000000000e-01,7.111000000e-01,7.083618738e-01
5.000000000e-01,7.211000000e-01,7.190377569e-01
5.000000000e-01,7.311000000e-01,7.297113044e-01
5.000000000e-01,7.411000000e-01,7.403826030e-01
5.000000000e-01,7.511000000e-01,7.510517368e-01
5.000000000e-01,7.611000000e-01,7.617187871e-01
5.000000000e-01,7.711000000e-01,7.723838328e-01
5.000000000e-01,7.811000000e-01,7.830469502e-01
5.000000000e-01,7.911000000e-01,7.937082130e-01
5.000000000e-01,8.011000000e-01,8.043676923e-01
5.000000000e-01,8.111000000e-01,8.150254570e-01
5.000000000e-01,8.211000000e-01,8.256815733e-01
5.000000000e-01,8.311000000e-01,8.363361053e-01
5.000000000e-01,8.411000000e-01,8.469891145e-01
5.000000000e-01,8.511000000e-01,8.576406606e-01
5.000000000e-01,8.611000000e-01,8.682908006e-01
5.000000000e-01,8.711000000e-01,8.789395897e-01
5.000000000e-01,8.811000000e-01,8.895870812e-01
5.000000000e-01,8.911000000e-01,9.002333260e-01
5.000000000e-01,9.011000000e-01,9.108783733e-01
5.000000000e-01,9.111000000e-01,9.215222706e-01
5.000000000e-01,9.211000000e-01,9.321650632e-01
5.000000000e-01,9.311000000e-01,9.428067950e-01
5.000000000e-01,9.411000000e-01,9.534475080e-01
5.000000000e-01,9.511000000e-01,9.640872428e-01
5.000000000e-01,9.611000000e-01,9.747260382e-01
5.000000000e-01,9.711000000e-01,9.853639317e-01
5.000000000e-01,9.811000000e-01,9.960009592e-01
5.000000000e-01,9.911000000e-01,1.006637155e+00
5.000000000e-01,1.001100000e+00,1.017272553e+00
5.000000000e-01,1.011100000e+00,1.027907184e+00
5.000000000e-01,1.021100000e+00,1.038541080e+00
5.000000000e-01,1.031100000e+00,1.049174269e+00
5.000000000e-01,1.041100000e+00,1.059806780e+00
5.000000000e-01,1.051100000e+00,1.070438640e+00
5.000000000e-01,1.061100000e+00,1.081069876e+00
5.000000000e-01,1.071100000e+00,1.091700511e+00
5.000000000e-01,1.081100000e+00,1.102330571e+00
5.000000000e-01,1.091100000e+00,1.112960078e+00
5.000000000e-01,1.101100000e+00,1.123589055e+00
5.000000000e-01,1.111100000e+00,1.134217522e+00
5.000000000e-01,1.121100000e+00,1.144845501e+00
5.000000000e-01,1.131100000e+00,1.155473011e+00
5.000000000e-01,1.141100000e+00,1.166100070e+00
5.000000000e-01,1.151100000e+00,1.176726698e+00
5.000000000e-01,1.161100000e+00,1.187352910e+00
5.000000000e-01,1.171100000e+00,1.197978725e+00
5.000000000e-01,1.181100000e+00,1.208604157e+00
5.000000000e-01,1.191100000e+00,1.219229223e+00
5.000000000e-01,1.201100000e+00,1.229853936e+00
5.000000000e-01,1.211100000e+00,1.240478312e+00
5.000000000e-01,1.221100000e+00,1.251102364e+00
5.000000000e-01,1.231100000e+00,1.261726105e+00
5.000000000e-01,1.241100000e+00,1.272349547e+00
5.000000000e-01,1.251100000e+00,1.282972702e+00
5.000000000e-01,1.261100000e+00,1.293595583e+00
5.000000000e-01,1.271100000e+00,1.304218199e+00
5.000000000e-01,1.281100000e+00,1.314840562e+00
5.000000000e-01,1.291100000e+00,1.325462682e+00
5.000000000e-01,1.301100000e+00,1.336084569e+00
5.000000000e-01,1.311100000e+00,1.346706232e+00
5.000000000e-01,1.321100000e+00,1.357327680e+00
5.000000000e-01,1.331100000e+00,1.367948922e+00
5.000000000e-01,1.341100000e+00,1.378569966e+00
5.000000000e-01,1.351100000e+00,1.389190820e+00
5.000000000e-01,1.361100000e+00,1.399811492e+00
5.000000000e-01,1.371100000e+00,1.410431988e+00
5.000000000e-01,1.381100000e+00,1.421052317e+00
5.000000000e-01,1.391100000e+00,1.431672485e+00
5.000000000e-01,1.401100000e+00,1.442292499e+00
5.000000000e-01,1.411100000e+00,1.452912364e+00
5.000000000e-01,1.421100000e+00,1.463532086e+00
5.000000000e-01,1.431100000e+00,1.474151672e+00
5.000000000e-01,1.441100000e+00,1.484771127e+00
5.000000000e-01,1.451100000e+00,1.495390456e+00
5.000000000e-01,1.461100000e+00,1.506009665e+00
5.000000000e-01,1.471100000e+00,1.516628757e+00
5.000000000e-01,1.481100000e+00,1.527247739e+00
5.000000000e-01,1.491100000e+00,1.537866613e+00
5.000000000e-01,1.501100000e+00,1.548485386e+00
5.000000000e-01,1.511100000e+00,1.559104060e+00
5.000000000e-01,1.521100000e+00,1.569722639e+00
5.000000000e-01,1.531100000e+00,1.580341129e+00
5.000000000e-01,1.541100000e+00,1.590959531e+00
5.000000000e-01,1.551100000e+00,1.601577850e+00
5.000000000e-01,1.561100000e+00,1.612196089e+00
5.000000000e-01,1.571100000e+00,1.622814252e+00
5.000000000e-01,1.581100000e+00,1.633432340e+00
5.000000000e-01,1.591100000e+00,1.644050358e+00
5.000000000e-01,1.601100000e+00,1.654668309e+00
5.000000000e-01,1.611100000e+00,1.665286194e+00
5.000000000e-01,1.621100000e+00,1.675904017e+00
5.000000000e-01,1.631100000e+00,1.686521780e+00
5.000000000e-01,1.641100000e+00,1.697139485e+00
5.000000000e-01,1.651100000e+00,1.707757135e+00
5.000000000e-01,1.661100000e+00,1.718374733e+00
5.000000000e-01,1.671100000e+00,1.728992279e+00
5.000000000e-01,1.681100000e+00,1.739609777e+00
5.000000000e-01,1.691100000e+00,1.750227228e+00
5.000000000e-01,1.701100000e+00,1.760844634e+00
5.000000000e-01,1.711100000e+00,1.771461997e+00
5.000000000e-01,1.721100000e+00,1.782079318e+00
5.000000000e-01,1.731100000e+00,1.792696600e+00
5.000000000e-01,1.741100000e+00,1.803313844e+00
5.000000000e-01,1.751100000e+00,1.813931051e+00
5.000000000e-01,1.761100000e+00,1.824548224e+00
5.000000000e-01,1.771100000e+00,1.835165362e+00
5.000000000e-01,1.781100000e+00,1.845782469e+00
5.000000000e-01,1.791100000e+00,1.856399544e+00
5.000000000e-01,1.801100000e+00,1.867016589e+00
5.000000000e-01,1.811100000e+00,1.877633606e+00
5.000000000e-01,1.821100000e+00,1.888250596e+00
5.000000000e-01,1.831100000e+00,1.898867560e+00
5.000000000e-01,1.841100000e+00,1.909484498e+00
5.000000000e-01,1.851100000e+00,1.920101412e+00
5.000000000e-01,1.861100000e+00,1.930718302e+00
5.000000000e-01,1.871100000e+00,1.941335171e+00
5.000000000e-01,1.881100000e+00,1.951952018e+00
5.000000000e-01,1.891100000e+00,1.962568845e+00
5.000000000e-01,1.901100000e+00,1.973185652e+00
5.000000000e-01,1.911100000e+00,1.983802440e+00
5.000000000e-01,1.921100000e+00,1.994419210e+00
5.000000000e-01,1.931100000e+00,2.005035962e+00
5.000000000e-01,1.941100000e+00,2.015652698e+00
5.000000000e-01,1.951100000e+00,2.026269418e+00
5.000000000e-01,1.961100000e+00,2.036886122e+00
5.000000000e-01,1.971100000e+00,2.047502812e+00
5.000000000e-01,1.981100000e+00,2.058119487e+00
5.000000000e-01,1.991100000e+00,2.068736149e+00
5.000000000e-01,2.001100000e+00,2.079352798e+00
5.000000000e-01,2.011100000e+00,2.089969435e+00
5.000000000e-01,2.021100000e+00,2.100586059e+00
5.000000000e-01,2.031100000e+00,2.111202672e+00
5.000000000e-01,2.041100000e+00,2.121819274e+00
5.000000000e-01,2.051100000e+00,2.132435865e+00
5.000000000e-01,2.061100000e+00,2.143052446e+00
5.000000000e-01,2.071100000e+00,2.153669017e+00
5.000000000e-01,2.081100000e+00,2.164285579e+00
5.000000000e-01,2.091100000e+00,2.174902132e+00
5.000000000e-01,2.101100000e+00,2.185518677e+00
5.000000000e-01,2.111100000e+00,2.196135213e+00
5.000000000e-01,2.121100000e+00,2.206751741e+00
5.000000000e-01,2.131100000e+00,2.217368261e+00
5.000000000e-01,2.141100000e+00,2.227984774e+00
5.000000000e-01,2.151100000e+00,2.238601280e+00
