N,seed,outcome,exit_time,simulated_time,wall_time_s,wall_over_sim,mean_dt,min_dt,newton_failures,max_abs_u
1,0,fall,7.461000000e+00,7.461000000e+00,1.189122689e+02,1.593784598e+01,9.752941176e-03,1.000000000e-04,0,1.580891994e+00
1,1,fall,2.061000000e+00,2.061000000e+00,3.981051400e+01,1.931611548e+01,9.160000000e-03,1.000000000e-04,0,1.468696627e+00
1,2,fall,1.981000000e+00,1.981000000e+00,4.008156646e+01,2.023299670e+01,9.129032258e-03,1.000000000e-04,0,1.443024258e+00
2,0,rise,1.806100000e+01,1.806100000e+01,5.135205833e+02,2.843256649e+01,9.896438356e-03,1.000000000e-04,0,1.661051200e+00
2,1,fall,1.791000000e+00,1.791000000e+00,8.710939825e+01,4.863729662e+01,9.045454545e-03,1.000000000e-04,0,1.650915171e+00
2,2,fall,1.771000000e+00,1.771000000e+00,9.025202775e+01,5.096105463e+01,9.035714286e-03,1.000000000e-04,0,1.402439864e+00
4,0,fall,6.211000000e+00,6.211000000e+00,4.124486416e+02,6.640615708e+01,9.704687500e-03,1.000000000e-04,0,1.368513191e+00
4,1,fall,2.611000000e+00,2.611000000e+00,2.244355905e+02,8.595771373e+01,9.325000000e-03,1.000000000e-04,0,1.814638393e+00
4,2,fall,1.731000000e+00,1.731000000e+00,1.803642768e+02,1.041965782e+02,9.015625000e-03,1.000000000e-04,0,1.592660264e+00
8,0,fall,7.021000000e+00,7.021000000e+00,9.564908247e+02,1.362328478e+02,9.737864078e-03,1.000000000e-04,0,1.424723148e+00
8,1,fall,2.691000000e+00,2.691000000e+00,4.579416660e+02,1.701752754e+02,9.343750000e-03,1.000000000e-04,0,1.755875842e+00
8,2,fall,1.731000000e+00,1.731000000e+00,3.435862074e+02,1.984900101e+02,9.015625000e-03,1.000000000e-04,0,1.621258370e+00
