t,dR_over_L,dshape_over_L
1.000200000e-01,1.742892429e-03,2.286452781e-03
2.000100000e-01,1.228606222e-03,1.740660318e-03
3.000000000e-01,8.657396331e-04,1.234777345e-03
4.000200000e-01,6.026020201e-04,8.152725578e-04
5.000100000e-01,4.087947323e-04,5.286919058e-04
6.000000000e-01,2.725926241e-04,3.426563013e-04
7.000200000e-01,1.801977417e-04,2.226859192e-04
8.000100000e-01,1.186784984e-04,1.451520408e-04
9.000000000e-01,7.803002129e-05,9.482702886e-05
1.000020000e+00,5.125787727e-05,6.203797081e-05
1.100010000e+00,3.366261955e-05,4.063776522e-05
1.200000000e+00,2.210271508e-05,2.663809502e-05
1.300020000e+00,1.450897522e-05,1.746713716e-05
1.400010000e+00,9.524698547e-06,1.145849022e-05
1.500030000e+00,6.251601354e-06,7.517357299e-06
1.600020000e+00,4.103682251e-06,4.933046142e-06
1.700010000e+00,2.693693255e-06,3.237447314e-06
1.800030000e+00,1.767918836e-06,2.124515300e-06
1.900020000e+00,1.160453005e-06,1.394400819e-06
2.000010000e+00,7.617108849e-07,9.152202400e-07
