N,m_mg,q_nC,wc_numeric,wc_analytic,rel_err_pct
1,1.000000000e-01,0.000000000e+00,2.183975064e-01,2.170228538e-01,6.334137715e-01
1,1.000000000e-01,6.000000000e-01,-7.697360885e-01,-7.665486120e-01,4.158218363e-01
1,1.000000000e+00,0.000000000e+00,2.180632740e+00,2.170228538e+00,4.794058321e-01
1,1.000000000e+00,6.000000000e-01,1.192512777e+00,1.186657072e+00,4.934622561e-01
1,1.000000000e+01,0.000000000e+00,2.179867222e+01,2.170228538e+01,4.441322240e-01
1,1.000000000e+01,6.000000000e-01,2.081074909e+01,2.071871391e+01,4.442127787e-01
2,1.000000000e-01,0.000000000e+00,1.137602222e-01,1.128331140e-01,8.216631946e-01
2,1.000000000e-01,6.000000000e-01,-8.821913606e-01,-9.099110753e-01,3.046420193e+00
2,1.000000000e+00,0.000000000e+00,1.134150895e+00,1.128331140e+00,5.157842878e-01
2,1.000000000e+00,6.000000000e-01,1.058079724e-01,1.055869507e-01,2.093266669e-01
2,1.000000000e+01,0.000000000e+00,1.133693206e+01,1.128331140e+01,4.752209758e-01
2,1.000000000e+01,6.000000000e-01,1.025902547e+01,1.026056721e+01,1.502585040e-02
4,1.000000000e-01,0.000000000e+00,5.823685171e-02,5.756283519e-02,1.170923079e+00
4,1.000000000e-01,6.000000000e-01,-9.086367591e-01,-9.859615898e-01,7.842580432e+00
4,1.000000000e+00,0.000000000e+00,5.788516861e-01,5.756283519e-01,5.599679446e-01
4,1.000000000e+00,6.000000000e-01,-4.581867531e-01,-4.678960732e-01,2.075101855e+00
4,1.000000000e+01,0.000000000e+00,5.784721498e+00,5.756283519e+00,4.940336896e-01
4,1.000000000e+01,6.000000000e-01,4.683766533e+00,4.712759094e+00,6.151929171e-01
8,1.000000000e-01,0.000000000e+00,2.961613164e-02,2.907681061e-02,1.854814947e+00
8,1.000000000e-01,6.000000000e-01,-8.978745651e-01,-1.025157644e+00,1.241595177e+01
8,1.000000000e+00,0.000000000e+00,2.926087362e-01,2.907681061e-01,6.330233795e-01
8,1.000000000e+00,6.000000000e-01,-7.080286534e-01,-7.634663482e-01,7.261314791e+00
8,1.000000000e+01,0.000000000e+00,2.922475009e+00,2.907681061e+00,5.087885593e-01
8,1.000000000e+01,6.000000000e-01,1.820856970e+00,1.853446606e+00,1.758326136e+00
