sigma_w,x,U0,K,M,n_up,n_down,n_timeout,P,P_lo,P_hi,P_dd
1.500000000e-01,-4,-3.000000000e-01,1.500000000e-01,2000,0,2000,0,0.000000000e+00,1.084202172e-19,1.917047281e-03,3.205860328e-02
1.500000000e-01,-2,-1.500000000e-01,1.500000000e-01,2000,10,1990,0,5.000000000e-03,2.718180858e-03,9.179695950e-03,1.015363241e-01
1.500000000e-01,-1,-7.500000000e-02,1.500000000e-01,2000,103,1885,12,5.181086519e-02,4.290322256e-02,6.244725998e-02,1.652961767e-01
1.500000000e-01,0,0.000000000e+00,1.500000000e-01,2000,650,1287,63,3.355704698e-01,3.148861411e-01,3.569057010e-01,2.500000000e-01
1.500000000e-01,1,7.500000000e-02,1.500000000e-01,2000,1502,461,37,7.651553744e-01,7.458964250e-01,7.833785683e-01,3.499320088e-01
1.500000000e-01,2,1.500000000e-01,1.500000000e-01,2000,1898,98,4,9.509018036e-01,9.405261286e-01,9.595452206e-01,4.550542339e-01
1.500000000e-01,4,3.000000000e-01,1.500000000e-01,2000,2000,0,0,1.000000000e+00,9.980829527e-01,1.000000000e+00,6.439142599e-01
3.000000000e-01,-4,-6.000000000e-01,3.000000000e-01,2000,0,2000,0,0.000000000e+00,1.084202172e-19,1.917047281e-03,3.205860328e-02
3.000000000e-01,-2,-3.000000000e-01,3.000000000e-01,2000,10,1990,0,5.000000000e-03,2.718180858e-03,9.179695950e-03,1.015363241e-01
3.000000000e-01,-1,-1.500000000e-01,3.000000000e-01,2000,100,1900,0,5.000000000e-02,4.128123362e-02,6.044410893e-02,1.652961767e-01
3.000000000e-01,0,0.000000000e+00,3.000000000e-01,2000,722,1276,2,3.613613614e-01,3.405815569e-01,3.826732506e-01,2.500000000e-01
3.000000000e-01,1,1.500000000e-01,3.000000000e-01,2000,1556,444,0,7.780000000e-01,7.592629744e-01,7.956711473e-01,3.499320088e-01
3.000000000e-01,2,3.000000000e-01,3.000000000e-01,2000,1906,94,0,9.530000000e-01,9.428245575e-01,9.614385976e-01,4.550542339e-01
3.000000000e-01,4,6.000000000e-01,3.000000000e-01,2000,1998,2,0,9.990000000e-01,9.963610657e-01,9.997257211e-01,6.439142599e-01
