# commit=432ac9cebd8013bd9d3bf7f6d10ecbd5bb56e30b date=2026-10-04T22:46:49 config=phase net=star s_Bany=0.767365 impact=(0.50,0.00) B_bind=(0.25,0) n_broken=1 code_dirty=false
seg,parent,x1,y1,x2,y2,broken,t_break,break_order,drone_x_break,drone_y_break
0,0,0,0,1,0,True,0.0200096,1,0.512396,-3.26896e-19
1,1,0,0,0.707107,0.707107,False,,,,
2,2,0,0,6.12323e-17,1,False,,,,
3,3,0,0,-0.707107,0.707107,False,,,,
4,4,0,0,-1,1.22465e-16,False,,,,
5,5,0,0,-0.707107,-0.707107,False,,,,
6,6,0,0,-1.83697e-16,-1,False,,,,
7,7,0,0,0.707107,-0.707107,False,,,,
