N,sigma_w,x,i,seed,Fbar_l,split,outcome,exit_time,R_over_L_mean,R_over_L_std,wall_time_s
4,3.000000000e-01,0,3,45661047,1.000000000e+00,main,fall,2.971000000e+00,1.498204746e-01,3.917125832e-02,8.612009708e+01
4,3.000000000e-01,0,4,1674967418,1.000000000e+00,main,fall,5.741000000e+00,1.667044699e-01,2.853241906e-02,1.679248063e+02
4,3.000000000e-01,0,10,2132528127,1.000000000e+00,main,fall,3.381000000e+00,1.458190645e-01,3.626313108e-02,8.752193429e+01
4,3.000000000e-01,0,6,931872834,1.000000000e+00,main,rise,6.451000000e+00,1.709814739e-01,3.776507627e-02,1.778437818e+02
4,3.000000000e-01,0,5,1213734107,1.000000000e+00,main,fall,7.181000000e+00,1.503487752e-01,2.870703445e-02,1.944967833e+02
4,3.000000000e-01,0,9,179469721,1.000000000e+00,main,rise,8.041000000e+00,1.625727283e-01,4.551501387e-02,2.162509154e+02
4,3.000000000e-01,0,11,1061545017,1.000000000e+00,main,fall,2.371000000e+00,1.546709402e-01,4.689022298e-02,6.942363521e+01
4,3.000000000e-01,0,0,339833352,1.000000000e+00,main,fall,9.401000000e+00,1.838987560e-01,3.522246493e-02,2.400220348e+02
4,3.000000000e-01,0,14,1102473467,1.000000000e+00,main,fall,2.191000000e+00,1.346167967e-01,1.379992064e-02,5.783647413e+01
4,3.000000000e-01,0,16,1062638104,1.000000000e+00,main,fall,1.381000000e+00,2.305812590e-01,9.837302434e-02,4.352250721e+01
4,3.000000000e-01,0,15,1131410647,1.000000000e+00,main,fall,2.191000000e+00,1.935445504e-01,4.768878936e-02,6.675408725e+01
4,3.000000000e-01,0,18,885880643,1.000000000e+00,main,fall,1.511000000e+00,1.663251325e-01,1.777743314e-02,4.794437033e+01
4,3.000000000e-01,0,7,678498338,1.000000000e+00,main,rise,1.149100000e+01,1.462924621e-01,2.664492990e-02,3.223366162e+02
4,3.000000000e-01,0,17,187910422,1.000000000e+00,main,fall,2.891000000e+00,1.511947975e-01,2.433266702e-02,8.918246308e+01
4,3.000000000e-01,0,2,132665315,1.000000000e+00,main,fall,1.242100000e+01,1.616322524e-01,3.478532402e-02,3.346555502e+02
4,3.000000000e-01,0,24,739472534,1.000000000e+00,main,fall,2.511000000e+00,1.425809387e-01,1.290423903e-02,7.642547967e+01
4,3.000000000e-01,0,20,732017888,1.000000000e+00,main,fall,5.291000000e+00,1.819522836e-01,5.060598658e-02,1.363301951e+02
4,3.000000000e-01,0,19,1170718742,1.000000000e+00,main,fall,4.711000000e+00,1.625628583e-01,3.977261653e-02,1.407673396e+02
4,3.000000000e-01,0,23,1145815312,1.000000000e+00,main,fall,3.161000000e+00,1.391274671e-01,2.561302456e-02,9.536746550e+01
4,3.000000000e-01,0,1,1466364496,1.000000000e+00,main,rise,1.618100000e+01,1.527893793e-01,2.940959197e-02,4.806125407e+02
4,3.000000000e-01,0,12,620683916,1.000000000e+00,main,rise,1.122100000e+01,1.389721451e-01,3.124024841e-02,3.163962568e+02
4,3.000000000e-01,0,26,804087869,1.000000000e+00,main,fall,2.771000000e+00,1.756517049e-01,4.771021666e-02,7.242358729e+01
4,3.000000000e-01,0,28,1386420001,1.000000000e+00,main,rise,2.751000000e+00,1.767346850e-01,4.353214338e-02,8.346853671e+01
4,3.000000000e-01,0,29,17005748,1.000000000e+00,main,fall,1.031000000e+00,1.446649460e-01,2.331306717e-02,3.560574813e+01
4,3.000000000e-01,0,27,1619723203,1.000000000e+00,main,fall,3.561000000e+00,1.644701962e-01,2.406287530e-02,1.082415090e+02
4,3.000000000e-01,0,13,1777079074,1.000000000e+00,main,fall,1.220100000e+01,1.550922301e-01,2.778661159e-02,3.642182911e+02
4,3.000000000e-01,0,21,139494234,1.000000000e+00,main,fall,8.261000000e+00,1.580172924e-01,3.178771794e-02,2.468504568e+02
4,3.000000000e-01,0,34,1493162506,1.000000000e+00,main,fall,1.901000000e+00,1.615623216e-01,4.800557084e-02,5.932949662e+01
4,3.000000000e-01,0,35,1685351679,1.000000000e+00,main,fall,2.341000000e+00,1.700201038e-01,3.199128572e-02,6.202318892e+01
4,3.000000000e-01,0,32,1379056905,1.000000000e+00,main,fall,5.721000000e+00,1.462413029e-01,1.945075609e-02,1.715470417e+02
4,3.000000000e-01,0,22,832981357,1.000000000e+00,main,rise,1.351100000e+01,1.568738695e-01,2.808640237e-02,3.809838453e+02
4,3.000000000e-01,0,30,1508027845,1.000000000e+00,main,fall,7.231000000e+00,1.944525650e-01,6.582607107e-02,2.200461075e+02
4,3.000000000e-01,0,38,1045235098,1.000000000e+00,main,rise,5.231000000e+00,2.018951461e-01,3.867041845e-02,1.627026417e+02
4,3.000000000e-01,0,31,1347789331,1.000000000e+00,main,rise,1.096100000e+01,1.571206251e-01,4.289959567e-02,2.898454637e+02
4,3.000000000e-01,0,42,2013705725,1.000000000e+00,main,fall,1.511000000e+00,1.459091484e-01,1.876804539e-02,4.902212642e+01
4,3.000000000e-01,0,41,1258133298,1.000000000e+00,main,fall,5.421000000e+00,1.499510613e-01,3.022230828e-02,1.511392324e+02
4,3.000000000e-01,0,33,1803841957,1.000000000e+00,main,rise,1.172100000e+01,1.514646643e-01,3.149668157e-02,3.471339182e+02
4,3.000000000e-01,0,36,515130045,1.000000000e+00,main,rise,1.300100000e+01,1.513661936e-01,2.994555238e-02,3.651570677e+02
4,3.000000000e-01,0,8,1323129365,1.000000000e+00,main,fall,3.244100000e+01,1.590503741e-01,4.260024168e-02,9.124613108e+02
4,3.000000000e-01,0,25,1743082196,1.000000000e+00,main,fall,1.949100000e+01,1.701082268e-01,4.005111388e-02,5.654497180e+02
4,3.000000000e-01,0,37,2023801290,1.000000000e+00,main,rise,1.455100000e+01,1.524313413e-01,2.980379607e-02,4.112864343e+02
4,3.000000000e-01,0,46,883946860,1.000000000e+00,main,fall,5.731000000e+00,1.835362444e-01,5.389255969e-02,1.753919134e+02
4,3.000000000e-01,0,40,1915798537,1.000000000e+00,main,fall,1.250100000e+01,1.929976521e-01,5.662812403e-02,3.588485525e+02
4,3.000000000e-01,0,51,1776222107,1.000000000e+00,main,fall,8.610000000e-01,2.459655055e-01,9.304749366e-02,3.042183338e+01
4,3.000000000e-01,0,44,273908360,1.000000000e+00,main,fall,1.050100000e+01,1.545972482e-01,2.551923079e-02,3.152445361e+02
4,3.000000000e-01,0,52,2101102451,1.000000000e+00,main,rise,3.611000000e+00,1.552485006e-01,3.767417378e-02,9.954469592e+01
4,3.000000000e-01,0,50,311474336,1.000000000e+00,main,fall,5.971000000e+00,1.711126787e-01,4.939059511e-02,1.719715101e+02
4,3.000000000e-01,0,45,189931878,1.000000000e+00,main,rise,1.253100000e+01,1.603748784e-01,4.270356183e-02,3.624152419e+02
4,3.000000000e-01,0,47,1704471393,1.000000000e+00,main,fall,1.581100000e+01,1.623973207e-01,3.464440160e-02,4.263752938e+02
4,3.000000000e-01,0,57,512348630,1.000000000e+00,main,fall,6.151000000e+00,1.727809771e-01,4.180570812e-02,1.588910625e+02
4,3.000000000e-01,0,48,1646881417,1.000000000e+00,main,fall,1.657100000e+01,1.789015821e-01,4.979999577e-02,4.875137837e+02
4,3.000000000e-01,0,55,963764635,1.000000000e+00,main,rise,9.921000000e+00,1.708879269e-01,5.317920985e-02,2.776149113e+02
4,3.000000000e-01,0,61,481798847,1.000000000e+00,main,fall,9.310000000e-01,1.578342772e-01,5.246007981e-02,3.389709704e+01
4,3.000000000e-01,0,58,298317489,1.000000000e+00,main,rise,5.081000000e+00,1.441347670e-01,2.491873937e-02,1.563501222e+02
4,3.000000000e-01,0,54,1493890308,1.000000000e+00,main,rise,1.462100000e+01,1.730217032e-01,5.692476391e-02,4.057947215e+02
4,3.000000000e-01,0,63,1472711216,1.000000000e+00,main,fall,1.661000000e+00,1.579299199e-01,2.490223567e-02,5.003258633e+01
4,3.000000000e-01,0,39,1337678764,1.000000000e+00,main,rise,3.694100000e+01,1.639120217e-01,4.129331058e-02,9.614448517e+02
4,3.000000000e-01,0,65,616313891,1.000000000e+00,main,rise,5.011000000e+00,1.606941587e-01,3.971579717e-02,1.322327242e+02
4,3.000000000e-01,0,59,1097437789,1.000000000e+00,main,rise,1.029100000e+01,1.689156294e-01,5.235430041e-02,2.974883329e+02
4,3.000000000e-01,0,49,298932935,1.000000000e+00,main,fall,2.412100000e+01,1.704035041e-01,3.831472197e-02,7.051515458e+02
4,3.000000000e-01,0,56,1159071700,1.000000000e+00,main,fall,1.799100000e+01,1.666647695e-01,4.277078851e-02,5.283384770e+02
4,3.000000000e-01,0,43,513654105,1.000000000e+00,main,fall,3.625100000e+01,1.794363883e-01,5.124467659e-02,9.386309048e+02
4,3.000000000e-01,0,62,687029073,1.000000000e+00,main,fall,1.010100000e+01,1.963310163e-01,5.374369434e-02,3.229468418e+02
4,3.000000000e-01,0,68,285668664,1.000000000e+00,main,fall,4.351000000e+00,1.420689473e-01,2.523551930e-02,1.267443745e+02
4,3.000000000e-01,0,69,1504869848,1.000000000e+00,main,fall,6.351000000e+00,1.559050493e-01,3.578755630e-02,1.793560075e+02
4,3.000000000e-01,0,60,1990717845,1.000000000e+00,main,fall,1.728100000e+01,1.593028337e-01,3.456892958e-02,4.845941665e+02
4,3.000000000e-01,0,53,110399174,1.000000000e+00,main,fall,3.162100000e+01,1.679893165e-01,4.227584446e-02,8.452550921e+02
4,3.000000000e-01,0,64,822846536,1.000000000e+00,main,rise,1.321100000e+01,1.718290531e-01,4.766782803e-02,3.838616220e+02
4,3.000000000e-01,0,71,256286024,1.000000000e+00,main,rise,7.171000000e+00,1.441373531e-01,2.603779559e-02,2.178759804e+02
4,3.000000000e-01,0,70,1267397998,1.000000000e+00,main,rise,1.006100000e+01,1.705596913e-01,3.403620608e-02,2.692598750e+02
4,3.000000000e-01,0,77,1414430035,1.000000000e+00,main,fall,1.761000000e+00,2.139100609e-01,3.233046317e-02,5.739943879e+01
4,3.000000000e-01,0,75,1811262113,1.000000000e+00,main,fall,3.281000000e+00,1.548671088e-01,2.237444287e-02,1.023260052e+02
4,3.000000000e-01,0,78,1047447646,1.000000000e+00,main,rise,4.981000000e+00,1.700673726e-01,5.087448900e-02,1.452239735e+02
4,3.000000000e-01,0,74,78124011,1.000000000e+00,main,rise,8.191000000e+00,1.528315688e-01,2.508931412e-02,2.279820023e+02
4,3.000000000e-01,0,76,528749852,1.000000000e+00,main,rise,6.741000000e+00,1.829460021e-01,4.659174885e-02,1.971844765e+02
4,3.000000000e-01,0,72,1047027641,1.000000000e+00,main,rise,1.101100000e+01,1.558599157e-01,4.632172187e-02,3.165218353e+02
4,3.000000000e-01,0,67,176910305,1.000000000e+00,main,rise,1.586100000e+01,1.793469231e-01,6.008137350e-02,4.552209648e+02
4,3.000000000e-01,0,66,862719301,1.000000000e+00,main,rise,1.725100000e+01,1.667368524e-01,4.103207188e-02,4.968523741e+02
4,3.000000000e-01,0,79,1624238744,1.000000000e+00,main,fall,1.120100000e+01,1.766197234e-01,4.846332865e-02,2.965256284e+02
4,3.000000000e-01,0,86,1273185215,1.000000000e+00,main,rise,5.351000000e+00,2.033409122e-01,4.718522748e-02,1.484236500e+02
4,3.000000000e-01,0,87,1285186809,1.000000000e+00,main,fall,5.571000000e+00,1.788976890e-01,2.517579882e-02,1.685657769e+02
4,3.000000000e-01,0,73,1998736298,1.000000000e+00,main,rise,1.702100000e+01,1.674038762e-01,3.801924873e-02,5.184510504e+02
4,3.000000000e-01,0,88,278454093,1.000000000e+00,main,rise,3.951000000e+00,1.748179717e-01,4.442847051e-02,1.214065577e+02
4,3.000000000e-01,0,89,1483069282,1.000000000e+00,main,rise,3.921000000e+00,1.739070790e-01,5.334956221e-02,1.295774237e+02
4,3.000000000e-01,0,82,441034035,1.000000000e+00,main,fall,1.231100000e+01,1.721949629e-01,4.237531531e-02,3.342208634e+02
4,3.000000000e-01,0,84,945039324,1.000000000e+00,main,fall,1.248100000e+01,1.509988695e-01,2.867630199e-02,3.653520324e+02
4,3.000000000e-01,0,83,1975639864,1.000000000e+00,main,fall,1.292100000e+01,1.454605865e-01,2.342974161e-02,4.110608375e+02
4,3.000000000e-01,0,81,1320546438,1.000000000e+00,main,rise,1.786100000e+01,1.572641665e-01,4.230496413e-02,5.224445538e+02
4,3.000000000e-01,0,85,1974945141,1.000000000e+00,main,fall,1.311100000e+01,1.783436317e-01,5.423990981e-02,4.023053939e+02
4,3.000000000e-01,0,96,380695386,1.000000000e+00,main,fall,8.210000000e-01,1.875640381e-01,5.795477053e-02,2.938064558e+01
4,3.000000000e-01,0,91,128400580,1.000000000e+00,main,fall,9.171000000e+00,1.914185515e-01,5.607107285e-02,2.589609837e+02
4,3.000000000e-01,0,92,216728134,1.000000000e+00,main,rise,7.971000000e+00,1.715894792e-01,3.905354386e-02,2.197530151e+02
4,3.000000000e-01,0,93,723530366,1.000000000e+00,main,rise,8.121000000e+00,1.599531054e-01,3.286517692e-02,2.212194432e+02
4,3.000000000e-01,0,98,2028365447,1.000000000e+00,main,fall,4.361000000e+00,1.795344858e-01,6.457908517e-02,1.327815479e+02
4,3.000000000e-01,0,100,2107677553,1.000000000e+00,main,fall,5.221000000e+00,1.616897761e-01,2.933040552e-02,1.406000393e+02
4,3.000000000e-01,0,101,1047767068,1.000000000e+00,main,fall,4.921000000e+00,1.742760015e-01,3.342504553e-02,1.386662757e+02
4,3.000000000e-01,0,99,1774715856,1.000000000e+00,main,rise,8.091000000e+00,1.826796743e-01,4.273363202e-02,2.273007279e+02
4,3.000000000e-01,0,94,458557355,1.000000000e+00,main,fall,1.305100000e+01,1.747397176e-01,3.883738142e-02,3.551938543e+02
4,3.000000000e-01,0,102,1103296645,1.000000000e+00,main,rise,7.731000000e+00,1.510533722e-01,2.300281221e-02,2.344193281e+02
4,3.000000000e-01,0,103,1772500744,1.000000000e+00,main,fall,7.211000000e+00,1.536107243e-01,3.437557129e-02,2.221726569e+02
4,3.000000000e-01,0,95,775493762,1.000000000e+00,main,fall,1.590100000e+01,1.576631558e-01,4.151496553e-02,4.548699663e+02
4,3.000000000e-01,0,109,1570054769,1.000000000e+00,main,rise,2.871000000e+00,1.533275077e-01,3.017129459e-02,8.548836188e+01
4,3.000000000e-01,0,110,2066014550,1.000000000e+00,main,fall,2.491000000e+00,1.596224367e-01,4.547589611e-02,8.443467887e+01
4,3.000000000e-01,0,111,1505395596,1.000000000e+00,main,fall,2.171000000e+00,1.448810718e-01,3.693169923e-02,7.074366562e+01
4,3.000000000e-01,0,97,882538591,1.000000000e+00,main,rise,1.823100000e+01,1.881512739e-01,6.016860093e-02,5.308530618e+02
4,3.000000000e-01,0,106,396234142,1.000000000e+00,main,fall,1.110100000e+01,1.657796540e-01,4.181195246e-02,2.894301685e+02
4,3.000000000e-01,0,80,1744645909,1.000000000e+00,main,rise,3.891100000e+01,1.518127041e-01,3.003883224e-02,1.107095038e+03
4,3.000000000e-01,0,90,1392737937,1.000000000e+00,main,rise,2.741100000e+01,1.612026801e-01,3.674057113e-02,8.107106312e+02
4,3.000000000e-01,0,105,1861367250,1.000000000e+00,main,fall,1.382100000e+01,1.631642020e-01,2.500678655e-02,3.749277705e+02
4,3.000000000e-01,0,107,975675144,1.000000000e+00,main,fall,1.243100000e+01,1.554983299e-01,2.987636179e-02,3.521334496e+02
4,3.000000000e-01,0,113,92006487,1.000000000e+00,main,rise,3.261000000e+00,1.584973301e-01,3.441553402e-02,1.008299608e+02
4,3.000000000e-01,0,108,2064072361,1.000000000e+00,main,rise,1.019100000e+01,1.707807700e-01,4.998936774e-02,2.974783604e+02
4,3.000000000e-01,0,112,492202528,1.000000000e+00,main,rise,5.171000000e+00,1.452536127e-01,2.253545630e-02,1.606815973e+02
4,3.000000000e-01,0,104,1512356819,1.000000000e+00,main,rise,1.862100000e+01,1.652576174e-01,3.843965949e-02,4.831663280e+02
4,3.000000000e-01,0,116,1770540551,1.000000000e+00,main,rise,4.491000000e+00,1.597266700e-01,3.527119646e-02,1.364545067e+02
4,3.000000000e-01,0,121,847071933,1.000000000e+00,main,fall,2.541000000e+00,1.591265217e-01,2.364615382e-02,7.034957004e+01
4,3.000000000e-01,0,118,563391209,1.000000000e+00,main,fall,5.471000000e+00,1.901842713e-01,4.447204999e-02,1.422748157e+02
4,3.000000000e-01,0,125,742345062,1.000000000e+00,main,fall,1.681000000e+00,1.417062695e-01,1.968511826e-02,4.558146800e+01
4,3.000000000e-01,0,114,69688733,1.000000000e+00,main,fall,9.291000000e+00,1.610021057e-01,2.753287871e-02,2.512349457e+02
4,3.000000000e-01,0,122,1743161147,1.000000000e+00,main,fall,4.251000000e+00,1.530550244e-01,1.865237735e-02,1.185789450e+02
4,3.000000000e-01,0,117,501855409,1.000000000e+00,main,fall,7.131000000e+00,1.674695735e-01,4.596578515e-02,2.136465531e+02
4,3.000000000e-01,0,119,1076337240,1.000000000e+00,main,fall,7.451000000e+00,1.580377419e-01,3.594746523e-02,2.098789728e+02
4,3.000000000e-01,0,115,1759781903,1.000000000e+00,main,rise,1.061100000e+01,1.527804926e-01,2.256013517e-02,3.192646774e+02
4,3.000000000e-01,0,130,1000753953,1.000000000e+00,main,fall,1.801000000e+00,1.605402458e-01,2.500159283e-02,6.003925638e+01
4,3.000000000e-01,0,132,467364818,1.000000000e+00,main,fall,1.731000000e+00,1.425226146e-01,2.634912630e-02,5.478725663e+01
4,3.000000000e-01,0,131,350194313,1.000000000e+00,main,rise,4.351000000e+00,1.634869852e-01,5.241411104e-02,1.234890040e+02
4,3.000000000e-01,0,126,1394215837,1.000000000e+00,main,fall,7.091000000e+00,1.803889367e-01,4.798959691e-02,2.092614673e+02
4,3.000000000e-01,0,128,825368122,1.000000000e+00,main,fall,7.121000000e+00,1.835577712e-01,4.334876879e-02,1.834245822e+02
4,3.000000000e-01,0,124,954489347,1.000000000e+00,main,fall,9.111000000e+00,1.529680319e-01,2.630341302e-02,2.540478267e+02
4,3.000000000e-01,0,134,1278173713,1.000000000e+00,main,fall,4.901000000e+00,1.620183463e-01,2.778023036e-02,1.261114587e+02
4,3.000000000e-01,0,139,1784679358,1.000000000e+00,main,fall,5.081000000e+00,1.741000203e-01,3.016102673e-02,1.400292380e+02
4,3.000000000e-01,0,136,13763491,1.000000000e+00,main,fall,7.151000000e+00,1.984378232e-01,5.574202318e-02,2.175863629e+02
4,3.000000000e-01,0,135,1377927578,1.000000000e+00,main,rise,8.321000000e+00,1.877074048e-01,6.684812530e-02,2.564125416e+02
4,3.000000000e-01,0,140,623424265,1.000000000e+00,main,rise,2.901000000e+00,1.779462349e-01,3.313811348e-02,9.392206379e+01
4,3.000000000e-01,0,138,1248234060,1.000000000e+00,main,fall,1.105100000e+01,1.641882781e-01,3.422319525e-02,3.063209640e+02
4,3.000000000e-01,0,142,1051904891,1.000000000e+00,main,fall,4.621000000e+00,1.951692322e-01,5.390283366e-02,1.409883681e+02
4,3.000000000e-01,0,129,1676038847,1.000000000e+00,main,fall,2.095100000e+01,1.626654621e-01,3.946111690e-02,5.674032956e+02
