N,N_t,sigma_w,ell,x,Fbar_l,seed,i,split,outcome,exit_time,R_over_L_release,R_over_L_mean,R_over_L_std,dmin_min_um,newton_failures,wall_time_s,clamp_relax_time,phase1_t_exit,git_commit,git_dirty
4,50,3.000000000e-01,1.000000000e+00,0,1.000000000e+00,546440018,171,main,fall,1.551000000e+00,1.151690209e-01,2.046109606e-01,3.676934190e-02,3.102693031e+03,0,4.667072548e+02,3.000000000e+00,3.001000000e+00,e57dd015d9927d70f75d6da2bd7edc4e3c07a561,false
4,50,3.000000000e-01,1.000000000e+00,0,1.000000000e+00,983415050,169,main,fall,1.601000000e+00,1.151690209e-01,1.814603774e-01,7.112559147e-02,3.003071831e+03,0,4.762698670e+02,3.000000000e+00,3.001000000e+00,e57dd015d9927d70f75d6da2bd7edc4e3c07a561,false
4,50,3.000000000e-01,1.000000000e+00,0,1.000000000e+00,987930689,179,main,fall,2.221000000e+00,1.151690209e-01,1.642021925e-01,2.192209723e-02,2.367786685e+03,0,5.364974827e+02,3.000000000e+00,3.001000000e+00,e57dd015d9927d70f75d6da2bd7edc4e3c07a561,false
4,50,3.000000000e-01,1.000000000e+00,0,1.000000000e+00,136386604,145,main,fall,2.521000000e+00,1.151690209e-01,1.571965648e-01,2.053085554e-02,2.754545465e+03,0,6.041896325e+02,3.000000000e+00,3.001000000e+00,e57dd015d9927d70f75d6da2bd7edc4e3c07a561,false
4,50,3.000000000e-01,1.000000000e+00,0,1.000000000e+00,1094193040,187,main,fall,2.551000000e+00,1.151690209e-01,1.543793426e-01,3.546570109e-02,2.877666713e+03,0,6.191598411e+02,3.000000000e+00,3.001000000e+00,e57dd015d9927d70f75d6da2bd7edc4e3c07a561,false
4,50,3.000000000e-01,1.000000000e+00,0,1.000000000e+00,418485141,167,main,rise,3.501000000e+00,1.151690209e-01,1.625123667e-01,4.804135787e-02,2.450824602e+03,0,7.084492138e+02,3.000000000e+00,3.001000000e+00,e57dd015d9927d70f75d6da2bd7edc4e3c07a561,false
4,50,3.000000000e-01,1.000000000e+00,0,1.000000000e+00,1639334280,165,main,rise,4.531000000e+00,1.151690209e-01,1.505624275e-01,2.758035921e-02,2.330481821e+03,0,8.754008954e+02,3.000000000e+00,3.001000000e+00,e57dd015d9927d70f75d6da2bd7edc4e3c07a561,false
4,50,3.000000000e-01,1.000000000e+00,0,1.000000000e+00,436998868,153,main,fall,4.091000000e+00,1.151690209e-01,1.314544200e-01,1.343749520e-02,2.117486641e+03,0,8.776851768e+02,3.000000000e+00,3.001000000e+00,e57dd015d9927d70f75d6da2bd7edc4e3c07a561,false
4,50,3.000000000e-01,1.000000000e+00,0,1.000000000e+00,1994865269,149,main,fall,4.291000000e+00,1.151690209e-01,1.501749672e-01,2.255090530e-02,2.452346386e+03,0,8.824696889e+02,3.000000000e+00,3.001000000e+00,e57dd015d9927d70f75d6da2bd7edc4e3c07a561,false
4,50,3.000000000e-01,1.000000000e+00,0,1.000000000e+00,1823993731,159,main,fall,4.511000000e+00,1.151690209e-01,1.715191179e-01,4.174854862e-02,2.701987614e+03,0,9.417074927e+02,3.000000000e+00,3.001000000e+00,e57dd015d9927d70f75d6da2bd7edc4e3c07a561,false
4,50,3.000000000e-01,1.000000000e+00,0,1.000000000e+00,1721985310,151,main,fall,6.151000000e+00,1.151690209e-01,2.015524822e-01,5.812178770e-02,2.438228057e+03,0,1.109597960e+03,3.000000000e+00,3.001000000e+00,e57dd015d9927d70f75d6da2bd7edc4e3c07a561,false
4,50,3.000000000e-01,1.000000000e+00,0,1.000000000e+00,1131046544,183,main,fall,6.471000000e+00,1.151690209e-01,1.511941536e-01,3.164624807e-02,2.323059931e+03,0,1.200966654e+03,3.000000000e+00,3.001000000e+00,e57dd015d9927d70f75d6da2bd7edc4e3c07a561,false
4,50,3.000000000e-01,1.000000000e+00,0,1.000000000e+00,2020686623,197,main,fall,2.661000000e+00,1.151690209e-01,1.656242042e-01,3.160885611e-02,3.362506597e+03,0,6.236334581e+02,3.000000000e+00,3.001000000e+00,e57dd015d9927d70f75d6da2bd7edc4e3c07a561,false
4,50,3.000000000e-01,1.000000000e+00,0,1.000000000e+00,1732845488,191,main,fall,3.941000000e+00,1.151690209e-01,1.557114980e-01,3.902705840e-02,2.490030681e+03,0,8.080204014e+02,3.000000000e+00,3.001000000e+00,e57dd015d9927d70f75d6da2bd7edc4e3c07a561,false
4,50,3.000000000e-01,1.000000000e+00,0,1.000000000e+00,710173791,181,main,fall,8.221000000e+00,1.151690209e-01,1.657886712e-01,3.371295428e-02,1.790237582e+03,0,1.441675613e+03,3.000000000e+00,3.001000000e+00,e57dd015d9927d70f75d6da2bd7edc4e3c07a561,false
4,50,3.000000000e-01,1.000000000e+00,0,1.000000000e+00,893905369,163,main,rise,8.211000000e+00,1.151690209e-01,1.699875734e-01,4.287250620e-02,1.998004395e+03,0,1.444075169e+03,3.000000000e+00,3.001000000e+00,e57dd015d9927d70f75d6da2bd7edc4e3c07a561,false
4,50,3.000000000e-01,1.000000000e+00,1,1.260584802e+00,1534178601,5,main,fall,3.001000000e+00,1.243684212e-01,1.538169989e-01,3.555046248e-02,3.745332391e+03,0,5.801018745e+02,3.000000000e+00,3.001000000e+00,e57dd015d9927d70f75d6da2bd7edc4e3c07a561,false
4,50,3.000000000e-01,1.000000000e+00,0,1.000000000e+00,1579217136,143,main,fall,9.071000000e+00,1.151690209e-01,1.727213435e-01,4.936927979e-02,2.346046950e+03,0,1.540810962e+03,3.000000000e+00,3.001000000e+00,e57dd015d9927d70f75d6da2bd7edc4e3c07a561,false
4,50,3.000000000e-01,1.000000000e+00,0,1.000000000e+00,172212962,189,main,fall,6.691000000e+00,1.151690209e-01,1.687683101e-01,3.641181702e-02,1.701098738e+03,0,1.102468679e+03,3.000000000e+00,3.001000000e+00,e57dd015d9927d70f75d6da2bd7edc4e3c07a561,false
4,50,3.000000000e-01,1.000000000e+00,0,1.000000000e+00,1195073345,173,main,fall,9.181000000e+00,1.151690209e-01,1.470503353e-01,2.658047717e-02,2.484323966e+03,0,1.629546594e+03,3.000000000e+00,3.001000000e+00,e57dd015d9927d70f75d6da2bd7edc4e3c07a561,false
4,50,3.000000000e-01,1.000000000e+00,1,1.260584802e+00,80494284,15,main,fall,1.681000000e+00,1.243684212e-01,1.498006273e-01,1.175824591e-02,4.323071464e+03,0,3.677288705e+02,3.000000000e+00,3.001000000e+00,e57dd015d9927d70f75d6da2bd7edc4e3c07a561,false
4,50,3.000000000e-01,1.000000000e+00,0,1.000000000e+00,1957352185,155,main,rise,1.067100000e+01,1.151690209e-01,1.917401946e-01,5.768670471e-02,1.499963062e+03,0,1.673337046e+03,3.000000000e+00,3.001000000e+00,e57dd015d9927d70f75d6da2bd7edc4e3c07a561,false
4,50,3.000000000e-01,1.000000000e+00,1,1.260584802e+00,391472612,1,main,fall,5.981000000e+00,1.243684212e-01,1.638369397e-01,2.075843318e-02,3.510250506e+03,0,8.347292948e+02,3.000000000e+00,3.001000000e+00,e57dd015d9927d70f75d6da2bd7edc4e3c07a561,false
4,50,3.000000000e-01,1.000000000e+00,1,1.260584802e+00,1801749020,9,main,rise,4.231000000e+00,1.243684212e-01,1.699556116e-01,2.309630275e-02,3.614913945e+03,0,6.891165965e+02,3.000000000e+00,3.001000000e+00,e57dd015d9927d70f75d6da2bd7edc4e3c07a561,false
4,50,3.000000000e-01,1.000000000e+00,0,1.000000000e+00,1207965664,137,main,fall,1.659100000e+01,1.151690209e-01,1.782799378e-01,6.312204286e-02,2.208501213e+03,0,1.798608341e+03,3.000000000e+00,3.001000000e+00,e57dd015d9927d70f75d6da2bd7edc4e3c07a561,false
4,50,3.000000000e-01,1.000000000e+00,0,1.000000000e+00,1970906255,141,main,rise,1.024100000e+01,1.151690209e-01,1.567056036e-01,3.861629546e-02,1.848062296e+03,0,1.799131058e+03,3.000000000e+00,3.001000000e+00,e57dd015d9927d70f75d6da2bd7edc4e3c07a561,false
4,50,3.000000000e-01,1.000000000e+00,0,1.000000000e+00,722944716,175,main,rise,1.523100000e+01,1.151690209e-01,1.643567861e-01,4.766709174e-02,1.619760501e+03,0,2.024180647e+03,3.000000000e+00,3.001000000e+00,e57dd015d9927d70f75d6da2bd7edc4e3c07a561,false
4,50,3.000000000e-01,1.000000000e+00,1,1.260584802e+00,1741372090,31,main,rise,2.801000000e+00,1.243684212e-01,2.020311068e-01,7.139027182e-02,3.599339617e+03,0,3.738863178e+02,3.000000000e+00,3.001000000e+00,e57dd015d9927d70f75d6da2bd7edc4e3c07a561,false
4,50,3.000000000e-01,1.000000000e+00,1,1.260584802e+00,1680961493,35,main,fall,1.621000000e+00,1.243684212e-01,1.414536033e-01,9.201412937e-03,4.730185390e+03,0,4.588902371e+02,3.000000000e+00,3.001000000e+00,e57dd015d9927d70f75d6da2bd7edc4e3c07a561,false
4,50,3.000000000e-01,1.000000000e+00,1,1.260584802e+00,1243737539,11,main,rise,5.261000000e+00,1.243684212e-01,1.650109843e-01,2.820242609e-02,3.890802638e+03,0,1.079842081e+03,3.000000000e+00,3.001000000e+00,e57dd015d9927d70f75d6da2bd7edc4e3c07a561,false
4,50,3.000000000e-01,1.000000000e+00,1,1.260584802e+00,531468346,21,main,rise,4.681000000e+00,1.243684212e-01,2.043220971e-01,5.356581333e-02,3.824862097e+03,0,8.243704540e+02,3.000000000e+00,3.001000000e+00,e57dd015d9927d70f75d6da2bd7edc4e3c07a561,false
4,50,3.000000000e-01,1.000000000e+00,1,1.260584802e+00,203234834,39,main,rise,2.041000000e+00,1.243684212e-01,1.441045537e-01,1.534998579e-02,3.904824332e+03,0,4.944079621e+02,3.000000000e+00,3.001000000e+00,e57dd015d9927d70f75d6da2bd7edc4e3c07a561,false
4,50,3.000000000e-01,1.000000000e+00,0,1.000000000e+00,779419810,157,main,rise,1.341100000e+01,1.151690209e-01,2.125940209e-01,5.798113393e-02,1.265348893e+03,0,2.331489826e+03,3.000000000e+00,3.001000000e+00,e57dd015d9927d70f75d6da2bd7edc4e3c07a561,false
4,50,3.000000000e-01,1.000000000e+00,1,1.260584802e+00,865265261,37,main,fall,2.641000000e+00,1.243684212e-01,1.625523722e-01,2.054064344e-02,4.367864259e+03,0,5.668563695e+02,3.000000000e+00,3.001000000e+00,e57dd015d9927d70f75d6da2bd7edc4e3c07a561,false
4,50,3.000000000e-01,1.000000000e+00,1,1.260584802e+00,1822394626,29,main,rise,3.621000000e+00,1.243684212e-01,1.582149230e-01,2.832444048e-02,3.433632323e+03,0,7.653568958e+02,3.000000000e+00,3.001000000e+00,e57dd015d9927d70f75d6da2bd7edc4e3c07a561,false
4,50,3.000000000e-01,1.000000000e+00,1,1.260584802e+00,1154149187,27,main,rise,4.141000000e+00,1.243684212e-01,1.871993818e-01,3.933150618e-02,3.832737413e+03,0,8.141917473e+02,3.000000000e+00,3.001000000e+00,e57dd015d9927d70f75d6da2bd7edc4e3c07a561,false
4,50,3.000000000e-01,1.000000000e+00,1,1.260584802e+00,1253682653,23,main,rise,5.941000000e+00,1.243684212e-01,1.578882209e-01,2.249567470e-02,3.518481624e+03,0,9.867419768e+02,3.000000000e+00,3.001000000e+00,e57dd015d9927d70f75d6da2bd7edc4e3c07a561,false
4,50,3.000000000e-01,1.000000000e+00,0,1.000000000e+00,1645820615,195,main,rise,1.224100000e+01,1.151690209e-01,1.862482071e-01,4.215456457e-02,2.526278102e+03,0,1.985151018e+03,3.000000000e+00,3.001000000e+00,e57dd015d9927d70f75d6da2bd7edc4e3c07a561,false
4,50,3.000000000e-01,1.000000000e+00,1,1.260584802e+00,1904339212,19,main,fall,8.091000000e+00,1.243684212e-01,1.675274206e-01,2.462490348e-02,3.408079961e+03,0,1.290123163e+03,3.000000000e+00,3.001000000e+00,e57dd015d9927d70f75d6da2bd7edc4e3c07a561,false
4,50,3.000000000e-01,1.000000000e+00,1,1.260584802e+00,1219542499,33,main,fall,6.111000000e+00,1.243684212e-01,1.601896007e-01,3.049405273e-02,3.200019575e+03,0,1.031186922e+03,3.000000000e+00,3.001000000e+00,e57dd015d9927d70f75d6da2bd7edc4e3c07a561,false
4,50,3.000000000e-01,1.000000000e+00,0,1.000000000e+00,1674374174,133,main,rise,1.918100000e+01,1.151690209e-01,1.565882986e-01,3.139187922e-02,2.328105277e+03,0,2.836331708e+03,3.000000000e+00,3.001000000e+00,e57dd015d9927d70f75d6da2bd7edc4e3c07a561,false
4,50,3.000000000e-01,1.000000000e+00,1,1.260584802e+00,515052664,43,main,fall,9.861000000e+00,1.243684212e-01,1.819763079e-01,3.226939625e-02,3.143858565e+03,0,8.485995040e+02,3.000000000e+00,3.001000000e+00,e57dd015d9927d70f75d6da2bd7edc4e3c07a561,false
4,50,3.000000000e-01,1.000000000e+00,1,1.260584802e+00,1353476306,51,main,rise,3.131000000e+00,1.243684212e-01,1.593158927e-01,2.032233709e-02,3.716229071e+03,0,6.392634554e+02,3.000000000e+00,3.001000000e+00,e57dd015d9927d70f75d6da2bd7edc4e3c07a561,false
4,50,3.000000000e-01,1.000000000e+00,1,1.260584802e+00,1314358654,47,main,fall,3.581000000e+00,1.243684212e-01,1.767186166e-01,2.522903240e-02,3.608584838e+03,0,6.797517980e+02,3.000000000e+00,3.001000000e+00,e57dd015d9927d70f75d6da2bd7edc4e3c07a561,false
4,50,3.000000000e-01,1.000000000e+00,1,1.260584802e+00,1731887629,17,main,rise,9.081000000e+00,1.243684212e-01,1.828275695e-01,4.156767944e-02,3.893865605e+03,0,1.573573384e+03,3.000000000e+00,3.001000000e+00,e57dd015d9927d70f75d6da2bd7edc4e3c07a561,false
4,50,3.000000000e-01,1.000000000e+00,1,1.260584802e+00,1347859160,25,main,fall,1.351100000e+01,1.243684212e-01,1.727955275e-01,3.049940698e-02,2.628571721e+03,0,1.537385092e+03,3.000000000e+00,3.001000000e+00,e57dd015d9927d70f75d6da2bd7edc4e3c07a561,false
4,50,3.000000000e-01,1.000000000e+00,1,1.260584802e+00,2113869887,41,main,rise,6.481000000e+00,1.243684212e-01,1.841911785e-01,4.281936459e-02,4.058486114e+03,0,1.093497884e+03,3.000000000e+00,3.001000000e+00,e57dd015d9927d70f75d6da2bd7edc4e3c07a561,false
4,50,3.000000000e-01,1.000000000e+00,0,1.000000000e+00,2077773574,147,main,fall,2.564100000e+01,1.151690209e-01,1.623520198e-01,3.637291900e-02,1.925095917e+03,0,3.199156186e+03,3.000000000e+00,3.001000000e+00,e57dd015d9927d70f75d6da2bd7edc4e3c07a561,false
4,50,3.000000000e-01,1.000000000e+00,1,1.260584802e+00,1676916793,71,main,fall,2.311000000e+00,1.243684212e-01,1.554401711e-01,1.611938245e-02,4.585352085e+03,0,3.449851165e+02,3.000000000e+00,3.001000000e+00,e57dd015d9927d70f75d6da2bd7edc4e3c07a561,false
4,50,3.000000000e-01,1.000000000e+00,1,1.260584802e+00,1108231132,69,main,rise,1.871000000e+00,1.243684212e-01,1.903323191e-01,3.182825209e-02,3.285329177e+03,0,4.352697223e+02,3.000000000e+00,3.001000000e+00,e57dd015d9927d70f75d6da2bd7edc4e3c07a561,false
4,50,3.000000000e-01,1.000000000e+00,1,1.260584802e+00,864631854,49,main,rise,5.381000000e+00,1.243684212e-01,1.733937785e-01,2.621799574e-02,3.825408901e+03,0,9.929161325e+02,3.000000000e+00,3.001000000e+00,e57dd015d9927d70f75d6da2bd7edc4e3c07a561,false
4,50,3.000000000e-01,1.000000000e+00,0,1.000000000e+00,1340740301,177,main,rise,1.977100000e+01,1.151690209e-01,1.678999374e-01,4.042386824e-02,1.299150593e+03,0,3.284864696e+03,3.000000000e+00,3.001000000e+00,e57dd015d9927d70f75d6da2bd7edc4e3c07a561,false
4,50,3.000000000e-01,1.000000000e+00,1,1.260584802e+00,1719185101,55,main,fall,5.141000000e+00,1.243684212e-01,1.825752481e-01,5.024716053e-02,3.313084627e+03,0,9.815623294e+02,3.000000000e+00,3.001000000e+00,e57dd015d9927d70f75d6da2bd7edc4e3c07a561,false
4,50,3.000000000e-01,1.000000000e+00,1,1.260584802e+00,90036725,75,main,fall,2.741000000e+00,1.243684212e-01,1.813378031e-01,5.068992661e-02,4.078158019e+03,0,4.227824544e+02,3.000000000e+00,3.001000000e+00,e57dd015d9927d70f75d6da2bd7edc4e3c07a561,false
4,50,3.000000000e-01,1.000000000e+00,0,1.000000000e+00,645089127,161,main,fall,2.217100000e+01,1.151690209e-01,1.693893276e-01,4.366352827e-02,2.238054990e+03,0,3.384058799e+03,3.000000000e+00,3.001000000e+00,e57dd015d9927d70f75d6da2bd7edc4e3c07a561,false
4,50,3.000000000e-01,1.000000000e+00,1,1.260584802e+00,1000940086,77,main,rise,3.261000000e+00,1.243684212e-01,1.740055153e-01,4.309432200e-02,4.003813419e+03,0,3.991474890e+02,3.000000000e+00,3.001000000e+00,e57dd015d9927d70f75d6da2bd7edc4e3c07a561,false
4,50,3.000000000e-01,1.000000000e+00,0,1.000000000e+00,654080694,199,main,rise,1.733100000e+01,1.151690209e-01,1.543076770e-01,3.683334771e-02,2.529592723e+03,0,2.806178192e+03,3.000000000e+00,3.001000000e+00,e57dd015d9927d70f75d6da2bd7edc4e3c07a561,false
4,50,3.000000000e-01,1.000000000e+00,1,1.260584802e+00,476054536,61,main,rise,6.651000000e+00,1.243684212e-01,1.688057179e-01,2.789076674e-02,2.993598314e+03,0,1.104181219e+03,3.000000000e+00,3.001000000e+00,e57dd015d9927d70f75d6da2bd7edc4e3c07a561,false
4,50,3.000000000e-01,1.000000000e+00,1,1.260584802e+00,139142962,13,main,rise,2.057100000e+01,1.243684212e-01,1.710149369e-01,3.385703588e-02,2.957723738e+03,0,2.417916754e+03,3.000000000e+00,3.001000000e+00,e57dd015d9927d70f75d6da2bd7edc4e3c07a561,false
4,50,3.000000000e-01,1.000000000e+00,1,1.260584802e+00,628569223,67,main,fall,5.791000000e+00,1.243684212e-01,1.736901854e-01,2.298999803e-02,3.400696604e+03,0,1.048559857e+03,3.000000000e+00,3.001000000e+00,e57dd015d9927d70f75d6da2bd7edc4e3c07a561,false
4,50,3.000000000e-01,1.000000000e+00,0,1.000000000e+00,310798826,123,main,fall,2.604100000e+01,1.151690209e-01,1.748645129e-01,4.565763112e-02,1.727725527e+03,0,3.926858309e+03,3.000000000e+00,3.001000000e+00,e57dd015d9927d70f75d6da2bd7edc4e3c07a561,false
4,50,3.000000000e-01,1.000000000e+00,1,1.260584802e+00,2079889994,89,main,rise,3.991000000e+00,1.243684212e-01,1.609538937e-01,2.405113238e-02,3.895392268e+03,0,7.296442045e+02,3.000000000e+00,3.001000000e+00,e57dd015d9927d70f75d6da2bd7edc4e3c07a561,false
4,50,3.000000000e-01,1.000000000e+00,1,1.260584802e+00,657761895,99,main,rise,7.281000000e+00,1.243684212e-01,1.825740962e-01,3.390227470e-02,2.827390409e+03,0,6.292017358e+02,3.000000000e+00,3.001000000e+00,e57dd015d9927d70f75d6da2bd7edc4e3c07a561,false
4,50,3.000000000e-01,1.000000000e+00,1,1.260584802e+00,1700010139,45,main,rise,1.255100000e+01,1.243684212e-01,1.766131079e-01,2.627433155e-02,2.956497928e+03,0,1.827722480e+03,3.000000000e+00,3.001000000e+00,e57dd015d9927d70f75d6da2bd7edc4e3c07a561,false
4,50,3.000000000e-01,1.000000000e+00,1,1.260584802e+00,1739167634,81,main,rise,5.761000000e+00,1.243684212e-01,1.666745275e-01,2.928030260e-02,3.868690456e+03,0,1.001294335e+03,3.000000000e+00,3.001000000e+00,e57dd015d9927d70f75d6da2bd7edc4e3c07a561,false
4,50,3.000000000e-01,1.000000000e+00,1,1.260584802e+00,1516423976,91,main,rise,4.711000000e+00,1.243684212e-01,1.873252770e-01,2.360969702e-02,3.881686687e+03,0,8.402446427e+02,3.000000000e+00,3.001000000e+00,e57dd015d9927d70f75d6da2bd7edc4e3c07a561,false
4,50,3.000000000e-01,1.000000000e+00,1,1.260584802e+00,69408712,53,main,rise,1.185100000e+01,1.243684212e-01,1.813890249e-01,3.522433466e-02,3.836032561e+03,0,1.841987290e+03,3.000000000e+00,3.001000000e+00,e57dd015d9927d70f75d6da2bd7edc4e3c07a561,false
4,50,3.000000000e-01,1.000000000e+00,0,1.000000000e+00,304219271,185,main,rise,3.241100000e+01,1.151690209e-01,1.711023154e-01,5.327862787e-02,2.246257814e+03,0,4.174810757e+03,3.000000000e+00,3.001000000e+00,e57dd015d9927d70f75d6da2bd7edc4e3c07a561,false
4,50,3.000000000e-01,1.000000000e+00,1,1.260584802e+00,826003681,105,main,rise,3.081000000e+00,1.243684212e-01,1.834966520e-01,2.948440118e-02,3.506934855e+03,0,6.368471242e+02,3.000000000e+00,3.001000000e+00,e57dd015d9927d70f75d6da2bd7edc4e3c07a561,false
4,50,3.000000000e-01,1.000000000e+00,1,1.260584802e+00,250646623,63,main,fall,1.183100000e+01,1.243684212e-01,1.728795656e-01,2.379088407e-02,2.893479925e+03,0,1.823154347e+03,3.000000000e+00,3.001000000e+00,e57dd015d9927d70f75d6da2bd7edc4e3c07a561,false
4,50,3.000000000e-01,1.000000000e+00,1,1.260584802e+00,1090119123,97,main,rise,6.811000000e+00,1.243684212e-01,1.733338982e-01,3.815538239e-02,3.429052921e+03,0,1.035594612e+03,3.000000000e+00,3.001000000e+00,e57dd015d9927d70f75d6da2bd7edc4e3c07a561,false
4,50,3.000000000e-01,1.000000000e+00,1,1.260584802e+00,142805706,57,main,rise,1.393100000e+01,1.243684212e-01,1.717823912e-01,4.406655802e-02,3.536736385e+03,0,2.120388103e+03,3.000000000e+00,3.001000000e+00,e57dd015d9927d70f75d6da2bd7edc4e3c07a561,false
4,50,3.000000000e-01,1.000000000e+00,1,1.260584802e+00,569664142,113,main,fall,3.581000000e+00,1.243684212e-01,1.597594025e-01,1.774455976e-02,3.353581706e+03,0,4.968708052e+02,3.000000000e+00,3.001000000e+00,e57dd015d9927d70f75d6da2bd7edc4e3c07a561,false
4,50,3.000000000e-01,1.000000000e+00,1,1.260584802e+00,736588046,85,main,fall,7.301000000e+00,1.243684212e-01,1.810260153e-01,2.724023714e-02,2.744288444e+03,0,1.332455740e+03,3.000000000e+00,3.001000000e+00,e57dd015d9927d70f75d6da2bd7edc4e3c07a561,false
4,50,3.000000000e-01,1.000000000e+00,1,1.260584802e+00,1864000282,111,main,fall,2.691000000e+00,1.243684212e-01,1.496652371e-01,1.918074167e-02,4.136833128e+03,0,5.796306195e+02,3.000000000e+00,3.001000000e+00,e57dd015d9927d70f75d6da2bd7edc4e3c07a561,false
4,50,3.000000000e-01,1.000000000e+00,1,1.260584802e+00,541352552,95,main,rise,8.141000000e+00,1.243684212e-01,1.871243045e-01,4.172134920e-02,3.234561783e+03,0,1.228852395e+03,3.000000000e+00,3.001000000e+00,e57dd015d9927d70f75d6da2bd7edc4e3c07a561,false
4,50,3.000000000e-01,1.000000000e+00,1,1.260584802e+00,1693649379,107,main,rise,4.561000000e+00,1.243684212e-01,1.987399201e-01,6.622011160e-02,3.349143712e+03,0,9.093487988e+02,3.000000000e+00,3.001000000e+00,e57dd015d9927d70f75d6da2bd7edc4e3c07a561,false
4,50,3.000000000e-01,1.000000000e+00,1,1.260584802e+00,447385601,125,main,fall,1.671000000e+00,1.243684212e-01,1.523904979e-01,3.751552006e-02,3.637475652e+03,0,4.342171986e+02,3.000000000e+00,3.001000000e+00,e57dd015d9927d70f75d6da2bd7edc4e3c07a561,false
4,50,3.000000000e-01,1.000000000e+00,1,1.260584802e+00,1271995396,129,main,fall,3.031000000e+00,1.243684212e-01,1.581279587e-01,1.979681868e-02,3.595481222e+03,0,3.227987978e+02,3.000000000e+00,3.001000000e+00,e57dd015d9927d70f75d6da2bd7edc4e3c07a561,false
4,50,3.000000000e-01,1.000000000e+00,1,1.260584802e+00,339391783,7,main,rise,2.378100000e+01,1.243684212e-01,1.713778851e-01,3.627062738e-02,3.136395577e+03,0,3.819824942e+03,3.000000000e+00,3.001000000e+00,e57dd015d9927d70f75d6da2bd7edc4e3c07a561,false
4,50,3.000000000e-01,1.000000000e+00,1,1.260584802e+00,502807960,119,main,rise,3.531000000e+00,1.243684212e-01,1.764017341e-01,3.305423558e-02,2.772523362e+03,0,7.303970335e+02,3.000000000e+00,3.001000000e+00,e57dd015d9927d70f75d6da2bd7edc4e3c07a561,false
4,50,3.000000000e-01,1.000000000e+00,1,1.260584802e+00,559228322,103,main,rise,9.031000000e+00,1.243684212e-01,1.571365966e-01,1.941370106e-02,3.464482055e+03,0,1.419993868e+03,3.000000000e+00,3.001000000e+00,e57dd015d9927d70f75d6da2bd7edc4e3c07a561,false
4,50,3.000000000e-01,1.000000000e+00,1,1.260584802e+00,5810781,115,main,fall,5.321000000e+00,1.243684212e-01,1.782896282e-01,3.914596975e-02,3.581330186e+03,0,9.732356185e+02,3.000000000e+00,3.001000000e+00,e57dd015d9927d70f75d6da2bd7edc4e3c07a561,false
4,50,3.000000000e-01,1.000000000e+00,0,1.000000000e+00,1067714314,193,main,rise,2.962100000e+01,1.151690209e-01,1.762848088e-01,4.222030761e-02,1.877702925e+03,0,4.560936181e+03,3.000000000e+00,3.001000000e+00,e57dd015d9927d70f75d6da2bd7edc4e3c07a561,false
4,50,3.000000000e-01,1.000000000e+00,1,1.260584802e+00,779702246,145,main,rise,3.631000000e+00,1.243684212e-01,1.725158739e-01,3.756458332e-02,3.386300609e+03,0,3.591897683e+02,3.000000000e+00,3.001000000e+00,e57dd015d9927d70f75d6da2bd7edc4e3c07a561,false
4,50,3.000000000e-01,1.000000000e+00,1,1.260584802e+00,1123571127,109,main,rise,6.371000000e+00,1.243684212e-01,1.556992824e-01,3.344921535e-02,3.497581628e+03,0,1.176111648e+03,3.000000000e+00,3.001000000e+00,e57dd015d9927d70f75d6da2bd7edc4e3c07a561,false
4,50,3.000000000e-01,1.000000000e+00,1,1.260584802e+00,298735098,59,main,rise,1.828100000e+01,1.243684212e-01,1.693040141e-01,2.613269794e-02,2.571112180e+03,0,2.661058923e+03,3.000000000e+00,3.001000000e+00,e57dd015d9927d70f75d6da2bd7edc4e3c07a561,false
4,50,3.000000000e-01,1.000000000e+00,1,1.260584802e+00,2008861155,123,main,rise,6.241000000e+00,1.243684212e-01,1.686011628e-01,2.797999840e-02,3.889195103e+03,0,1.037603628e+03,3.000000000e+00,3.001000000e+00,e57dd015d9927d70f75d6da2bd7edc4e3c07a561,false
4,50,3.000000000e-01,1.000000000e+00,1,1.260584802e+00,269395068,117,main,fall,1.088100000e+01,1.243684212e-01,1.791070351e-01,3.612563872e-02,2.852259067e+03,0,1.134147679e+03,3.000000000e+00,3.001000000e+00,e57dd015d9927d70f75d6da2bd7edc4e3c07a561,false
4,50,3.000000000e-01,1.000000000e+00,1,1.260584802e+00,1420328776,161,main,fall,1.421000000e+00,1.243684212e-01,1.705240325e-01,2.311625055e-02,3.582829622e+03,0,2.145735147e+02,3.000000000e+00,3.001000000e+00,e57dd015d9927d70f75d6da2bd7edc4e3c07a561,false
4,50,3.000000000e-01,1.000000000e+00,1,1.260584802e+00,1630937019,127,main,rise,5.851000000e+00,1.243684212e-01,1.677054803e-01,2.967273774e-02,4.160659623e+03,0,1.033727453e+03,3.000000000e+00,3.001000000e+00,e57dd015d9927d70f75d6da2bd7edc4e3c07a561,false
4,50,3.000000000e-01,1.000000000e+00,1,1.260584802e+00,748617672,87,main,fall,1.413100000e+01,1.243684212e-01,1.792285521e-01,2.481407153e-02,3.826963525e+03,0,2.175951508e+03,3.000000000e+00,3.001000000e+00,e57dd015d9927d70f75d6da2bd7edc4e3c07a561,false
4,50,3.000000000e-01,1.000000000e+00,1,1.260584802e+00,1002071082,137,main,fall,5.191000000e+00,1.243684212e-01,1.498760209e-01,1.481819448e-02,4.298170399e+03,0,9.056094116e+02,3.000000000e+00,3.001000000e+00,e57dd015d9927d70f75d6da2bd7edc4e3c07a561,false
4,50,3.000000000e-01,1.000000000e+00,1,1.260584802e+00,644953969,139,main,rise,5.191000000e+00,1.243684212e-01,1.855226967e-01,3.907603473e-02,2.944002891e+03,0,9.091500040e+02,3.000000000e+00,3.001000000e+00,e57dd015d9927d70f75d6da2bd7edc4e3c07a561,false
4,50,3.000000000e-01,1.000000000e+00,1,1.260584802e+00,550112301,65,main,rise,1.896100000e+01,1.243684212e-01,1.660066300e-01,3.683780138e-02,3.338925240e+03,0,2.869614335e+03,3.000000000e+00,3.001000000e+00,e57dd015d9927d70f75d6da2bd7edc4e3c07a561,false
4,50,3.000000000e-01,1.000000000e+00,1,1.260584802e+00,1693203685,101,main,rise,1.226100000e+01,1.243684212e-01,1.801295027e-01,3.739006663e-02,3.047023372e+03,0,2.123367991e+03,3.000000000e+00,3.001000000e+00,e57dd015d9927d70f75d6da2bd7edc4e3c07a561,false
4,50,3.000000000e-01,1.000000000e+00,1,1.260584802e+00,1296235594,167,main,fall,1.841000000e+00,1.243684212e-01,1.873679099e-01,5.408242407e-02,3.021617567e+03,0,3.350779723e+02,3.000000000e+00,3.001000000e+00,e57dd015d9927d70f75d6da2bd7edc4e3c07a561,false
4,50,3.000000000e-01,1.000000000e+00,1,1.260584802e+00,1901051278,159,main,fall,2.661000000e+00,1.243684212e-01,1.750688730e-01,3.427241337e-02,3.663837918e+03,0,6.012526907e+02,3.000000000e+00,3.001000000e+00,e57dd015d9927d70f75d6da2bd7edc4e3c07a561,false
4,50,3.000000000e-01,1.000000000e+00,1,1.260584802e+00,1800761154,3,main,rise,3.439100000e+01,1.243684212e-01,1.789290255e-01,3.299114993e-02,3.357259113e+03,0,4.844854938e+03,3.000000000e+00,3.001000000e+00,e57dd015d9927d70f75d6da2bd7edc4e3c07a561,false
4,50,3.000000000e-01,1.000000000e+00,1,1.260584802e+00,1092408161,131,main,fall,7.751000000e+00,1.243684212e-01,1.828588866e-01,3.022551469e-02,2.944288312e+03,0,1.243637528e+03,3.000000000e+00,3.001000000e+00,e57dd015d9927d70f75d6da2bd7edc4e3c07a561,false
4,50,3.000000000e-01,1.000000000e+00,1,1.260584802e+00,1162620176,133,main,rise,7.621000000e+00,1.243684212e-01,1.612230782e-01,2.724254496e-02,3.568642649e+03,0,1.324564496e+03,3.000000000e+00,3.001000000e+00,e57dd015d9927d70f75d6da2bd7edc4e3c07a561,false
4,50,3.000000000e-01,1.000000000e+00,1,1.260584802e+00,165870045,143,main,rise,7.211000000e+00,1.243684212e-01,1.818621651e-01,4.152969368e-02,2.642299813e+03,0,1.199635657e+03,3.000000000e+00,3.001000000e+00,e57dd015d9927d70f75d6da2bd7edc4e3c07a561,false
4,50,3.000000000e-01,1.000000000e+00,1,1.260584802e+00,499568060,169,main,fall,1.881000000e+00,1.243684212e-01,2.100555222e-01,4.865560534e-02,4.133886991e+03,0,4.936075924e+02,3.000000000e+00,3.001000000e+00,e57dd015d9927d70f75d6da2bd7edc4e3c07a561,false
4,50,3.000000000e-01,1.000000000e+00,1,1.260584802e+00,1394963233,157,main,fall,6.511000000e+00,1.243684212e-01,2.094014093e-01,3.619248440e-02,3.361616330e+03,0,8.705886700e+02,3.000000000e+00,3.001000000e+00,e57dd015d9927d70f75d6da2bd7edc4e3c07a561,false
4,50,3.000000000e-01,1.000000000e+00,1,1.260584802e+00,1518263798,83,main,rise,1.902100000e+01,1.243684212e-01,1.872701549e-01,4.136438665e-02,3.315091168e+03,0,2.793406368e+03,3.000000000e+00,3.001000000e+00,e57dd015d9927d70f75d6da2bd7edc4e3c07a561,false
4,50,3.000000000e-01,1.000000000e+00,1,1.260584802e+00,1724476811,173,main,fall,2.181000000e+00,1.243684212e-01,1.798967537e-01,2.538196638e-02,3.828620756e+03,0,5.115590612e+02,3.000000000e+00,3.001000000e+00,e57dd015d9927d70f75d6da2bd7edc4e3c07a561,false
4,50,3.000000000e-01,1.000000000e+00,1,1.260584802e+00,377307108,73,main,rise,2.082100000e+01,1.243684212e-01,1.783777075e-01,3.347630568e-02,3.178825740e+03,0,3.087323093e+03,3.000000000e+00,3.001000000e+00,e57dd015d9927d70f75d6da2bd7edc4e3c07a561,false
4,50,3.000000000e-01,1.000000000e+00,1,1.260584802e+00,484121221,151,main,rise,6.741000000e+00,1.243684212e-01,1.657924708e-01,3.006527904e-02,3.798503709e+03,0,1.020933801e+03,3.000000000e+00,3.001000000e+00,e57dd015d9927d70f75d6da2bd7edc4e3c07a561,false
4,50,3.000000000e-01,1.000000000e+00,1,1.260584802e+00,456453356,155,main,rise,5.961000000e+00,1.243684212e-01,1.848934240e-01,4.563225946e-02,3.212317793e+03,0,9.852441021e+02,3.000000000e+00,3.001000000e+00,e57dd015d9927d70f75d6da2bd7edc4e3c07a561,false
4,50,3.000000000e-01,1.000000000e+00,0,1.000000000e+00,1166366054,127,main,fall,4.352100000e+01,1.151690209e-01,1.573411057e-01,3.826862463e-02,2.191587432e+03,0,6.157893553e+03,3.000000000e+00,3.001000000e+00,e57dd015d9927d70f75d6da2bd7edc4e3c07a561,false
4,50,3.000000000e-01,1.000000000e+00,1,1.260584802e+00,1757995127,165,main,rise,5.061000000e+00,1.243684212e-01,1.595902508e-01,1.559608075e-02,4.137447290e+03,0,9.149659318e+02,3.000000000e+00,3.001000000e+00,e57dd015d9927d70f75d6da2bd7edc4e3c07a561,false
4,50,3.000000000e-01,1.000000000e+00,1,1.260584802e+00,754226868,135,main,rise,1.060100000e+01,1.243684212e-01,1.625144256e-01,2.555893200e-02,2.882079155e+03,0,1.627717050e+03,3.000000000e+00,3.001000000e+00,e57dd015d9927d70f75d6da2bd7edc4e3c07a561,false
4,50,3.000000000e-01,1.000000000e+00,1,1.260584802e+00,616309220,121,main,rise,1.729100000e+01,1.243684212e-01,1.771441723e-01,4.060607845e-02,2.973508947e+03,0,2.077260535e+03,3.000000000e+00,3.001000000e+00,e57dd015d9927d70f75d6da2bd7edc4e3c07a561,false
4,50,3.000000000e-01,1.000000000e+00,1,1.260584802e+00,1227923489,141,main,fall,9.131000000e+00,1.243684212e-01,1.633386870e-01,2.222898797e-02,2.432446656e+03,0,1.552730492e+03,3.000000000e+00,3.001000000e+00,e57dd015d9927d70f75d6da2bd7edc4e3c07a561,false
4,50,3.000000000e-01,1.000000000e+00,1,1.260584802e+00,2093058487,191,main,fall,2.531000000e+00,1.243684212e-01,1.887264559e-01,5.138970024e-02,3.449984423e+03,0,4.067501078e+02,3.000000000e+00,3.001000000e+00,e57dd015d9927d70f75d6da2bd7edc4e3c07a561,false
4,50,3.000000000e-01,1.000000000e+00,1,1.260584802e+00,713872719,197,main,fall,2.331000000e+00,1.243684212e-01,1.777848602e-01,1.743711469e-02,3.601328032e+03,0,5.520856652e+02,3.000000000e+00,3.001000000e+00,e57dd015d9927d70f75d6da2bd7edc4e3c07a561,false
4,50,3.000000000e-01,1.000000000e+00,1,1.260584802e+00,1501903750,163,main,rise,9.531000000e+00,1.243684212e-01,1.681233541e-01,3.678431595e-02,3.127080048e+03,0,1.335957087e+03,3.000000000e+00,3.001000000e+00,e57dd015d9927d70f75d6da2bd7edc4e3c07a561,false
4,50,3.000000000e-01,1.000000000e+00,1,1.260584802e+00,1952801684,175,main,fall,5.461000000e+00,1.243684212e-01,1.612415626e-01,2.921316536e-02,2.248271457e+03,0,1.029567243e+03,3.000000000e+00,3.001000000e+00,e57dd015d9927d70f75d6da2bd7edc4e3c07a561,false
4,50,3.000000000e-01,1.000000000e+00,1,1.260584802e+00,149623205,153,main,rise,9.651000000e+00,1.243684212e-01,1.794579259e-01,3.131359495e-02,3.847313917e+03,0,1.552305231e+03,3.000000000e+00,3.001000000e+00,e57dd015d9927d70f75d6da2bd7edc4e3c07a561,false
4,50,3.000000000e-01,1.000000000e+00,1,1.260584802e+00,2112441735,147,main,rise,1.313100000e+01,1.243684212e-01,1.726890016e-01,3.014621283e-02,3.089702209e+03,0,1.987787293e+03,3.000000000e+00,3.001000000e+00,e57dd015d9927d70f75d6da2bd7edc4e3c07a561,false
4,50,3.000000000e-01,1.000000000e+00,1,1.260584802e+00,267413072,187,main,rise,7.911000000e+00,1.243684212e-01,1.686190896e-01,3.579492192e-02,3.678245774e+03,0,1.092967292e+03,3.000000000e+00,3.001000000e+00,e57dd015d9927d70f75d6da2bd7edc4e3c07a561,false
4,50,3.000000000e-01,1.000000000e+00,1,1.260584802e+00,720673275,183,main,rise,6.701000000e+00,1.243684212e-01,1.729589319e-01,3.247005601e-02,3.169063475e+03,0,1.247798867e+03,3.000000000e+00,3.001000000e+00,e57dd015d9927d70f75d6da2bd7edc4e3c07a561,false
4,50,3.000000000e-01,1.000000000e+00,1,1.260584802e+00,1082495658,93,main,rise,2.668100000e+01,1.243684212e-01,1.691455119e-01,3.454272187e-02,2.660232676e+03,0,3.614510218e+03,3.000000000e+00,3.001000000e+00,e57dd015d9927d70f75d6da2bd7edc4e3c07a561,false
4,50,3.000000000e-01,1.000000000e+00,1,1.260584802e+00,166337302,149,main,rise,1.550100000e+01,1.243684212e-01,1.764688097e-01,4.289020766e-02,3.319455497e+03,0,2.132383783e+03,3.000000000e+00,3.001000000e+00,e57dd015d9927d70f75d6da2bd7edc4e3c07a561,false
4,50,3.000000000e-01,1.000000000e+00,1,1.260584802e+00,1977743872,195,main,fall,6.401000000e+00,1.243684212e-01,2.016942134e-01,5.486931089e-02,3.699402546e+03,0,1.216887082e+03,3.000000000e+00,3.001000000e+00,e57dd015d9927d70f75d6da2bd7edc4e3c07a561,false
4,50,3.000000000e-01,1.000000000e+00,1,1.260584802e+00,1565845959,193,main,rise,7.321000000e+00,1.243684212e-01,1.839059315e-01,2.802663242e-02,3.713788047e+03,0,1.344874576e+03,3.000000000e+00,3.001000000e+00,e57dd015d9927d70f75d6da2bd7edc4e3c07a561,false
8,50,3.000000000e-01,1.000000000e+00,0,1.000000000e+00,13833481,9,main,fall,2.551000000e+00,1.303750796e-01,1.832074644e-01,2.905043570e-02,1.003828513e+03,0,1.167447898e+03,3.000000000e+00,3.001000000e+00,e57dd015d9927d70f75d6da2bd7edc4e3c07a561,false
4,50,3.000000000e-01,1.000000000e+00,1,1.260584802e+00,894105231,199,main,rise,8.681000000e+00,1.243684212e-01,2.080471631e-01,5.158303697e-02,2.933478254e+03,0,1.373142264e+03,3.000000000e+00,3.001000000e+00,e57dd015d9927d70f75d6da2bd7edc4e3c07a561,false
4,50,3.000000000e-01,1.000000000e+00,1,1.260584802e+00,252341043,185,main,rise,1.510100000e+01,1.243684212e-01,1.773957823e-01,3.047630418e-02,2.768951993e+03,0,1.755075987e+03,3.000000000e+00,3.001000000e+00,e57dd015d9927d70f75d6da2bd7edc4e3c07a561,false
4,50,3.000000000e-01,1.000000000e+00,1,1.260584802e+00,1701355666,181,main,rise,1.087100000e+01,1.243684212e-01,1.658102405e-01,2.461865113e-02,3.333203262e+03,0,1.907073582e+03,3.000000000e+00,3.001000000e+00,e57dd015d9927d70f75d6da2bd7edc4e3c07a561,false
8,50,3.000000000e-01,1.000000000e+00,0,1.000000000e+00,397662793,13,main,fall,2.641000000e+00,1.303750796e-01,2.883219097e-01,8.179699441e-02,9.332826735e+01,0,1.359721203e+03,3.000000000e+00,3.001000000e+00,e57dd015d9927d70f75d6da2bd7edc4e3c07a561,false
4,50,3.000000000e-01,1.000000000e+00,1,1.260584802e+00,1384741893,189,main,rise,1.079100000e+01,1.243684212e-01,1.830471241e-01,3.081018681e-02,3.362639315e+03,0,1.821578644e+03,3.000000000e+00,3.001000000e+00,e57dd015d9927d70f75d6da2bd7edc4e3c07a561,false
4,50,3.000000000e-01,1.000000000e+00,1,1.260584802e+00,418761589,79,main,rise,3.085100000e+01,1.243684212e-01,1.651449618e-01,2.434230344e-02,2.902034634e+03,0,4.666488335e+03,3.000000000e+00,3.001000000e+00,e57dd015d9927d70f75d6da2bd7edc4e3c07a561,false
4,50,3.000000000e-01,1.000000000e+00,1,1.260584802e+00,508494615,171,main,rise,1.436100000e+01,1.243684212e-01,1.927364628e-01,4.499283518e-02,2.907566864e+03,0,2.474163925e+03,3.000000000e+00,3.001000000e+00,e57dd015d9927d70f75d6da2bd7edc4e3c07a561,false
4,50,3.000000000e-01,1.000000000e+00,1,1.260584802e+00,1032158717,177,main,rise,1.476100000e+01,1.243684212e-01,1.755384363e-01,3.541808986e-02,2.859903077e+03,0,2.338259644e+03,3.000000000e+00,3.001000000e+00,e57dd015d9927d70f75d6da2bd7edc4e3c07a561,false
8,50,3.000000000e-01,1.000000000e+00,0,1.000000000e+00,205809626,17,main,fall,4.291000000e+00,1.303750796e-01,2.461571878e-01,4.992490805e-02,8.374089839e+02,0,1.663265886e+03,3.000000000e+00,3.001000000e+00,e57dd015d9927d70f75d6da2bd7edc4e3c07a561,false
8,50,3.000000000e-01,1.000000000e+00,0,1.000000000e+00,692284796,37,main,fall,2.011000000e+00,1.303750796e-01,2.114000858e-01,4.022129291e-02,2.810999080e+02,0,1.070500091e+03,3.000000000e+00,3.001000000e+00,e57dd015d9927d70f75d6da2bd7edc4e3c07a561,false
8,50,3.000000000e-01,1.000000000e+00,0,1.000000000e+00,633374925,43,main,fall,1.401000000e+00,1.303750796e-01,2.176714303e-01,5.077407853e-02,3.466841858e+02,0,9.827952298e+02,3.000000000e+00,3.001000000e+00,e57dd015d9927d70f75d6da2bd7edc4e3c07a561,false
8,50,3.000000000e-01,1.000000000e+00,0,1.000000000e+00,607492759,35,main,fall,2.551000000e+00,1.303750796e-01,1.788411903e-01,2.535748889e-02,1.526852100e+03,0,1.390345708e+03,3.000000000e+00,3.001000000e+00,e57dd015d9927d70f75d6da2bd7edc4e3c07a561,false
8,50,3.000000000e-01,1.000000000e+00,0,1.000000000e+00,1468105155,27,main,fall,4.011000000e+00,1.303750796e-01,2.063691291e-01,5.591851240e-02,6.890098025e+02,0,1.766214359e+03,3.000000000e+00,3.001000000e+00,e57dd015d9927d70f75d6da2bd7edc4e3c07a561,false
8,50,3.000000000e-01,1.000000000e+00,0,1.000000000e+00,2090892826,5,main,fall,5.831000000e+00,1.303750796e-01,2.005080345e-01,7.349128606e-02,9.376204892e+02,0,2.692511504e+03,3.000000000e+00,3.001000000e+00,e57dd015d9927d70f75d6da2bd7edc4e3c07a561,false
8,50,3.000000000e-01,1.000000000e+00,0,1.000000000e+00,117912722,7,main,fall,7.081000000e+00,1.303750796e-01,2.449063379e-01,6.003896804e-02,3.204189576e+01,0,2.633064670e+03,3.000000000e+00,3.001000000e+00,e57dd015d9927d70f75d6da2bd7edc4e3c07a561,false
8,50,3.000000000e-01,1.000000000e+00,0,1.000000000e+00,1695812871,51,main,fall,1.801000000e+00,1.303750796e-01,2.291121978e-01,4.073842045e-02,3.105054998e+02,0,1.157592296e+03,3.000000000e+00,3.001000000e+00,e57dd015d9927d70f75d6da2bd7edc4e3c07a561,false
8,50,3.000000000e-01,1.000000000e+00,0,1.000000000e+00,1283019879,61,main,rise,2.471000000e+00,1.303750796e-01,1.611212974e-01,2.254446421e-02,1.011315122e+03,0,7.731346112e+02,3.000000000e+00,3.001000000e+00,e57dd015d9927d70f75d6da2bd7edc4e3c07a561,false
8,50,3.000000000e-01,1.000000000e+00,0,1.000000000e+00,325656086,3,main,fall,7.661000000e+00,1.303750796e-01,2.713975814e-01,5.253264129e-02,1.717481627e+02,0,3.150949143e+03,3.000000000e+00,3.001000000e+00,e57dd015d9927d70f75d6da2bd7edc4e3c07a561,false
8,50,3.000000000e-01,1.000000000e+00,0,1.000000000e+00,1556920115,67,main,fall,1.631000000e+00,1.303750796e-01,1.541467245e-01,3.384993589e-02,7.851751240e+02,0,8.156801043e+02,3.000000000e+00,3.001000000e+00,e57dd015d9927d70f75d6da2bd7edc4e3c07a561,false
8,50,3.000000000e-01,1.000000000e+00,0,1.000000000e+00,1284700308,63,main,fall,1.641000000e+00,1.303750796e-01,1.906184607e-01,7.770586076e-02,7.459397056e+01,0,1.116264707e+03,3.000000000e+00,3.001000000e+00,e57dd015d9927d70f75d6da2bd7edc4e3c07a561,false
8,50,3.000000000e-01,1.000000000e+00,0,1.000000000e+00,253186851,55,main,fall,3.401000000e+00,1.303750796e-01,2.428223176e-01,6.809496241e-02,6.841962964e+02,0,1.580698111e+03,3.000000000e+00,3.001000000e+00,e57dd015d9927d70f75d6da2bd7edc4e3c07a561,false
8,50,3.000000000e-01,1.000000000e+00,0,1.000000000e+00,1662784112,23,main,rise,6.961000000e+00,1.303750796e-01,2.284179796e-01,6.901315448e-02,2.770444062e+02,0,2.980643898e+03,3.000000000e+00,3.001000000e+00,e57dd015d9927d70f75d6da2bd7edc4e3c07a561,false
8,50,3.000000000e-01,1.000000000e+00,0,1.000000000e+00,1294566225,21,main,fall,8.351000000e+00,1.303750796e-01,2.535283300e-01,5.407049293e-02,6.455420400e+01,0,3.168568016e+03,3.000000000e+00,3.001000000e+00,e57dd015d9927d70f75d6da2bd7edc4e3c07a561,false
8,50,3.000000000e-01,1.000000000e+00,0,1.000000000e+00,267161898,47,main,fall,5.091000000e+00,1.303750796e-01,2.311134399e-01,5.221561112e-02,5.977590938e+02,0,2.201558682e+03,3.000000000e+00,3.001000000e+00,e57dd015d9927d70f75d6da2bd7edc4e3c07a561,false
8,50,3.000000000e-01,1.000000000e+00,0,1.000000000e+00,828413785,57,main,rise,4.401000000e+00,1.303750796e-01,2.061682443e-01,6.898193648e-02,3.923773119e+02,0,1.873047226e+03,3.000000000e+00,3.001000000e+00,e57dd015d9927d70f75d6da2bd7edc4e3c07a561,false
8,50,3.000000000e-01,1.000000000e+00,0,1.000000000e+00,134424324,33,main,rise,7.761000000e+00,1.303750796e-01,2.581300077e-01,1.162993853e-01,1.187312996e+02,0,2.872016663e+03,3.000000000e+00,3.001000000e+00,e57dd015d9927d70f75d6da2bd7edc4e3c07a561,false
8,50,3.000000000e-01,1.000000000e+00,0,1.000000000e+00,1505942878,41,main,fall,6.471000000e+00,1.303750796e-01,3.289333246e-01,7.544368014e-02,3.706894047e+02,0,2.581279682e+03,3.000000000e+00,3.001000000e+00,e57dd015d9927d70f75d6da2bd7edc4e3c07a561,false
4,50,3.000000000e-01,1.000000000e+00,1,1.260584802e+00,329176745,179,main,rise,3.065100000e+01,1.243684212e-01,1.691238342e-01,2.654407763e-02,3.034124026e+03,0,4.303354846e+03,3.000000000e+00,3.001000000e+00,e57dd015d9927d70f75d6da2bd7edc4e3c07a561,false
8,50,3.000000000e-01,1.000000000e+00,0,1.000000000e+00,1498409003,39,main,fall,6.681000000e+00,1.303750796e-01,2.223250390e-01,7.136126612e-02,7.210720977e+02,0,2.681461513e+03,3.000000000e+00,3.001000000e+00,e57dd015d9927d70f75d6da2bd7edc4e3c07a561,false
8,50,3.000000000e-01,1.000000000e+00,0,1.000000000e+00,2122750576,65,main,fall,3.681000000e+00,1.303750796e-01,2.858276877e-01,5.744917327e-02,1.086766263e+02,0,1.718511295e+03,3.000000000e+00,3.001000000e+00,e57dd015d9927d70f75d6da2bd7edc4e3c07a561,false
8,50,3.000000000e-01,1.000000000e+00,0,1.000000000e+00,4609536,31,main,rise,7.881000000e+00,1.303750796e-01,1.942054234e-01,6.294620077e-02,7.187339528e+02,0,3.178118561e+03,3.000000000e+00,3.001000000e+00,e57dd015d9927d70f75d6da2bd7edc4e3c07a561,false
8,50,3.000000000e-01,1.000000000e+00,0,1.000000000e+00,1306149386,1,main,fall,1.153100000e+01,1.303750796e-01,2.352589423e-01,1.121005697e-01,4.211174007e+01,0,4.287973815e+03,3.000000000e+00,3.001000000e+00,e57dd015d9927d70f75d6da2bd7edc4e3c07a561,false
8,50,3.000000000e-01,1.000000000e+00,0,1.000000000e+00,2147428592,49,main,fall,6.721000000e+00,1.303750796e-01,2.384621090e-01,4.535601970e-02,7.798378455e+02,0,2.766263886e+03,3.000000000e+00,3.001000000e+00,e57dd015d9927d70f75d6da2bd7edc4e3c07a561,false
8,50,3.000000000e-01,1.000000000e+00,0,1.000000000e+00,1633311681,15,main,rise,1.116100000e+01,1.303750796e-01,2.441495687e-01,6.971927026e-02,3.504691646e+02,0,4.282406738e+03,3.000000000e+00,3.001000000e+00,e57dd015d9927d70f75d6da2bd7edc4e3c07a561,false
8,50,3.000000000e-01,1.000000000e+00,0,1.000000000e+00,662106765,83,main,fall,1.591000000e+00,1.303750796e-01,2.312435892e-01,5.539246983e-02,1.071811112e+03,0,1.101898682e+03,3.000000000e+00,3.001000000e+00,e57dd015d9927d70f75d6da2bd7edc4e3c07a561,false
8,50,3.000000000e-01,1.000000000e+00,0,1.000000000e+00,1874489875,19,main,fall,1.037100000e+01,1.303750796e-01,2.894310910e-01,8.940183220e-02,6.479369565e+01,0,4.114400976e+03,3.000000000e+00,3.001000000e+00,e57dd015d9927d70f75d6da2bd7edc4e3c07a561,false
8,50,3.000000000e-01,1.000000000e+00,0,1.000000000e+00,299196035,11,main,fall,1.274100000e+01,1.303750796e-01,1.767835461e-01,3.615925119e-02,5.961207263e+02,0,4.553557311e+03,3.000000000e+00,3.001000000e+00,e57dd015d9927d70f75d6da2bd7edc4e3c07a561,false
8,50,3.000000000e-01,1.000000000e+00,0,1.000000000e+00,1932578207,75,main,fall,3.941000000e+00,1.303750796e-01,1.586193289e-01,3.266539824e-02,1.473829097e+03,0,1.890133078e+03,3.000000000e+00,3.001000000e+00,e57dd015d9927d70f75d6da2bd7edc4e3c07a561,false
8,50,3.000000000e-01,1.000000000e+00,0,1.000000000e+00,1649059953,81,main,fall,2.881000000e+00,1.303750796e-01,2.313062220e-01,5.360037079e-02,3.176530928e+01,0,1.471955368e+03,3.000000000e+00,3.001000000e+00,e57dd015d9927d70f75d6da2bd7edc4e3c07a561,false
8,50,3.000000000e-01,1.000000000e+00,0,1.000000000e+00,797285268,101,main,fall,3.631000000e+00,1.303750796e-01,1.872353639e-01,3.847679698e-02,9.051170484e+02,0,1.272967321e+03,3.000000000e+00,3.001000000e+00,e57dd015d9927d70f75d6da2bd7edc4e3c07a561,false
8,50,3.000000000e-01,1.000000000e+00,0,1.000000000e+00,1300568360,91,main,fall,3.321000000e+00,1.303750796e-01,2.900477384e-01,7.159843326e-02,8.143139510e+02,0,1.633077224e+03,3.000000000e+00,3.001000000e+00,e57dd015d9927d70f75d6da2bd7edc4e3c07a561,false
8,50,3.000000000e-01,1.000000000e+00,0,1.000000000e+00,2039421902,103,main,fall,2.801000000e+00,1.303750796e-01,1.726311606e-01,4.412653197e-02,8.191836737e+02,0,1.325442495e+03,3.000000000e+00,3.001000000e+00,e57dd015d9927d70f75d6da2bd7edc4e3c07a561,false
8,50,3.000000000e-01,1.000000000e+00,0,1.000000000e+00,637128918,113,main,fall,1.031000000e+00,1.303750796e-01,1.881388974e-01,3.109556183e-02,1.431967179e+03,0,8.989055941e+02,3.000000000e+00,3.001000000e+00,e57dd015d9927d70f75d6da2bd7edc4e3c07a561,false
8,50,3.000000000e-01,1.000000000e+00,0,1.000000000e+00,1137509514,77,main,rise,5.131000000e+00,1.303750796e-01,2.600927433e-01,6.978975663e-02,3.718361532e+01,0,2.363108963e+03,3.000000000e+00,3.001000000e+00,e57dd015d9927d70f75d6da2bd7edc4e3c07a561,false
8,50,3.000000000e-01,1.000000000e+00,0,1.000000000e+00,1964787237,97,main,fall,3.771000000e+00,1.303750796e-01,2.969954846e-01,1.447189597e-01,8.747386859e+01,0,1.888446933e+03,3.000000000e+00,3.001000000e+00,e57dd015d9927d70f75d6da2bd7edc4e3c07a561,false
8,50,3.000000000e-01,1.000000000e+00,0,1.000000000e+00,1184441334,71,main,fall,1.178100000e+01,1.303750796e-01,3.003013236e-01,1.043395276e-01,3.787298001e+01,0,3.276672713e+03,3.000000000e+00,3.001000000e+00,e57dd015d9927d70f75d6da2bd7edc4e3c07a561,false
8,50,3.000000000e-01,1.000000000e+00,0,1.000000000e+00,1192004726,53,main,fall,1.277100000e+01,1.303750796e-01,2.401477410e-01,6.348677232e-02,4.693260320e+01,0,4.339556073e+03,3.000000000e+00,3.001000000e+00,e57dd015d9927d70f75d6da2bd7edc4e3c07a561,false
8,50,3.000000000e-01,1.000000000e+00,0,1.000000000e+00,894199262,79,main,fall,8.701000000e+00,1.303750796e-01,2.405010465e-01,8.112844795e-02,1.551740518e+02,0,2.799570645e+03,3.000000000e+00,3.001000000e+00,e57dd015d9927d70f75d6da2bd7edc4e3c07a561,false
8,50,3.000000000e-01,1.000000000e+00,0,1.000000000e+00,1233524123,117,main,fall,2.281000000e+00,1.303750796e-01,2.741003371e-01,6.460797675e-02,1.499456471e+02,0,1.311523813e+03,3.000000000e+00,3.001000000e+00,e57dd015d9927d70f75d6da2bd7edc4e3c07a561,false
8,50,3.000000000e-01,1.000000000e+00,0,1.000000000e+00,1556015196,59,main,fall,1.516100000e+01,1.303750796e-01,2.136473569e-01,5.501186319e-02,8.708605807e+02,0,4.271302574e+03,3.000000000e+00,3.001000000e+00,e57dd015d9927d70f75d6da2bd7edc4e3c07a561,false
8,50,3.000000000e-01,1.000000000e+00,0,1.000000000e+00,1702722287,107,main,fall,7.601000000e+00,1.303750796e-01,2.082731889e-01,4.608193826e-02,1.303984957e+03,0,2.033538489e+03,3.000000000e+00,3.001000000e+00,e57dd015d9927d70f75d6da2bd7edc4e3c07a561,false
8,50,3.000000000e-01,1.000000000e+00,0,1.000000000e+00,1310738130,99,main,fall,6.131000000e+00,1.303750796e-01,2.683330972e-01,7.705852868e-02,1.069194092e+03,0,2.505182471e+03,3.000000000e+00,3.001000000e+00,e57dd015d9927d70f75d6da2bd7edc4e3c07a561,false
8,50,3.000000000e-01,1.000000000e+00,0,1.000000000e+00,7924530,29,main,fall,1.646100000e+01,1.303750796e-01,2.529879651e-01,5.193145006e-02,1.147932443e+02,0,5.673563425e+03,3.000000000e+00,3.001000000e+00,e57dd015d9927d70f75d6da2bd7edc4e3c07a561,false
8,50,3.000000000e-01,1.000000000e+00,0,1.000000000e+00,2123350558,131,main,fall,1.051000000e+00,1.303750796e-01,2.139164997e-01,4.248286308e-02,1.192592598e+03,0,8.714607616e+02,3.000000000e+00,3.001000000e+00,e57dd015d9927d70f75d6da2bd7edc4e3c07a561,false
8,50,3.000000000e-01,1.000000000e+00,0,1.000000000e+00,876252395,73,main,fall,1.000100000e+01,1.303750796e-01,2.355290418e-01,7.306023419e-02,4.502295054e+02,0,3.866846151e+03,3.000000000e+00,3.001000000e+00,e57dd015d9927d70f75d6da2bd7edc4e3c07a561,false
8,50,3.000000000e-01,1.000000000e+00,0,1.000000000e+00,1615572652,89,main,fall,8.051000000e+00,1.303750796e-01,2.035118712e-01,5.520732838e-02,8.695710872e+01,0,3.040959687e+03,3.000000000e+00,3.001000000e+00,e57dd015d9927d70f75d6da2bd7edc4e3c07a561,false
8,50,3.000000000e-01,1.000000000e+00,0,1.000000000e+00,98199659,95,main,fall,6.901000000e+00,1.303750796e-01,1.934727069e-01,3.936137991e-02,5.973766192e+02,0,2.992257216e+03,3.000000000e+00,3.001000000e+00,e57dd015d9927d70f75d6da2bd7edc4e3c07a561,false
8,50,3.000000000e-01,1.000000000e+00,0,1.000000000e+00,1219575164,141,main,fall,9.710000000e-01,1.303750796e-01,2.096986687e-01,3.001284910e-02,1.424985469e+02,0,8.747200996e+02,3.000000000e+00,3.001000000e+00,e57dd015d9927d70f75d6da2bd7edc4e3c07a561,false
8,50,3.000000000e-01,1.000000000e+00,0,1.000000000e+00,1447607578,109,main,fall,7.241000000e+00,1.303750796e-01,2.898199256e-01,8.700308199e-02,3.676339850e+01,0,2.702827870e+03,3.000000000e+00,3.001000000e+00,e57dd015d9927d70f75d6da2bd7edc4e3c07a561,false
8,50,3.000000000e-01,1.000000000e+00,0,1.000000000e+00,112829788,147,main,fall,2.041000000e+00,1.303750796e-01,3.758976870e-01,9.832752024e-02,1.828788087e+02,0,7.031189583e+02,3.000000000e+00,3.001000000e+00,e57dd015d9927d70f75d6da2bd7edc4e3c07a561,false
8,50,3.000000000e-01,1.000000000e+00,0,1.000000000e+00,1538060337,111,main,rise,6.151000000e+00,1.303750796e-01,2.232010301e-01,8.279732484e-02,3.620335481e+01,0,2.716177489e+03,3.000000000e+00,3.001000000e+00,e57dd015d9927d70f75d6da2bd7edc4e3c07a561,false
8,50,3.000000000e-01,1.000000000e+00,0,1.000000000e+00,1416493239,137,main,rise,2.751000000e+00,1.303750796e-01,1.701958248e-01,3.246714281e-02,1.001874109e+03,0,1.364690278e+03,3.000000000e+00,3.001000000e+00,e57dd015d9927d70f75d6da2bd7edc4e3c07a561,false
8,50,3.000000000e-01,1.000000000e+00,0,1.000000000e+00,414589568,115,main,fall,7.681000000e+00,1.303750796e-01,2.315332767e-01,6.973857022e-02,8.503065257e+01,0,2.763646927e+03,3.000000000e+00,3.001000000e+00,e57dd015d9927d70f75d6da2bd7edc4e3c07a561,false
8,50,3.000000000e-01,1.000000000e+00,0,1.000000000e+00,215761578,87,main,fall,1.020100000e+01,1.303750796e-01,2.419542791e-01,7.269913925e-02,8.701681218e+01,0,3.995893686e+03,3.000000000e+00,3.001000000e+00,e57dd015d9927d70f75d6da2bd7edc4e3c07a561,false
8,50,3.000000000e-01,1.000000000e+00,0,1.000000000e+00,117065360,149,main,fall,1.581000000e+00,1.303750796e-01,1.739973191e-01,2.659541710e-02,4.318535553e+02,0,1.111562813e+03,3.000000000e+00,3.001000000e+00,e57dd015d9927d70f75d6da2bd7edc4e3c07a561,false
8,50,3.000000000e-01,1.000000000e+00,0,1.000000000e+00,784828151,93,main,fall,1.223100000e+01,1.303750796e-01,2.313353583e-01,8.216188506e-02,2.708513275e+02,0,4.391833128e+03,3.000000000e+00,3.001000000e+00,e57dd015d9927d70f75d6da2bd7edc4e3c07a561,false
8,50,3.000000000e-01,1.000000000e+00,0,1.000000000e+00,1437078272,25,main,fall,2.228100000e+01,1.303750796e-01,2.647567808e-01,8.130992251e-02,8.317253110e+01,0,7.641533692e+03,3.000000000e+00,3.001000000e+00,e57dd015d9927d70f75d6da2bd7edc4e3c07a561,false
8,50,3.000000000e-01,1.000000000e+00,0,1.000000000e+00,1010198497,119,main,fall,8.391000000e+00,1.303750796e-01,3.004817770e-01,1.010468256e-01,2.594606822e+02,0,3.420499052e+03,3.000000000e+00,3.001000000e+00,e57dd015d9927d70f75d6da2bd7edc4e3c07a561,false
8,50,3.000000000e-01,1.000000000e+00,0,1.000000000e+00,1139021452,123,main,fall,7.711000000e+00,1.303750796e-01,3.008853377e-01,5.862391734e-02,2.870899208e+02,0,3.081204720e+03,3.000000000e+00,3.001000000e+00,e57dd015d9927d70f75d6da2bd7edc4e3c07a561,false
8,50,3.000000000e-01,1.000000000e+00,0,1.000000000e+00,199105625,169,main,fall,2.511000000e+00,1.303750796e-01,2.795693339e-01,8.355453616e-02,1.341829466e+02,0,8.454091168e+02,3.000000000e+00,3.001000000e+00,e57dd015d9927d70f75d6da2bd7edc4e3c07a561,false
8,50,3.000000000e-01,1.000000000e+00,0,1.000000000e+00,1213432284,105,main,fall,1.213100000e+01,1.303750796e-01,2.429236427e-01,8.232848715e-02,5.751267477e+02,0,4.362112361e+03,3.000000000e+00,3.001000000e+00,e57dd015d9927d70f75d6da2bd7edc4e3c07a561,false
8,50,3.000000000e-01,1.000000000e+00,0,1.000000000e+00,2041376731,85,main,fall,1.594100000e+01,1.303750796e-01,2.332723959e-01,8.473609849e-02,2.010908605e+01,0,5.535422383e+03,3.000000000e+00,3.001000000e+00,e57dd015d9927d70f75d6da2bd7edc4e3c07a561,false
8,50,3.000000000e-01,1.000000000e+00,0,1.000000000e+00,1996196020,157,main,fall,4.411000000e+00,1.303750796e-01,2.426490151e-01,7.860488566e-02,8.388249804e+01,0,2.120417916e+03,3.000000000e+00,3.001000000e+00,e57dd015d9927d70f75d6da2bd7edc4e3c07a561,false
8,50,3.000000000e-01,1.000000000e+00,0,1.000000000e+00,1482235729,125,main,rise,9.861000000e+00,1.303750796e-01,2.014227703e-01,7.688690167e-02,1.164052920e+02,0,3.891681302e+03,3.000000000e+00,3.001000000e+00,e57dd015d9927d70f75d6da2bd7edc4e3c07a561,false
8,50,3.000000000e-01,1.000000000e+00,0,1.000000000e+00,1291256225,143,main,rise,9.831000000e+00,1.303750796e-01,2.959272118e-01,7.642887288e-02,2.521268264e+02,0,3.018144783e+03,3.000000000e+00,3.001000000e+00,e57dd015d9927d70f75d6da2bd7edc4e3c07a561,false
8,50,3.000000000e-01,1.000000000e+00,0,1.000000000e+00,1490883627,133,main,fall,1.172100000e+01,1.303750796e-01,2.736921709e-01,9.884151153e-02,5.568713559e+01,0,3.780992332e+03,3.000000000e+00,3.001000000e+00,e57dd015d9927d70f75d6da2bd7edc4e3c07a561,false
8,50,3.000000000e-01,1.000000000e+00,0,1.000000000e+00,1817883243,167,main,rise,6.571000000e+00,1.303750796e-01,2.284509201e-01,7.228177064e-02,9.086456769e+01,0,2.599126695e+03,3.000000000e+00,3.001000000e+00,e57dd015d9927d70f75d6da2bd7edc4e3c07a561,false
8,50,3.000000000e-01,1.000000000e+00,0,1.000000000e+00,652259713,185,main,fall,2.091000000e+00,1.303750796e-01,1.741924464e-01,5.850685164e-02,1.431867057e+03,0,1.154177033e+03,3.000000000e+00,3.001000000e+00,e57dd015d9927d70f75d6da2bd7edc4e3c07a561,false
8,50,3.000000000e-01,1.000000000e+00,0,1.000000000e+00,2100948391,121,main,fall,1.456100000e+01,1.303750796e-01,2.433319728e-01,5.752320425e-02,1.814894579e+02,0,4.879058271e+03,3.000000000e+00,3.001000000e+00,e57dd015d9927d70f75d6da2bd7edc4e3c07a561,false
8,50,3.000000000e-01,1.000000000e+00,0,1.000000000e+00,235910974,183,main,fall,2.961000000e+00,1.303750796e-01,1.996791514e-01,7.447765923e-02,3.029146068e+02,0,1.595293775e+03,3.000000000e+00,3.001000000e+00,e57dd015d9927d70f75d6da2bd7edc4e3c07a561,false
8,50,3.000000000e-01,1.000000000e+00,0,1.000000000e+00,2021206455,129,main,rise,1.149100000e+01,1.303750796e-01,2.509007136e-01,5.627439166e-02,4.899592576e+02,0,4.904089298e+03,3.000000000e+00,3.001000000e+00,e57dd015d9927d70f75d6da2bd7edc4e3c07a561,false
8,50,3.000000000e-01,1.000000000e+00,0,1.000000000e+00,1075650506,179,main,rise,5.611000000e+00,1.303750796e-01,3.405143815e-01,1.304762543e-01,1.621795464e+02,0,2.028181834e+03,3.000000000e+00,3.001000000e+00,e57dd015d9927d70f75d6da2bd7edc4e3c07a561,false
8,50,3.000000000e-01,1.000000000e+00,0,1.000000000e+00,103960716,153,main,fall,9.411000000e+00,1.303750796e-01,2.538329824e-01,5.974375296e-02,3.408860256e+02,0,3.756580633e+03,3.000000000e+00,3.001000000e+00,e57dd015d9927d70f75d6da2bd7edc4e3c07a561,false
8,50,3.000000000e-01,1.000000000e+00,0,1.000000000e+00,1304158249,181,main,fall,4.241000000e+00,1.303750796e-01,2.350115800e-01,5.400499296e-02,1.966016705e+02,0,2.024508421e+03,3.000000000e+00,3.001000000e+00,e57dd015d9927d70f75d6da2bd7edc4e3c07a561,false
8,50,3.000000000e-01,1.000000000e+00,0,1.000000000e+00,155342763,69,main,rise,2.128100000e+01,1.303750796e-01,3.147528473e-01,1.294212947e-01,7.624156333e+01,0,7.912841149e+03,3.000000000e+00,3.001000000e+00,e57dd015d9927d70f75d6da2bd7edc4e3c07a561,false
8,50,3.000000000e-01,1.000000000e+00,0,1.000000000e+00,609729003,127,main,rise,1.262100000e+01,1.303750796e-01,2.407133428e-01,7.662572364e-02,1.014196627e+02,0,5.153256897e+03,3.000000000e+00,3.001000000e+00,e57dd015d9927d70f75d6da2bd7edc4e3c07a561,false
8,50,3.000000000e-01,1.000000000e+00,0,1.000000000e+00,597243830,159,main,rise,1.122100000e+01,1.303750796e-01,3.199614741e-01,9.312392485e-02,4.211589698e+01,0,4.019580220e+03,3.000000000e+00,3.001000000e+00,e57dd015d9927d70f75d6da2bd7edc4e3c07a561,false
8,50,3.000000000e-01,1.000000000e+00,0,1.000000000e+00,573055709,195,main,fall,1.961000000e+00,1.303750796e-01,2.012690113e-01,3.349498407e-02,4.017119473e+02,0,1.182011098e+03,3.000000000e+00,3.001000000e+00,e57dd015d9927d70f75d6da2bd7edc4e3c07a561,false
8,50,3.000000000e-01,1.000000000e+00,0,1.000000000e+00,1307815504,191,main,fall,5.551000000e+00,1.303750796e-01,2.153142041e-01,8.387155198e-02,2.694099918e+02,0,1.916343328e+03,3.000000000e+00,3.001000000e+00,e57dd015d9927d70f75d6da2bd7edc4e3c07a561,false
8,50,3.000000000e-01,1.000000000e+00,0,1.000000000e+00,61989452,177,main,fall,1.143100000e+01,1.303750796e-01,2.135729599e-01,4.772969702e-02,1.478340548e+02,0,3.549764000e+03,3.000000000e+00,3.001000000e+00,e57dd015d9927d70f75d6da2bd7edc4e3c07a561,false
8,50,3.000000000e-01,1.000000000e+00,0,1.000000000e+00,1420900533,175,main,rise,9.381000000e+00,1.303750796e-01,2.545439643e-01,9.909524920e-02,2.240077353e+02,0,3.826638546e+03,3.000000000e+00,3.001000000e+00,e57dd015d9927d70f75d6da2bd7edc4e3c07a561,false
8,50,3.000000000e-01,1.000000000e+00,0,1.000000000e+00,1752304883,187,main,fall,8.711000000e+00,1.303750796e-01,2.894397428e-01,7.577460921e-02,8.684981196e+02,0,2.986592111e+03,3.000000000e+00,3.001000000e+00,e57dd015d9927d70f75d6da2bd7edc4e3c07a561,false
8,50,3.000000000e-01,1.000000000e+00,0,1.000000000e+00,1657559367,171,main,fall,1.615100000e+01,1.303750796e-01,2.221702602e-01,6.991212437e-02,5.424001995e+02,0,4.456012505e+03,3.000000000e+00,3.001000000e+00,e57dd015d9927d70f75d6da2bd7edc4e3c07a561,false
8,50,3.000000000e-01,1.000000000e+00,0,1.000000000e+00,1776846013,199,main,rise,6.331000000e+00,1.303750796e-01,2.628736782e-01,7.271930255e-02,4.166628391e+02,0,2.034097510e+03,3.000000000e+00,3.001000000e+00,e57dd015d9927d70f75d6da2bd7edc4e3c07a561,false
8,50,3.000000000e-01,1.000000000e+00,0,1.000000000e+00,1771348033,173,main,fall,1.061100000e+01,1.303750796e-01,2.193899936e-01,5.653202914e-02,9.135138222e+01,0,4.346570328e+03,3.000000000e+00,3.001000000e+00,e57dd015d9927d70f75d6da2bd7edc4e3c07a561,false
8,50,3.000000000e-01,1.000000000e+00,0,1.000000000e+00,329341015,165,main,fall,1.397100000e+01,1.303750796e-01,2.278025675e-01,7.042251614e-02,1.418382958e+02,0,5.095044209e+03,3.000000000e+00,3.001000000e+00,e57dd015d9927d70f75d6da2bd7edc4e3c07a561,false
8,50,3.000000000e-01,1.000000000e+00,1,1.515875011e+00,309271784,13,main,rise,4.281000000e+00,1.500028748e-01,2.484205484e-01,5.385631738e-02,1.351978554e+03,0,1.942143606e+03,3.000000000e+00,3.001100000e+00,e57dd015d9927d70f75d6da2bd7edc4e3c07a561,false
8,50,3.000000000e-01,1.000000000e+00,1,1.515875011e+00,1145586046,19,main,rise,3.751000000e+00,1.500028748e-01,2.207651111e-01,4.402987368e-02,2.504376190e+03,0,1.352033484e+03,3.000000000e+00,3.001100000e+00,e57dd015d9927d70f75d6da2bd7edc4e3c07a561,false
8,50,3.000000000e-01,1.000000000e+00,0,1.000000000e+00,132563059,189,main,rise,1.053100000e+01,1.303750796e-01,2.456367987e-01,6.168204580e-02,1.967802549e+02,0,3.488819963e+03,3.000000000e+00,3.001000000e+00,e57dd015d9927d70f75d6da2bd7edc4e3c07a561,false
8,50,3.000000000e-01,1.000000000e+00,0,1.000000000e+00,1797928031,45,main,rise,3.425100000e+01,1.303750796e-01,2.772065985e-01,7.630262346e-02,2.727594401e+01,0,1.144954018e+04,3.000000000e+00,3.001000000e+00,e57dd015d9927d70f75d6da2bd7edc4e3c07a561,false
8,50,3.000000000e-01,1.000000000e+00,0,1.000000000e+00,701962103,193,main,fall,7.511000000e+00,1.303750796e-01,2.618910685e-01,6.813524411e-02,3.832154996e+02,0,3.162496555e+03,3.000000000e+00,3.001000000e+00,e57dd015d9927d70f75d6da2bd7edc4e3c07a561,false
8,50,3.000000000e-01,1.000000000e+00,1,1.515875011e+00,1069710743,1,main,rise,6.521000000e+00,1.500028748e-01,2.366316504e-01,4.052403206e-02,1.486260722e+03,0,2.812192959e+03,3.000000000e+00,3.001100000e+00,e57dd015d9927d70f75d6da2bd7edc4e3c07a561,false
8,50,3.000000000e-01,1.000000000e+00,0,1.000000000e+00,1760957340,163,main,fall,1.628100000e+01,1.303750796e-01,3.296488653e-01,1.133247470e-01,4.003092111e+01,0,6.294609920e+03,3.000000000e+00,3.001000000e+00,e57dd015d9927d70f75d6da2bd7edc4e3c07a561,false
8,50,3.000000000e-01,1.000000000e+00,1,1.515875011e+00,902965653,7,main,fall,8.211000000e+00,1.500028748e-01,2.144157580e-01,5.402268516e-02,6.345627667e+02,0,3.542029969e+03,3.000000000e+00,3.001100000e+00,e57dd015d9927d70f75d6da2bd7edc4e3c07a561,false
8,50,3.000000000e-01,1.000000000e+00,1,1.515875011e+00,1614123404,17,main,rise,7.111000000e+00,1.500028748e-01,2.221413591e-01,5.070385018e-02,2.126057966e+03,0,2.805695442e+03,3.000000000e+00,3.001100000e+00,e57dd015d9927d70f75d6da2bd7edc4e3c07a561,false
8,50,3.000000000e-01,1.000000000e+00,0,1.000000000e+00,1716239414,161,main,fall,1.984100000e+01,1.303750796e-01,2.564529554e-01,6.480059040e-02,1.903104832e+02,0,6.981681443e+03,3.000000000e+00,3.001000000e+00,e57dd015d9927d70f75d6da2bd7edc4e3c07a561,false
8,50,3.000000000e-01,1.000000000e+00,1,1.515875011e+00,1691960517,37,main,rise,4.921000000e+00,1.500028748e-01,2.250199415e-01,3.585602831e-02,1.060861889e+03,0,1.583123501e+03,3.000000000e+00,3.001100000e+00,e57dd015d9927d70f75d6da2bd7edc4e3c07a561,false
8,50,3.000000000e-01,1.000000000e+00,0,1.000000000e+00,1867473043,135,main,rise,2.275100000e+01,1.303750796e-01,2.499481379e-01,8.286572650e-02,3.884120377e+01,0,8.196417403e+03,3.000000000e+00,3.001000000e+00,e57dd015d9927d70f75d6da2bd7edc4e3c07a561,false
8,50,3.000000000e-01,1.000000000e+00,1,1.515875011e+00,1745192542,41,main,rise,2.931000000e+00,1.500028748e-01,2.187351566e-01,4.701317302e-02,9.991329529e+02,0,1.524077750e+03,3.000000000e+00,3.001100000e+00,e57dd015d9927d70f75d6da2bd7edc4e3c07a561,false
8,50,3.000000000e-01,1.000000000e+00,1,1.515875011e+00,1987328478,5,main,rise,1.036100000e+01,1.500028748e-01,2.399913116e-01,4.974318024e-02,2.321741360e+02,0,4.078328521e+03,3.000000000e+00,3.001100000e+00,e57dd015d9927d70f75d6da2bd7edc4e3c07a561,false
8,50,3.000000000e-01,1.000000000e+00,1,1.515875011e+00,1987735133,15,main,rise,9.591000000e+00,1.500028748e-01,2.515116196e-01,5.891253356e-02,1.163827278e+03,0,3.385247955e+03,3.000000000e+00,3.001100000e+00,e57dd015d9927d70f75d6da2bd7edc4e3c07a561,false
8,50,3.000000000e-01,1.000000000e+00,1,1.515875011e+00,1364504047,9,main,rise,1.072100000e+01,1.500028748e-01,2.415370790e-01,6.195448739e-02,1.384375034e+03,0,4.249640486e+03,3.000000000e+00,3.001100000e+00,e57dd015d9927d70f75d6da2bd7edc4e3c07a561,false
8,50,3.000000000e-01,1.000000000e+00,1,1.515875011e+00,1480548960,45,main,rise,4.131000000e+00,1.500028748e-01,2.090561933e-01,4.995859667e-02,2.257250872e+03,0,1.885012857e+03,3.000000000e+00,3.001100000e+00,e57dd015d9927d70f75d6da2bd7edc4e3c07a561,false
8,50,3.000000000e-01,1.000000000e+00,1,1.515875011e+00,479916869,29,main,rise,6.251000000e+00,1.500028748e-01,2.244586308e-01,3.834901789e-02,2.193951972e+03,0,2.707813292e+03,3.000000000e+00,3.001100000e+00,e57dd015d9927d70f75d6da2bd7edc4e3c07a561,false
8,50,3.000000000e-01,1.000000000e+00,1,1.515875011e+00,902668950,3,main,rise,1.216100000e+01,1.500028748e-01,2.454636826e-01,5.990803538e-02,6.987198774e+02,0,4.557224188e+03,3.000000000e+00,3.001100000e+00,e57dd015d9927d70f75d6da2bd7edc4e3c07a561,false
8,50,3.000000000e-01,1.000000000e+00,1,1.515875011e+00,1545713689,43,main,rise,4.281000000e+00,1.500028748e-01,2.714948207e-01,3.846767769e-02,1.688003071e+03,0,2.070069179e+03,3.000000000e+00,3.001100000e+00,e57dd015d9927d70f75d6da2bd7edc4e3c07a561,false
8,50,3.000000000e-01,1.000000000e+00,1,1.515875011e+00,2046359141,55,main,fall,1.061000000e+00,1.500028748e-01,1.723275099e-01,3.864435409e-02,1.077200745e+03,0,9.004445051e+02,3.000000000e+00,3.001100000e+00,e57dd015d9927d70f75d6da2bd7edc4e3c07a561,false
8,50,3.000000000e-01,1.000000000e+00,0,1.000000000e+00,821967749,139,main,fall,2.906100000e+01,1.303750796e-01,2.448166837e-01,9.894174822e-02,2.288988970e+01,0,8.967014899e+03,3.000000000e+00,3.001000000e+00,e57dd015d9927d70f75d6da2bd7edc4e3c07a561,false
8,50,3.000000000e-01,1.000000000e+00,1,1.515875011e+00,494508659,39,main,fall,6.021000000e+00,1.500028748e-01,2.661856608e-01,4.520364890e-02,1.841774481e+02,0,2.446772311e+03,3.000000000e+00,3.001100000e+00,e57dd015d9927d70f75d6da2bd7edc4e3c07a561,false
8,50,3.000000000e-01,1.000000000e+00,1,1.515875011e+00,1943391069,21,main,rise,1.139100000e+01,1.500028748e-01,2.276627452e-01,6.017132632e-02,4.198662006e+01,0,3.524434470e+03,3.000000000e+00,3.001100000e+00,e57dd015d9927d70f75d6da2bd7edc4e3c07a561,false
8,50,3.000000000e-01,1.000000000e+00,1,1.515875011e+00,912263702,33,main,rise,8.161000000e+00,1.500028748e-01,2.403761782e-01,5.619927895e-02,3.786298018e+02,0,3.076641678e+03,3.000000000e+00,3.001100000e+00,e57dd015d9927d70f75d6da2bd7edc4e3c07a561,false
8,50,3.000000000e-01,1.000000000e+00,1,1.515875011e+00,1246915603,49,main,rise,3.411000000e+00,1.500028748e-01,2.163089573e-01,3.590032430e-02,2.491226125e+03,0,1.715162495e+03,3.000000000e+00,3.001100000e+00,e57dd015d9927d70f75d6da2bd7edc4e3c07a561,false
8,50,3.000000000e-01,1.000000000e+00,1,1.515875011e+00,2034255391,65,main,fall,1.911000000e+00,1.500028748e-01,1.982573969e-01,2.728041294e-02,2.646558893e+03,0,1.141820331e+03,3.000000000e+00,3.001100000e+00,e57dd015d9927d70f75d6da2bd7edc4e3c07a561,false
8,50,3.000000000e-01,1.000000000e+00,0,1.000000000e+00,1004713394,197,main,fall,1.667100000e+01,1.303750796e-01,2.285479287e-01,7.159590000e-02,1.156943759e+02,0,5.846035597e+03,3.000000000e+00,3.001000000e+00,e57dd015d9927d70f75d6da2bd7edc4e3c07a561,false
8,50,3.000000000e-01,1.000000000e+00,1,1.515875011e+00,554835053,81,main,fall,2.811000000e+00,1.500028748e-01,2.029326497e-01,3.769474370e-02,1.885354701e+03,0,7.252763855e+02,3.000000000e+00,3.001100000e+00,e57dd015d9927d70f75d6da2bd7edc4e3c07a561,false
8,50,3.000000000e-01,1.000000000e+00,1,1.515875011e+00,312037226,75,main,fall,1.491000000e+00,1.500028748e-01,1.675675291e-01,9.054516359e-03,2.367405307e+02,0,1.001838121e+03,3.000000000e+00,3.001100000e+00,e57dd015d9927d70f75d6da2bd7edc4e3c07a561,false
8,50,3.000000000e-01,1.000000000e+00,0,1.000000000e+00,989859757,145,main,fall,2.892100000e+01,1.303750796e-01,2.699969118e-01,9.148784278e-02,9.402760804e+01,0,9.719190550e+03,3.000000000e+00,3.001000000e+00,e57dd015d9927d70f75d6da2bd7edc4e3c07a561,false
8,50,3.000000000e-01,1.000000000e+00,1,1.515875011e+00,180830469,25,main,fall,1.033100000e+01,1.500028748e-01,2.122196409e-01,3.894902516e-02,1.369845682e+03,0,3.956873381e+03,3.000000000e+00,3.001100000e+00,e57dd015d9927d70f75d6da2bd7edc4e3c07a561,false
8,50,3.000000000e-01,1.000000000e+00,1,1.515875011e+00,55937906,47,main,rise,6.931000000e+00,1.500028748e-01,2.307500636e-01,5.155347927e-02,6.361726807e+02,0,2.679975996e+03,3.000000000e+00,3.001100000e+00,e57dd015d9927d70f75d6da2bd7edc4e3c07a561,false
8,50,3.000000000e-01,1.000000000e+00,1,1.515875011e+00,971104553,63,main,fall,4.511000000e+00,1.500028748e-01,2.285712636e-01,5.841082069e-02,9.937337730e+02,0,2.088857826e+03,3.000000000e+00,3.001100000e+00,e57dd015d9927d70f75d6da2bd7edc4e3c07a561,false
8,50,3.000000000e-01,1.000000000e+00,1,1.515875011e+00,903030338,61,main,rise,4.661000000e+00,1.500028748e-01,2.459393414e-01,4.612669491e-02,1.723418274e+03,0,2.131532752e+03,3.000000000e+00,3.001100000e+00,e57dd015d9927d70f75d6da2bd7edc4e3c07a561,false
8,50,3.000000000e-01,1.000000000e+00,1,1.515875011e+00,1224023651,11,main,rise,1.646100000e+01,1.500028748e-01,2.501407597e-01,5.078924666e-02,2.205410068e+02,0,6.202332389e+03,3.000000000e+00,3.001100000e+00,e57dd015d9927d70f75d6da2bd7edc4e3c07a561,false
8,50,3.000000000e-01,1.000000000e+00,1,1.515875011e+00,203040153,77,main,fall,3.881000000e+00,1.500028748e-01,2.063206226e-01,4.109153482e-02,1.777237988e+03,0,1.964398900e+03,3.000000000e+00,3.001100000e+00,e57dd015d9927d70f75d6da2bd7edc4e3c07a561,false
8,50,3.000000000e-01,1.000000000e+00,0,1.000000000e+00,330049865,151,main,rise,3.091100000e+01,1.303750796e-01,2.380815722e-01,7.609510709e-02,7.146997130e+01,0,1.049234007e+04,3.000000000e+00,3.001000000e+00,e57dd015d9927d70f75d6da2bd7edc4e3c07a561,false
8,50,3.000000000e-01,1.000000000e+00,1,1.515875011e+00,85247435,67,main,rise,5.171000000e+00,1.500028748e-01,2.217283898e-01,4.945410948e-02,1.570175507e+03,0,2.351495653e+03,3.000000000e+00,3.001100000e+00,e57dd015d9927d70f75d6da2bd7edc4e3c07a561,false
8,50,3.000000000e-01,1.000000000e+00,1,1.515875011e+00,370612415,59,main,rise,9.471000000e+00,1.500028748e-01,2.853256347e-01,6.632244840e-02,1.089549914e+03,0,3.008570256e+03,3.000000000e+00,3.001100000e+00,e57dd015d9927d70f75d6da2bd7edc4e3c07a561,false
8,50,3.000000000e-01,1.000000000e+00,1,1.515875011e+00,1213246285,79,main,rise,6.881000000e+00,1.500028748e-01,2.278457877e-01,6.140904800e-02,1.343644661e+03,0,2.202062747e+03,3.000000000e+00,3.001100000e+00,e57dd015d9927d70f75d6da2bd7edc4e3c07a561,false
8,50,3.000000000e-01,1.000000000e+00,1,1.515875011e+00,1204750445,51,main,rise,8.161000000e+00,1.500028748e-01,2.347534251e-01,5.298054644e-02,2.905709797e+02,0,3.434799451e+03,3.000000000e+00,3.001100000e+00,e57dd015d9927d70f75d6da2bd7edc4e3c07a561,false
8,50,3.000000000e-01,1.000000000e+00,1,1.515875011e+00,585046255,23,main,rise,1.629100000e+01,1.500028748e-01,2.812208499e-01,7.878292939e-02,1.134232085e+03,0,5.796064590e+03,3.000000000e+00,3.001100000e+00,e57dd015d9927d70f75d6da2bd7edc4e3c07a561,false
8,50,3.000000000e-01,1.000000000e+00,1,1.515875011e+00,516177048,87,main,rise,4.361000000e+00,1.500028748e-01,2.744408825e-01,8.811626827e-02,6.968731186e+02,0,2.024981152e+03,3.000000000e+00,3.001100000e+00,e57dd015d9927d70f75d6da2bd7edc4e3c07a561,false
8,50,3.000000000e-01,1.000000000e+00,1,1.515875011e+00,1453733763,27,main,rise,1.477100000e+01,1.500028748e-01,2.482847497e-01,6.476408172e-02,2.021868895e+02,0,5.801205444e+03,3.000000000e+00,3.001100000e+00,e57dd015d9927d70f75d6da2bd7edc4e3c07a561,false
8,50,3.000000000e-01,1.000000000e+00,1,1.515875011e+00,834669435,89,main,rise,5.171000000e+00,1.500028748e-01,2.864751910e-01,7.796678639e-02,2.621467193e+02,0,2.258087228e+03,3.000000000e+00,3.001100000e+00,e57dd015d9927d70f75d6da2bd7edc4e3c07a561,false
8,50,3.000000000e-01,1.000000000e+00,1,1.515875011e+00,1553931893,97,main,rise,5.081000000e+00,1.500028748e-01,2.583882108e-01,7.542287908e-02,5.440094884e+02,0,2.241732337e+03,3.000000000e+00,3.001100000e+00,e57dd015d9927d70f75d6da2bd7edc4e3c07a561,false
8,50,3.000000000e-01,1.000000000e+00,1,1.515875011e+00,932889789,83,main,rise,6.891000000e+00,1.500028748e-01,2.104601569e-01,2.115396527e-02,2.253838463e+03,0,3.011496542e+03,3.000000000e+00,3.001100000e+00,e57dd015d9927d70f75d6da2bd7edc4e3c07a561,false
8,50,3.000000000e-01,1.000000000e+00,1,1.515875011e+00,120810133,53,main,rise,1.218100000e+01,1.500028748e-01,2.433575687e-01,5.280346175e-02,1.516917409e+03,0,4.660277057e+03,3.000000000e+00,3.001100000e+00,e57dd015d9927d70f75d6da2bd7edc4e3c07a561,false
8,50,3.000000000e-01,1.000000000e+00,1,1.515875011e+00,868194299,109,main,rise,3.291000000e+00,1.500028748e-01,2.554231518e-01,3.263487070e-02,2.526506388e+03,0,1.690782978e+03,3.000000000e+00,3.001100000e+00,e57dd015d9927d70f75d6da2bd7edc4e3c07a561,false
8,50,3.000000000e-01,1.000000000e+00,1,1.515875011e+00,259337343,57,main,rise,1.220100000e+01,1.500028748e-01,2.621462039e-01,6.420127113e-02,1.387476353e+03,0,4.592673806e+03,3.000000000e+00,3.001100000e+00,e57dd015d9927d70f75d6da2bd7edc4e3c07a561,false
8,50,3.000000000e-01,1.000000000e+00,1,1.515875011e+00,1993247208,85,main,rise,9.111000000e+00,1.500028748e-01,2.371188296e-01,6.220559900e-02,1.882712667e+03,0,3.236348795e+03,3.000000000e+00,3.001100000e+00,e57dd015d9927d70f75d6da2bd7edc4e3c07a561,false
8,50,3.000000000e-01,1.000000000e+00,1,1.515875011e+00,1074925900,115,main,rise,5.121000000e+00,1.500028748e-01,2.449827444e-01,4.836761933e-02,4.676870574e+02,0,1.727992193e+03,3.000000000e+00,3.001100000e+00,e57dd015d9927d70f75d6da2bd7edc4e3c07a561,false
8,50,3.000000000e-01,1.000000000e+00,1,1.515875011e+00,1911877480,123,main,fall,2.651000000e+00,1.500028748e-01,2.177632737e-01,4.305369801e-02,2.427291515e+02,0,1.402627854e+03,3.000000000e+00,3.001100000e+00,e57dd015d9927d70f75d6da2bd7edc4e3c07a561,false
8,50,3.000000000e-01,1.000000000e+00,1,1.515875011e+00,1648347007,129,main,fall,1.411000000e+00,1.500028748e-01,1.953424302e-01,3.590065949e-02,4.264844765e+02,0,1.038240250e+03,3.000000000e+00,3.001100000e+00,e57dd015d9927d70f75d6da2bd7edc4e3c07a561,false
8,50,3.000000000e-01,1.000000000e+00,1,1.515875011e+00,38771703,111,main,rise,5.901000000e+00,1.500028748e-01,2.628486596e-01,4.311268167e-02,8.897386949e+02,0,2.454632362e+03,3.000000000e+00,3.001100000e+00,e57dd015d9927d70f75d6da2bd7edc4e3c07a561,false
8,50,3.000000000e-01,1.000000000e+00,1,1.515875011e+00,150091543,103,main,rise,1.118100000e+01,1.500028748e-01,2.324513638e-01,5.291240107e-02,1.082741459e+03,0,3.068632996e+03,3.000000000e+00,3.001100000e+00,e57dd015d9927d70f75d6da2bd7edc4e3c07a561,false
8,50,3.000000000e-01,1.000000000e+00,1,1.515875011e+00,560131918,113,main,fall,5.911000000e+00,1.500028748e-01,1.881557357e-01,3.489627527e-02,1.340894479e+03,0,2.385810468e+03,3.000000000e+00,3.001100000e+00,e57dd015d9927d70f75d6da2bd7edc4e3c07a561,false
8,50,3.000000000e-01,1.000000000e+00,1,1.515875011e+00,1248373820,117,main,rise,5.641000000e+00,1.500028748e-01,2.513205929e-01,3.920849170e-02,8.810868302e+02,0,2.335666074e+03,3.000000000e+00,3.001100000e+00,e57dd015d9927d70f75d6da2bd7edc4e3c07a561,false
8,50,3.000000000e-01,1.000000000e+00,1,1.515875011e+00,1059965451,73,main,rise,1.588100000e+01,1.500028748e-01,2.168846261e-01,3.892282807e-02,7.048309564e+02,0,5.266339305e+03,3.000000000e+00,3.001100000e+00,e57dd015d9927d70f75d6da2bd7edc4e3c07a561,false
8,50,3.000000000e-01,1.000000000e+00,1,1.515875011e+00,1200789605,133,main,rise,2.761000000e+00,1.500028748e-01,2.318537440e-01,4.230575707e-02,1.882511341e+03,0,1.493949207e+03,3.000000000e+00,3.001100000e+00,e57dd015d9927d70f75d6da2bd7edc4e3c07a561,false
8,50,3.000000000e-01,1.000000000e+00,1,1.515875011e+00,561742814,99,main,rise,1.093100000e+01,1.500028748e-01,2.566506175e-01,6.821173716e-02,8.078262665e+02,0,4.178690514e+03,3.000000000e+00,3.001100000e+00,e57dd015d9927d70f75d6da2bd7edc4e3c07a561,false
8,50,3.000000000e-01,1.000000000e+00,1,1.515875011e+00,135892828,35,main,rise,2.483100000e+01,1.500028748e-01,2.369395457e-01,4.144142870e-02,7.525487650e+02,0,7.852448648e+03,3.000000000e+00,3.001100000e+00,e57dd015d9927d70f75d6da2bd7edc4e3c07a561,false
8,50,3.000000000e-01,1.000000000e+00,1,1.515875011e+00,2084501024,69,main,rise,1.566100000e+01,1.500028748e-01,2.394768592e-01,4.447664281e-02,1.554062378e+03,0,5.790556406e+03,3.000000000e+00,3.001100000e+00,e57dd015d9927d70f75d6da2bd7edc4e3c07a561,false
8,50,3.000000000e-01,1.000000000e+00,1,1.515875011e+00,874728589,101,main,rise,1.334100000e+01,1.500028748e-01,2.358442571e-01,8.076681745e-02,1.349582265e+03,0,4.166009041e+03,3.000000000e+00,3.001100000e+00,e57dd015d9927d70f75d6da2bd7edc4e3c07a561,false
8,50,3.000000000e-01,1.000000000e+00,0,1.000000000e+00,2080386748,155,main,rise,4.162100000e+01,1.303750796e-01,2.951175299e-01,8.172218276e-02,7.113933925e+01,0,1.411713657e+04,3.000000000e+00,3.001000000e+00,e57dd015d9927d70f75d6da2bd7edc4e3c07a561,false
8,50,3.000000000e-01,1.000000000e+00,1,1.515875011e+00,942804219,127,main,rise,5.551000000e+00,1.500028748e-01,2.939596375e-01,9.102150777e-02,4.903179169e+02,0,2.577493663e+03,3.000000000e+00,3.001100000e+00,e57dd015d9927d70f75d6da2bd7edc4e3c07a561,false
8,50,3.000000000e-01,1.000000000e+00,1,1.515875011e+00,1760830652,139,main,rise,4.591000000e+00,1.500028748e-01,2.442681573e-01,5.157345389e-02,2.233476685e+03,0,1.847602409e+03,3.000000000e+00,3.001100000e+00,e57dd015d9927d70f75d6da2bd7edc4e3c07a561,false
8,50,3.000000000e-01,1.000000000e+00,1,1.515875011e+00,85838940,153,main,fall,9.710000000e-01,1.500028748e-01,2.283544532e-01,5.002654026e-02,3.086152521e+02,0,8.559374903e+02,3.000000000e+00,3.001100000e+00,e57dd015d9927d70f75d6da2bd7edc4e3c07a561,false
8,50,3.000000000e-01,1.000000000e+00,1,1.515875011e+00,83693370,121,main,rise,8.361000000e+00,1.500028748e-01,2.324893813e-01,5.554741547e-02,1.462954454e+03,0,3.219613822e+03,3.000000000e+00,3.001100000e+00,e57dd015d9927d70f75d6da2bd7edc4e3c07a561,false
8,50,3.000000000e-01,1.000000000e+00,1,1.515875011e+00,652572805,151,main,rise,2.661000000e+00,1.500028748e-01,2.023002751e-01,2.952177950e-02,2.071346011e+03,0,1.390960050e+03,3.000000000e+00,3.001100000e+00,e57dd015d9927d70f75d6da2bd7edc4e3c07a561,false
8,50,3.000000000e-01,1.000000000e+00,1,1.515875011e+00,118258610,131,main,rise,5.251000000e+00,1.500028748e-01,2.384227843e-01,4.217375041e-02,1.990833401e+03,0,2.411073291e+03,3.000000000e+00,3.001100000e+00,e57dd015d9927d70f75d6da2bd7edc4e3c07a561,false
8,50,3.000000000e-01,1.000000000e+00,1,1.515875011e+00,1645503068,93,main,fall,1.533100000e+01,1.500028748e-01,2.429619469e-01,5.530179073e-02,8.556579627e+02,0,5.266179969e+03,3.000000000e+00,3.001100000e+00,e57dd015d9927d70f75d6da2bd7edc4e3c07a561,false
8,50,3.000000000e-01,1.000000000e+00,1,1.515875011e+00,991580815,95,main,rise,1.873100000e+01,1.500028748e-01,2.834176490e-01,8.023988185e-02,1.494943700e+02,0,5.277175956e+03,3.000000000e+00,3.001100000e+00,e57dd015d9927d70f75d6da2bd7edc4e3c07a561,false
8,50,3.000000000e-01,1.000000000e+00,1,1.515875011e+00,1280267688,155,main,fall,1.901000000e+00,1.500028748e-01,1.989036634e-01,2.259564372e-02,1.488969551e+03,0,1.103269659e+03,3.000000000e+00,3.001100000e+00,e57dd015d9927d70f75d6da2bd7edc4e3c07a561,false
8,50,3.000000000e-01,1.000000000e+00,1,1.515875011e+00,696835930,149,main,rise,3.551000000e+00,1.500028748e-01,2.415986903e-01,7.072501278e-02,1.723794927e+03,0,1.671874146e+03,3.000000000e+00,3.001100000e+00,e57dd015d9927d70f75d6da2bd7edc4e3c07a561,false
8,50,3.000000000e-01,1.000000000e+00,1,1.515875011e+00,1678217714,125,main,rise,9.101000000e+00,1.500028748e-01,2.941283317e-01,6.969853446e-02,8.258127352e+01,0,3.387006896e+03,3.000000000e+00,3.001100000e+00,e57dd015d9927d70f75d6da2bd7edc4e3c07a561,false
8,50,3.000000000e-01,1.000000000e+00,1,1.515875011e+00,1757109533,163,main,rise,3.571000000e+00,1.500028748e-01,2.254613045e-01,5.001940564e-02,2.013093958e+03,0,1.277224113e+03,3.000000000e+00,3.001100000e+00,e57dd015d9927d70f75d6da2bd7edc4e3c07a561,false
8,50,3.000000000e-01,1.000000000e+00,1,1.515875011e+00,104405593,157,main,rise,3.801000000e+00,1.500028748e-01,2.139602353e-01,3.423595314e-02,1.223170779e+03,0,1.819362862e+03,3.000000000e+00,3.001100000e+00,e57dd015d9927d70f75d6da2bd7edc4e3c07a561,false
8,50,3.000000000e-01,1.000000000e+00,1,1.515875011e+00,1872449207,137,main,rise,9.261000000e+00,1.500028748e-01,2.129810958e-01,3.626993417e-02,2.923600852e+02,0,3.325554550e+03,3.000000000e+00,3.001100000e+00,e57dd015d9927d70f75d6da2bd7edc4e3c07a561,false
8,50,3.000000000e-01,1.000000000e+00,1,1.515875011e+00,1859618400,71,main,rise,2.269100000e+01,1.500028748e-01,2.325953962e-01,5.481063997e-02,9.917593097e+02,0,7.353422942e+03,3.000000000e+00,3.001100000e+00,e57dd015d9927d70f75d6da2bd7edc4e3c07a561,false
8,50,3.000000000e-01,1.000000000e+00,1,1.515875011e+00,595483416,161,main,rise,4.211000000e+00,1.500028748e-01,2.441132748e-01,3.889433814e-02,1.688902653e+03,0,1.778150534e+03,3.000000000e+00,3.001100000e+00,e57dd015d9927d70f75d6da2bd7edc4e3c07a561,false
8,50,3.000000000e-01,1.000000000e+00,1,1.515875011e+00,993643693,91,main,fall,2.020100000e+01,1.500028748e-01,2.528495433e-01,6.875693863e-02,4.171817879e+02,0,6.798855806e+03,3.000000000e+00,3.001100000e+00,e57dd015d9927d70f75d6da2bd7edc4e3c07a561,false
8,50,3.000000000e-01,1.000000000e+00,1,1.515875011e+00,205085748,173,main,rise,5.001000000e+00,1.500028748e-01,2.293573132e-01,4.604487766e-02,1.952740449e+03,0,1.767679199e+03,3.000000000e+00,3.001100000e+00,e57dd015d9927d70f75d6da2bd7edc4e3c07a561,false
8,50,3.000000000e-01,1.000000000e+00,1,1.515875011e+00,296631934,107,main,rise,1.704100000e+01,1.500028748e-01,2.252183290e-01,4.645002079e-02,7.657647652e+02,0,6.046463975e+03,3.000000000e+00,3.001100000e+00,e57dd015d9927d70f75d6da2bd7edc4e3c07a561,false
8,50,3.000000000e-01,1.000000000e+00,1,1.515875011e+00,1125655394,189,main,rise,4.911000000e+00,1.500028748e-01,2.427431815e-01,4.234824285e-02,1.894377317e+03,0,1.077633725e+03,3.000000000e+00,3.001100000e+00,e57dd015d9927d70f75d6da2bd7edc4e3c07a561,false
8,50,3.000000000e-01,1.000000000e+00,1,1.515875011e+00,1845261751,147,main,rise,9.541000000e+00,1.500028748e-01,2.361525040e-01,4.210772110e-02,6.564924387e+02,0,3.677428079e+03,3.000000000e+00,3.001100000e+00,e57dd015d9927d70f75d6da2bd7edc4e3c07a561,false
8,50,3.000000000e-01,1.000000000e+00,1,1.515875011e+00,1849173418,171,main,rise,5.001000000e+00,1.500028748e-01,2.398359760e-01,4.084827783e-02,1.727610779e+03,0,2.325704924e+03,3.000000000e+00,3.001100000e+00,e57dd015d9927d70f75d6da2bd7edc4e3c07a561,false
8,50,3.000000000e-01,1.000000000e+00,1,1.515875011e+00,1234742774,169,main,rise,6.031000000e+00,1.500028748e-01,2.002590761e-01,3.430837077e-02,1.940204129e+03,0,2.606086074e+03,3.000000000e+00,3.001100000e+00,e57dd015d9927d70f75d6da2bd7edc4e3c07a561,false
8,50,3.000000000e-01,1.000000000e+00,1,1.515875011e+00,1109449064,177,main,fall,7.061000000e+00,1.500028748e-01,2.496698210e-01,6.244533730e-02,1.209627112e+03,0,2.381926248e+03,3.000000000e+00,3.001100000e+00,e57dd015d9927d70f75d6da2bd7edc4e3c07a561,false
8,50,3.000000000e-01,1.000000000e+00,1,1.515875011e+00,72603667,181,main,rise,5.831000000e+00,1.500028748e-01,2.435306318e-01,6.120697590e-02,1.480760868e+03,0,2.342967694e+03,3.000000000e+00,3.001100000e+00,e57dd015d9927d70f75d6da2bd7edc4e3c07a561,false
8,50,3.000000000e-01,1.000000000e+00,1,1.515875011e+00,2102893237,167,main,fall,7.121000000e+00,1.500028748e-01,2.219287683e-01,5.087304176e-02,2.251743626e+03,0,2.935522519e+03,3.000000000e+00,3.001100000e+00,e57dd015d9927d70f75d6da2bd7edc4e3c07a561,false
8,50,3.000000000e-01,1.000000000e+00,1,1.515875011e+00,857233216,175,main,rise,7.381000000e+00,1.500028748e-01,2.975168976e-01,8.179435142e-02,1.019395022e+03,0,2.828782560e+03,3.000000000e+00,3.001100000e+00,e57dd015d9927d70f75d6da2bd7edc4e3c07a561,false
8,50,3.000000000e-01,1.000000000e+00,1,1.515875011e+00,1774920576,105,main,rise,2.154100000e+01,1.500028748e-01,2.415607387e-01,5.098295602e-02,2.649068290e+02,0,7.218218847e+03,3.000000000e+00,3.001100000e+00,e57dd015d9927d70f75d6da2bd7edc4e3c07a561,false
8,50,3.000000000e-01,1.000000000e+00,1,1.515875011e+00,328335118,197,main,rise,5.991000000e+00,1.500028748e-01,2.638474450e-01,7.773985605e-02,1.136169926e+03,0,1.577515860e+03,3.000000000e+00,3.001100000e+00,e57dd015d9927d70f75d6da2bd7edc4e3c07a561,false
8,50,3.000000000e-01,1.000000000e+00,1,1.515875011e+00,1281289301,143,main,rise,1.432100000e+01,1.500028748e-01,2.308221955e-01,4.624102489e-02,6.762597583e+02,0,4.745852588e+03,3.000000000e+00,3.001100000e+00,e57dd015d9927d70f75d6da2bd7edc4e3c07a561,false
8,50,3.000000000e-01,1.000000000e+00,1,1.515875011e+00,2142365733,141,main,rise,1.715100000e+01,1.500028748e-01,2.394850686e-01,5.442739017e-02,4.248520674e+02,0,5.077986290e+03,3.000000000e+00,3.001100000e+00,e57dd015d9927d70f75d6da2bd7edc4e3c07a561,false
8,50,3.000000000e-01,1.000000000e+00,1,1.515875011e+00,607607627,145,main,fall,1.371100000e+01,1.500028748e-01,2.448984380e-01,5.165385437e-02,1.860693514e+03,0,4.816921323e+03,3.000000000e+00,3.001100000e+00,e57dd015d9927d70f75d6da2bd7edc4e3c07a561,false
8,50,3.000000000e-01,1.000000000e+00,1,1.515875011e+00,1232561955,195,main,rise,8.951000000e+00,1.500028748e-01,2.483557215e-01,6.236584776e-02,1.756385418e+03,0,2.540558741e+03,3.000000000e+00,3.001100000e+00,e57dd015d9927d70f75d6da2bd7edc4e3c07a561,false
8,50,3.000000000e-01,1.000000000e+00,1,1.515875011e+00,784535660,185,main,fall,1.463100000e+01,1.500028748e-01,2.182100243e-01,6.201193229e-02,9.000192185e+02,0,3.632857099e+03,3.000000000e+00,3.001100000e+00,e57dd015d9927d70f75d6da2bd7edc4e3c07a561,false
8,50,3.000000000e-01,1.000000000e+00,1,1.515875011e+00,5598027,191,main,rise,1.344100000e+01,1.500028748e-01,2.329824808e-01,4.915128705e-02,1.540419506e+03,0,2.919221165e+03,3.000000000e+00,3.001100000e+00,e57dd015d9927d70f75d6da2bd7edc4e3c07a561,false
8,50,3.000000000e-01,1.000000000e+00,1,1.515875011e+00,502008970,31,main,rise,3.824100000e+01,1.500028748e-01,2.716424092e-01,7.014961802e-02,1.409637716e+02,0,1.273499843e+04,3.000000000e+00,3.001100000e+00,e57dd015d9927d70f75d6da2bd7edc4e3c07a561,false
8,50,3.000000000e-01,1.000000000e+00,1,1.515875011e+00,694600565,119,main,rise,2.794100000e+01,1.500028748e-01,2.460126971e-01,5.788748077e-02,1.280306695e+02,0,7.678899627e+03,3.000000000e+00,3.001100000e+00,e57dd015d9927d70f75d6da2bd7edc4e3c07a561,false
8,50,3.000000000e-01,1.000000000e+00,1,1.515875011e+00,325002365,179,main,rise,2.152100000e+01,1.500028748e-01,2.518069349e-01,5.024960133e-02,1.620781853e+03,0,4.736648065e+03,3.000000000e+00,3.001100000e+00,e57dd015d9927d70f75d6da2bd7edc4e3c07a561,false
8,50,3.000000000e-01,1.000000000e+00,1,1.515875011e+00,149302178,165,main,rise,2.045100000e+01,1.500028748e-01,2.543681122e-01,6.304126177e-02,1.039026594e+02,0,5.264547966e+03,3.000000000e+00,3.001100000e+00,e57dd015d9927d70f75d6da2bd7edc4e3c07a561,false
8,50,3.000000000e-01,1.000000000e+00,1,1.515875011e+00,1691420093,193,main,rise,1.949100000e+01,1.500028748e-01,2.352254881e-01,5.890054331e-02,2.197706435e+03,0,3.920502155e+03,3.000000000e+00,3.001100000e+00,e57dd015d9927d70f75d6da2bd7edc4e3c07a561,false
8,50,3.000000000e-01,1.000000000e+00,1,1.515875011e+00,29764247,159,main,rise,2.483100000e+01,1.500028748e-01,2.457124220e-01,4.660121874e-02,4.183844859e+02,0,6.034885362e+03,3.000000000e+00,3.001100000e+00,e57dd015d9927d70f75d6da2bd7edc4e3c07a561,false
8,50,3.000000000e-01,1.000000000e+00,1,1.515875011e+00,1175995947,199,main,rise,1.718100000e+01,1.500028748e-01,2.512713571e-01,4.114990668e-02,9.944618717e+02,0,3.740708382e+03,3.000000000e+00,3.001100000e+00,e57dd015d9927d70f75d6da2bd7edc4e3c07a561,false
8,50,3.000000000e-01,1.000000000e+00,1,1.515875011e+00,1248141718,135,main,rise,3.447100000e+01,1.500028748e-01,2.474179205e-01,7.150330582e-02,1.182917575e+02,0,8.066923124e+03,3.000000000e+00,3.001100000e+00,e57dd015d9927d70f75d6da2bd7edc4e3c07a561,false
8,50,3.000000000e-01,1.000000000e+00,1,1.515875011e+00,2012155587,187,main,rise,2.457100000e+01,1.500028748e-01,2.457883864e-01,5.229327772e-02,1.206204176e+03,0,5.712732912e+03,3.000000000e+00,3.001100000e+00,e57dd015d9927d70f75d6da2bd7edc4e3c07a561,false
8,50,3.000000000e-01,1.000000000e+00,1,1.515875011e+00,770297745,183,main,rise,2.770100000e+01,1.500028748e-01,2.741717992e-01,7.803358832e-02,1.500759223e+02,0,6.344544235e+03,3.000000000e+00,3.001100000e+00,e57dd015d9927d70f75d6da2bd7edc4e3c07a561,false
