N,sigma_w,x,Fbar_l,M,n_up,n_down,n_timeout,P,P_lo,P_hi,P_dd,mean_exit_time
1,1.500000000e-01,-4,8.617657105e-01,50,0,50,0,0.000000000e+00,6.938893904e-18,7.134759913e-02,3.205860328e-02,2.197400000e+00
1,1.500000000e-01,-2,9.308828552e-01,50,1,49,0,2.000000000e-02,3.539259272e-03,1.049544359e-01,1.015363241e-01,5.689400000e+00
1,1.500000000e-01,-1,9.654414276e-01,100,5,95,0,5.000000000e-02,2.154367915e-02,1.117504692e-01,1.652961767e-01,1.159510000e+01
1,1.500000000e-01,0,1.000000000e+00,100,32,64,4,3.333333333e-01,2.470569242e-01,4.324349385e-01,2.500000000e-01,1.876409998e+01
1,1.500000000e-01,1,1.034558572e+00,100,77,23,0,7.700000000e-01,6.784561698e-01,8.415673412e-01,3.499320088e-01,1.810610000e+01
1,1.500000000e-01,2,1.069117145e+00,50,45,5,0,9.000000000e-01,7.863976856e-01,9.565242351e-01,4.550542339e-01,1.125440000e+01
1,1.500000000e-01,4,1.138234290e+00,50,50,0,0,1.000000000e+00,9.286524009e-01,1.000000000e+00,6.439142599e-01,5.669000000e+00
1,3.000000000e-01,-4,7.235314210e-01,50,0,50,0,0.000000000e+00,6.938893904e-18,7.134759913e-02,3.205860328e-02,1.305000000e+00
1,3.000000000e-01,-2,8.617657105e-01,50,0,50,0,0.000000000e+00,6.938893904e-18,7.134759913e-02,1.015363241e-01,2.997000000e+00
1,3.000000000e-01,-1,9.308828552e-01,100,7,93,0,7.000000000e-02,3.431926107e-02,1.374951474e-01,1.652961767e-01,5.612600000e+00
1,3.000000000e-01,0,1.000000000e+00,100,30,70,0,3.000000000e-01,2.189488529e-01,3.958485463e-01,2.500000000e-01,9.879100000e+00
1,3.000000000e-01,1,1.069117145e+00,100,77,23,0,7.700000000e-01,6.784561698e-01,8.415673412e-01,3.499320088e-01,8.040600000e+00
1,3.000000000e-01,2,1.138234290e+00,50,45,5,0,9.000000000e-01,7.863976856e-01,9.565242351e-01,4.550542339e-01,4.599600000e+00
1,3.000000000e-01,4,1.276468579e+00,50,50,0,0,1.000000000e+00,9.286524009e-01,1.000000000e+00,6.439142599e-01,2.967000000e+00
2,1.500000000e-01,-4,7.341206058e-01,50,0,50,0,0.000000000e+00,6.938893904e-18,7.134759913e-02,3.205860328e-02,2.728400000e+00
2,1.500000000e-01,-2,8.670603029e-01,50,0,50,0,0.000000000e+00,6.938893904e-18,7.134759913e-02,1.015363241e-01,4.540200000e+00
2,1.500000000e-01,-1,9.335301514e-01,100,4,96,0,4.000000000e-02,1.566330399e-02,9.837071436e-02,1.652961767e-01,1.103320000e+01
2,1.500000000e-01,0,1.000000000e+00,100,34,62,4,3.541666667e-01,2.657984032e-01,4.537569766e-01,2.500000000e-01,1.714629998e+01
2,1.500000000e-01,1,1.066469849e+00,100,77,23,0,7.700000000e-01,6.784561698e-01,8.415673412e-01,3.499320088e-01,1.934640000e+01
2,1.500000000e-01,2,1.132939697e+00,50,46,4,0,9.200000000e-01,8.116175308e-01,9.684504859e-01,4.550542339e-01,1.140060000e+01
2,1.500000000e-01,4,1.265879394e+00,50,50,0,0,1.000000000e+00,9.286524009e-01,1.000000000e+00,6.439142599e-01,6.060600000e+00
2,2.200000000e-01,-1,9.025108888e-01,25,0,25,0,0.000000000e+00,1.387778781e-17,1.331922509e-01,1.652961767e-01,6.584600000e+00
2,2.200000000e-01,0,1.000000000e+00,25,11,14,0,4.400000000e-01,2.666563888e-01,6.293266813e-01,2.500000000e-01,1.121580000e+01
2,2.200000000e-01,1,1.097489111e+00,25,22,3,0,8.800000000e-01,7.004420608e-01,9.583318285e-01,3.499320088e-01,1.526740000e+01
2,3.000000000e-01,-4,4.682412115e-01,50,0,50,0,0.000000000e+00,6.938893904e-18,7.134759913e-02,3.205860328e-02,1.000800000e+00
2,3.000000000e-01,-2,7.341206058e-01,50,0,50,0,0.000000000e+00,6.938893904e-18,7.134759913e-02,1.015363241e-01,3.525800000e+00
2,3.000000000e-01,-1,8.670603029e-01,100,5,95,0,5.000000000e-02,2.154367915e-02,1.117504692e-01,1.652961767e-01,5.516500000e+00
2,3.000000000e-01,0,1.000000000e+00,100,32,67,1,3.232323232e-01,2.392000064e-01,4.204703211e-01,2.500000000e-01,9.801699995e+00
2,3.000000000e-01,1,1.132939697e+00,100,76,24,0,7.600000000e-01,6.676766365e-01,8.330867444e-01,3.499320088e-01,8.350500000e+00
2,3.000000000e-01,2,1.265879394e+00,50,49,1,0,9.800000000e-01,8.950455641e-01,9.964607407e-01,4.550542339e-01,6.587600000e+00
2,3.000000000e-01,4,1.531758788e+00,50,50,0,0,1.000000000e+00,9.286524009e-01,1.000000000e+00,6.439142599e-01,2.842000000e+00
3,3.000000000e-01,-1,8.032377505e-01,25,0,25,0,0.000000000e+00,1.387778781e-17,1.331922509e-01,1.652961767e-01,4.808200000e+00
3,3.000000000e-01,0,1.000000000e+00,25,8,17,0,3.200000000e-01,1.720519031e-01,5.158973073e-01,2.500000000e-01,7.433400000e+00
3,3.000000000e-01,1,1.196762249e+00,25,18,7,0,7.200000000e-01,5.242339481e-01,8.571614615e-01,3.499320088e-01,9.179800000e+00
4,1.500000000e-01,-4,4.788303963e-01,50,0,50,0,0.000000000e+00,6.938893904e-18,7.134759913e-02,3.205860328e-02,2.255800000e+00
4,1.500000000e-01,-2,7.394151982e-01,50,0,50,0,0.000000000e+00,6.938893904e-18,7.134759913e-02,1.015363241e-01,4.380600000e+00
4,1.500000000e-01,-1,8.697075991e-01,100,11,88,1,1.111111111e-01,6.318563454e-02,1.880890860e-01,1.652961767e-01,1.088739999e+01
4,1.500000000e-01,0,1.000000000e+00,100,21,75,4,2.187500000e-01,1.477634508e-01,3.113790674e-01,2.500000000e-01,1.726899998e+01
4,1.500000000e-01,1,1.130292401e+00,100,77,20,3,7.938144330e-01,7.028707214e-01,8.623729856e-01,3.499320088e-01,1.762589998e+01
4,1.500000000e-01,2,1.260584802e+00,50,46,4,0,9.200000000e-01,8.116175308e-01,9.684504859e-01,4.550542339e-01,1.230960000e+01
4,1.500000000e-01,4,1.521169604e+00,50,50,0,0,1.000000000e+00,9.286524009e-01,1.000000000e+00,6.439142599e-01,5.815200000e+00
4,2.200000000e-01,-1,8.089044787e-01,25,0,25,0,0.000000000e+00,1.387778781e-17,1.331922509e-01,1.652961767e-01,6.787000000e+00
4,2.200000000e-01,0,1.000000000e+00,25,9,16,0,3.600000000e-01,2.024788077e-01,5.548150225e-01,2.500000000e-01,9.549800000e+00
4,2.200000000e-01,1,1.191095521e+00,25,21,4,0,8.400000000e-01,6.534637839e-01,9.359654854e-01,3.499320088e-01,8.756200000e+00
4,3.000000000e-01,-2,4.788303963e-01,50,0,50,0,0.000000000e+00,6.938893904e-18,7.134759913e-02,1.015363241e-01,3.118800000e+00
4,3.000000000e-01,-1,7.394151982e-01,100,10,90,0,1.000000000e-01,5.522913706e-02,1.743656615e-01,1.652961767e-01,5.058800000e+00
4,3.000000000e-01,0,1.000000000e+00,100,35,65,0,3.500000000e-01,2.636424824e-01,4.474555670e-01,2.500000000e-01,9.334900000e+00
4,3.000000000e-01,1,1.260584802e+00,100,88,12,0,8.800000000e-01,8.018790057e-01,9.300059356e-01,3.499320088e-01,8.494300000e+00
4,3.000000000e-01,2,1.521169604e+00,50,47,3,0,9.400000000e-01,8.378290831e-01,9.793850297e-01,4.550542339e-01,6.415000000e+00
4,3.000000000e-01,4,2.042339207e+00,50,50,0,0,1.000000000e+00,9.286524009e-01,1.000000000e+00,6.439142599e-01,2.987400000e+00
6,3.000000000e-01,-1,6.117700934e-01,25,1,24,0,4.000000000e-02,7.096233502e-03,1.954406374e-01,1.652961767e-01,6.798600000e+00
6,3.000000000e-01,0,1.000000000e+00,25,6,19,0,2.400000000e-01,1.149631369e-01,4.342968336e-01,2.500000000e-01,7.191000000e+00
6,3.000000000e-01,1,1.388229907e+00,25,18,7,0,7.200000000e-01,5.242339481e-01,8.571614615e-01,3.499320088e-01,9.920200000e+00
8,1.500000000e-01,-2,4.841249887e-01,50,0,50,0,0.000000000e+00,6.938893904e-18,7.134759913e-02,1.015363241e-01,6.070200000e+00
8,1.500000000e-01,-1,7.420624944e-01,100,5,90,5,5.263157895e-02,2.268811305e-02,1.173488612e-01,1.652961767e-01,1.369489997e+01
8,1.500000000e-01,0,1.000000000e+00,100,30,63,7,3.225806452e-01,2.362494439e-01,4.229874119e-01,2.500000000e-01,1.957999996e+01
8,1.500000000e-01,1,1.257937506e+00,100,74,24,2,7.551020408e-01,6.614088903e-01,8.295502984e-01,3.499320088e-01,1.783799999e+01
8,1.500000000e-01,2,1.515875011e+00,50,48,2,0,9.600000000e-01,8.653990931e-01,9.889611157e-01,4.550542339e-01,1.089060000e+01
8,1.500000000e-01,4,2.031750023e+00,50,50,0,0,1.000000000e+00,9.286524009e-01,1.000000000e+00,6.439142599e-01,6.128200000e+00
8,3.000000000e-01,-1,4.841249887e-01,100,5,95,0,5.000000000e-02,2.154367915e-02,1.117504692e-01,1.652961767e-01,6.427820000e+00
8,3.000000000e-01,0,1.000000000e+00,100,36,64,0,3.600000000e-01,2.727122040e-01,4.576459755e-01,2.500000000e-01,9.209210000e+00
8,3.000000000e-01,1,1.515875011e+00,100,81,19,0,8.100000000e-01,7.222115462e-01,8.748524849e-01,3.499320088e-01,9.370600000e+00
8,3.000000000e-01,2,2.031750023e+00,50,49,1,0,9.800000000e-01,8.950455641e-01,9.964607407e-01,4.550542339e-01,5.674200000e+00
8,3.000000000e-01,4,3.063500045e+00,50,50,0,0,1.000000000e+00,9.286524009e-01,1.000000000e+00,6.439142599e-01,2.978200000e+00
