N,thread,s,x,y,z
2,0,0.000000000e+00,0.000000000e+00,0.000000000e+00,0.000000000e+00
2,0,5.000000000e-03,1.269257518e-03,-7.771847865e-20,4.840069918e-03
2,0,1.000000000e-02,2.518570857e-03,-1.542157505e-19,9.685358965e-03
2,0,1.500000000e-02,3.748397468e-03,-2.295198262e-19,1.453566359e-02
2,0,2.000000000e-02,4.959181564e-03,-3.036579058e-19,1.939078967e-02
2,0,2.500000000e-02,6.151354730e-03,-3.766564158e-19,2.425055199e-02
2,0,3.000000000e-02,7.325336274e-03,-4.485410315e-19,2.911477378e-02
2,0,3.500000000e-02,8.481533618e-03,-5.193366999e-19,3.398328626e-02
2,0,4.000000000e-02,9.620342683e-03,-5.890676640e-19,3.885592828e-02
2,0,4.500000000e-02,1.074214825e-02,-6.577574845e-19,4.373254585e-02
2,0,5.000000000e-02,1.184732431e-02,-7.254290620e-19,4.861299186e-02
2,0,5.500000000e-02,1.293623444e-02,-7.921046580e-19,5.349712566e-02
2,0,6.000000000e-02,1.400923209e-02,-8.578059152e-19,5.838481279e-02
2,0,6.500000000e-02,1.506666093e-02,-9.225538776e-19,6.327592463e-02
2,0,7.000000000e-02,1.610885518e-02,-9.863690091e-19,6.817033814e-02
2,0,7.500000000e-02,1.713613987e-02,-1.049271212e-18,7.306793555e-02
2,0,8.000000000e-02,1.814883116e-02,-1.111279847e-18,7.796860414e-02
2,0,8.500000000e-02,1.914723664e-02,-1.172413746e-18,8.287223596e-02
2,0,9.000000000e-02,2.013165554e-02,-1.232691232e-18,8.777872761e-02
2,0,9.500000000e-02,2.110237907e-02,-1.292130136e-18,9.268798003e-02
2,0,1.000000000e-01,2.205969061e-02,-1.350747810e-18,9.759989828e-02
2,0,1.050000000e-01,2.300386599e-02,-1.408561143e-18,1.025143913e-01
2,0,1.100000000e-01,2.393517372e-02,-1.465586578e-18,1.074313719e-01
2,0,1.150000000e-01,2.485387523e-02,-1.521840120e-18,1.123507564e-01
2,0,1.200000000e-01,2.576022507e-02,-1.577337358e-18,1.172724643e-01
2,0,1.250000000e-01,2.665447113e-02,-1.632093469e-18,1.221964187e-01
2,0,1.300000000e-01,2.753685487e-02,-1.686123237e-18,1.271225455e-01
2,0,1.350000000e-01,2.840761147e-02,-1.739441066e-18,1.320507737e-01
2,0,1.400000000e-01,2.926697009e-02,-1.792060984e-18,1.369810350e-01
2,0,1.450000000e-01,3.011515400e-02,-1.843996663e-18,1.419132640e-01
2,0,1.500000000e-01,3.095238077e-02,-1.895261427e-18,1.468473975e-01
2,0,1.550000000e-01,3.177886248e-02,-1.945868259e-18,1.517833751e-01
2,0,1.600000000e-01,3.259480584e-02,-1.995829818e-18,1.567211386e-01
2,0,1.650000000e-01,3.340041237e-02,-2.045158443e-18,1.616606319e-01
2,0,1.700000000e-01,3.419587858e-02,-2.093866166e-18,1.666018013e-01
2,0,1.750000000e-01,3.498139607e-02,-2.141964720e-18,1.715445948e-01
2,0,1.800000000e-01,3.575715175e-02,-2.189465548e-18,1.764889627e-01
2,0,1.850000000e-01,3.652332789e-02,-2.236379812e-18,1.814348569e-01
2,0,1.900000000e-01,3.728010232e-02,-2.282718401e-18,1.863822313e-01
2,0,1.950000000e-01,3.802764857e-02,-2.328491938e-18,1.913310413e-01
2,0,2.000000000e-01,3.876613594e-02,-2.373710792e-18,1.962812441e-01
2,0,2.050000000e-01,3.949572967e-02,-2.418385079e-18,2.012327984e-01
2,0,2.100000000e-01,4.021659104e-02,-2.462524676e-18,2.061856644e-01
2,0,2.150000000e-01,4.092887749e-02,-2.506139222e-18,2.111398037e-01
2,0,2.200000000e-01,4.163274273e-02,-2.549238129e-18,2.160951793e-01
2,0,2.250000000e-01,4.232833685e-02,-2.591830588e-18,2.210517555e-01
2,0,2.300000000e-01,4.301580642e-02,-2.633925572e-18,2.260094980e-01
2,0,2.350000000e-01,4.369529459e-02,-2.675531848e-18,2.309683736e-01
2,0,2.400000000e-01,4.436694119e-02,-2.716657977e-18,2.359283502e-01
2,0,2.450000000e-01,4.503088283e-02,-2.757312323e-18,2.408893969e-01
2,0,2.500000000e-01,4.568725297e-02,-2.797503059e-18,2.458514840e-01
2,0,2.550000000e-01,4.633618203e-02,-2.837238171e-18,2.508145824e-01
2,0,2.600000000e-01,4.697779747e-02,-2.876525462e-18,2.557786646e-01
2,0,2.650000000e-01,4.761222386e-02,-2.915372561e-18,2.607437035e-01
2,0,2.700000000e-01,4.823958298e-02,-2.953786924e-18,2.657096732e-01
2,0,2.750000000e-01,4.885999386e-02,-2.991775840e-18,2.706765486e-01
2,0,2.800000000e-01,4.947357292e-02,-3.029346436e-18,2.756443054e-01
2,0,2.850000000e-01,5.008043397e-02,-3.066505682e-18,2.806129203e-01
2,0,2.900000000e-01,5.068068834e-02,-3.103260394e-18,2.855823705e-01
2,0,2.950000000e-01,5.127444488e-02,-3.139617238e-18,2.905526341e-01
2,0,3.000000000e-01,5.186181010e-02,-3.175582736e-18,2.955236899e-01
2,0,3.050000000e-01,5.244288820e-02,-3.211163266e-18,3.004955175e-01
2,0,3.100000000e-01,5.301778112e-02,-3.246365071e-18,3.054680969e-01
2,0,3.150000000e-01,5.358658860e-02,-3.281194259e-18,3.104414089e-01
2,0,3.200000000e-01,5.414940826e-02,-3.315656808e-18,3.154154350e-01
2,0,3.250000000e-01,5.470633566e-02,-3.349758566e-18,3.203901571e-01
2,0,3.300000000e-01,5.525746431e-02,-3.383505262e-18,3.253655578e-01
2,0,3.350000000e-01,5.580288577e-02,-3.416902501e-18,3.303416203e-01
2,0,3.400000000e-01,5.634268968e-02,-3.449955771e-18,3.353183282e-01
2,0,3.450000000e-01,5.687696381e-02,-3.482670447e-18,3.402956656e-01
2,0,3.500000000e-01,5.740579411e-02,-3.515051792e-18,3.452736173e-01
2,0,3.550000000e-01,5.792926474e-02,-3.547104959e-18,3.502521682e-01
2,0,3.600000000e-01,5.844745817e-02,-3.578834998e-18,3.552313041e-01
2,0,3.650000000e-01,5.896045516e-02,-3.610246853e-18,3.602110109e-01
2,0,3.700000000e-01,5.946833482e-02,-3.641345369e-18,3.651912750e-01
2,0,3.750000000e-01,5.997117468e-02,-3.672135293e-18,3.701720835e-01
2,0,3.800000000e-01,6.046905069e-02,-3.702621275e-18,3.751534234e-01
2,0,3.850000000e-01,6.096203729e-02,-3.732807874e-18,3.801352824e-01
2,0,3.900000000e-01,6.145020745e-02,-3.762699556e-18,3.851176486e-01
2,0,3.950000000e-01,6.193363265e-02,-3.792300701e-18,3.901005102e-01
2,0,4.000000000e-01,6.241238300e-02,-3.821615599e-18,3.950838561e-01
2,0,4.050000000e-01,6.288652720e-02,-3.850648458e-18,4.000676752e-01
2,0,4.100000000e-01,6.335613264e-02,-3.879403404e-18,4.050519568e-01
2,0,4.150000000e-01,6.382126537e-02,-3.907884481e-18,4.100366907e-01
2,0,4.200000000e-01,6.428199017e-02,-3.936095656e-18,4.150218668e-01
2,0,4.250000000e-01,6.473837057e-02,-3.964040819e-18,4.200074754e-01
2,0,4.300000000e-01,6.519046889e-02,-3.991723785e-18,4.249935070e-01
2,0,4.350000000e-01,6.563834623e-02,-4.019148296e-18,4.299799523e-01
2,0,4.400000000e-01,6.608206256e-02,-4.046318025e-18,4.349668025e-01
2,0,4.450000000e-01,6.652167670e-02,-4.073236572e-18,4.399540489e-01
2,0,4.500000000e-01,6.695724637e-02,-4.099907472e-18,4.449416830e-01
2,0,4.550000000e-01,6.738882820e-02,-4.126334192e-18,4.499296966e-01
2,0,4.600000000e-01,6.781647776e-02,-4.152520136e-18,4.549180818e-01
2,0,4.650000000e-01,6.824024960e-02,-4.178468642e-18,4.599068307e-01
2,0,4.700000000e-01,6.866019725e-02,-4.204182989e-18,4.648959359e-01
2,0,4.750000000e-01,6.907637325e-02,-4.229666394e-18,4.698853899e-01
2,0,4.800000000e-01,6.948882920e-02,-4.254922016e-18,4.748751857e-01
2,0,4.850000000e-01,6.989761573e-02,-4.279952956e-18,4.798653164e-01
2,0,4.900000000e-01,7.030278257e-02,-4.304762258e-18,4.848557751e-01
2,0,4.950000000e-01,7.070437854e-02,-4.329352912e-18,4.898465553e-01
2,0,5.000000000e-01,7.110245159e-02,-4.353727854e-18,4.948376506e-01
2,1,0.000000000e+00,0.000000000e+00,0.000000000e+00,0.000000000e+00
2,1,5.000000000e-03,-1.269257518e-03,7.772073701e-20,4.840069918e-03
2,1,1.000000000e-02,-2.518570857e-03,1.542202233e-19,9.685358965e-03
2,1,1.500000000e-02,-3.748397468e-03,2.295264699e-19,1.453566359e-02
2,1,2.000000000e-02,-4.959181564e-03,3.036666772e-19,1.939078967e-02
2,1,2.500000000e-02,-6.151354730e-03,3.766672722e-19,2.425055199e-02
2,1,3.000000000e-02,-7.325336274e-03,4.485539305e-19,2.911477378e-02
2,1,3.500000000e-02,-8.481533618e-03,5.193515998e-19,3.398328626e-02
2,1,4.000000000e-02,-9.620342683e-03,5.890845233e-19,3.885592828e-02
2,1,4.500000000e-02,-1.074214825e-02,6.577762624e-19,4.373254585e-02
2,1,5.000000000e-02,-1.184732431e-02,7.254497180e-19,4.861299186e-02
2,1,5.500000000e-02,-1.293623444e-02,7.921271522e-19,5.349712566e-02
2,1,6.000000000e-02,-1.400923209e-02,8.578302083e-19,5.838481279e-02
2,1,6.500000000e-02,-1.506666093e-02,9.225799306e-19,6.327592463e-02
2,1,7.000000000e-02,-1.610885518e-02,9.863967838e-19,6.817033814e-02
2,1,7.500000000e-02,-1.713613987e-02,1.049300671e-18,7.306793555e-02
2,1,8.000000000e-02,-1.814883116e-02,1.111310952e-18,7.796860414e-02
2,1,8.500000000e-02,-1.914723664e-02,1.172446461e-18,8.287223596e-02
2,1,9.000000000e-02,-2.013165554e-02,1.232725521e-18,8.777872761e-02
2,1,9.500000000e-02,-2.110237907e-02,1.292165963e-18,9.268798003e-02
2,1,1.000000000e-01,-2.205969061e-02,1.350785140e-18,9.759989828e-02
2,1,1.050000000e-01,-2.300386599e-02,1.408599942e-18,1.025143913e-01
2,1,1.100000000e-01,-2.393517372e-02,1.465626811e-18,1.074313719e-01
2,1,1.150000000e-01,-2.485387523e-02,1.521881755e-18,1.123507564e-01
2,1,1.200000000e-01,-2.576022507e-02,1.577380360e-18,1.172724643e-01
2,1,1.250000000e-01,-2.665447113e-02,1.632137807e-18,1.221964187e-01
2,1,1.300000000e-01,-2.753685487e-02,1.686168880e-18,1.271225455e-01
2,1,1.350000000e-01,-2.840761147e-02,1.739487981e-18,1.320507737e-01
2,1,1.400000000e-01,-2.926697009e-02,1.792109141e-18,1.369810350e-01
2,1,1.450000000e-01,-3.011515400e-02,1.844046032e-18,1.419132640e-01
2,1,1.500000000e-01,-3.095238077e-02,1.895311977e-18,1.468473975e-01
2,1,1.550000000e-01,-3.177886248e-02,1.945919963e-18,1.517833751e-01
2,1,1.600000000e-01,-3.259480584e-02,1.995882646e-18,1.567211386e-01
2,1,1.650000000e-01,-3.340041237e-02,2.045212367e-18,1.616606319e-01
2,1,1.700000000e-01,-3.419587858e-02,2.093921158e-18,1.666018013e-01
2,1,1.750000000e-01,-3.498139607e-02,2.142020753e-18,1.715445948e-01
2,1,1.800000000e-01,-3.575715175e-02,2.189522595e-18,1.764889627e-01
2,1,1.850000000e-01,-3.652332789e-02,2.236437847e-18,1.814348569e-01
2,1,1.900000000e-01,-3.728010232e-02,2.282777398e-18,1.863822313e-01
2,1,1.950000000e-01,-3.802764857e-02,2.328551872e-18,1.913310413e-01
2,1,2.000000000e-01,-3.876613594e-02,2.373771638e-18,1.962812441e-01
2,1,2.050000000e-01,-3.949572967e-02,2.418446813e-18,2.012327984e-01
2,1,2.100000000e-01,-4.021659104e-02,2.462587273e-18,2.061856644e-01
2,1,2.150000000e-01,-4.092887749e-02,2.506202659e-18,2.111398037e-01
2,1,2.200000000e-01,-4.163274273e-02,2.549302383e-18,2.160951793e-01
2,1,2.250000000e-01,-4.232833685e-02,2.591895636e-18,2.210517555e-01
2,1,2.300000000e-01,-4.301580642e-02,2.633991392e-18,2.260094980e-01
2,1,2.350000000e-01,-4.369529459e-02,2.675598418e-18,2.309683736e-01
2,1,2.400000000e-01,-4.436694119e-02,2.716725275e-18,2.359283502e-01
2,1,2.450000000e-01,-4.503088283e-02,2.757380329e-18,2.408893969e-01
2,1,2.500000000e-01,-4.568725297e-02,2.797571752e-18,2.458514840e-01
2,1,2.550000000e-01,-4.633618203e-02,2.837307530e-18,2.508145824e-01
2,1,2.600000000e-01,-4.697779747e-02,2.876595468e-18,2.557786646e-01
2,1,2.650000000e-01,-4.761222386e-02,2.915443194e-18,2.607437035e-01
2,1,2.700000000e-01,-4.823958298e-02,2.953858165e-18,2.657096732e-01
2,1,2.750000000e-01,-4.885999386e-02,2.991847670e-18,2.706765486e-01
2,1,2.800000000e-01,-4.947357292e-02,3.029418836e-18,2.756443054e-01
2,1,2.850000000e-01,-5.008043397e-02,3.066578635e-18,2.806129203e-01
2,1,2.900000000e-01,-5.068068834e-02,3.103333881e-18,2.855823705e-01
2,1,2.950000000e-01,-5.127444488e-02,3.139691242e-18,2.905526341e-01
2,1,3.000000000e-01,-5.186181010e-02,3.175657239e-18,2.955236899e-01
2,1,3.050000000e-01,-5.244288820e-02,3.211238252e-18,3.004955175e-01
2,1,3.100000000e-01,-5.301778112e-02,3.246440523e-18,3.054680969e-01
2,1,3.150000000e-01,-5.358658860e-02,3.281270161e-18,3.104414089e-01
2,1,3.200000000e-01,-5.414940826e-02,3.315733143e-18,3.154154350e-01
2,1,3.250000000e-01,-5.470633566e-02,3.349835319e-18,3.203901571e-01
2,1,3.300000000e-01,-5.525746431e-02,3.383582418e-18,3.253655578e-01
2,1,3.350000000e-01,-5.580288577e-02,3.416980044e-18,3.303416203e-01
2,1,3.400000000e-01,-5.634268968e-02,3.450033686e-18,3.353183282e-01
2,1,3.450000000e-01,-5.687696381e-02,3.482748720e-18,3.402956656e-01
2,1,3.500000000e-01,-5.740579411e-02,3.515130408e-18,3.452736173e-01
2,1,3.550000000e-01,-5.792926474e-02,3.547183905e-18,3.502521682e-01
2,1,3.600000000e-01,-5.844745817e-02,3.578914259e-18,3.552313041e-01
2,1,3.650000000e-01,-5.896045516e-02,3.610326415e-18,3.602110109e-01
2,1,3.700000000e-01,-5.946833482e-02,3.641425220e-18,3.651912750e-01
2,1,3.750000000e-01,-5.997117468e-02,3.672215418e-18,3.701720835e-01
2,1,3.800000000e-01,-6.046905069e-02,3.702701662e-18,3.751534234e-01
2,1,3.850000000e-01,-6.096203729e-02,3.732888510e-18,3.801352824e-01
2,1,3.900000000e-01,-6.145020745e-02,3.762780429e-18,3.851176486e-01
2,1,3.950000000e-01,-6.193363265e-02,3.792381798e-18,3.901005102e-01
2,1,4.000000000e-01,-6.241238300e-02,3.821696908e-18,3.950838561e-01
2,1,4.050000000e-01,-6.288652720e-02,3.850729967e-18,4.000676752e-01
2,1,4.100000000e-01,-6.335613264e-02,3.879485101e-18,4.050519568e-01
2,1,4.150000000e-01,-6.382126537e-02,3.907966355e-18,4.100366907e-01
2,1,4.200000000e-01,-6.428199017e-02,3.936177695e-18,4.150218668e-01
2,1,4.250000000e-01,-6.473837057e-02,3.964123012e-18,4.200074754e-01
2,1,4.300000000e-01,-6.519046889e-02,3.991806121e-18,4.249935070e-01
2,1,4.350000000e-01,-6.563834623e-02,4.019230765e-18,4.299799523e-01
2,1,4.400000000e-01,-6.608206256e-02,4.046400615e-18,4.349668025e-01
2,1,4.450000000e-01,-6.652167670e-02,4.073319273e-18,4.399540489e-01
2,1,4.500000000e-01,-6.695724637e-02,4.099990273e-18,4.449416830e-01
2,1,4.550000000e-01,-6.738882820e-02,4.126417083e-18,4.499296966e-01
2,1,4.600000000e-01,-6.781647776e-02,4.152603107e-18,4.549180818e-01
2,1,4.650000000e-01,-6.824024960e-02,4.178551683e-18,4.599068307e-01
2,1,4.700000000e-01,-6.866019725e-02,4.204266090e-18,4.648959359e-01
2,1,4.750000000e-01,-6.907637325e-02,4.229749546e-18,4.698853899e-01
2,1,4.800000000e-01,-6.948882920e-02,4.255005210e-18,4.748751857e-01
2,1,4.850000000e-01,-6.989761573e-02,4.280036181e-18,4.798653164e-01
2,1,4.900000000e-01,-7.030278257e-02,4.304845506e-18,4.848557751e-01
2,1,4.950000000e-01,-7.070437854e-02,4.329436174e-18,4.898465553e-01
2,1,5.000000000e-01,-7.110245159e-02,4.353811120e-18,4.948376506e-01
4,0,0.000000000e+00,0.000000000e+00,0.000000000e+00,0.000000000e+00
4,0,5.000000000e-03,1.576150014e-03,1.028612222e-17,4.747040767e-03
4,0,1.000000000e-02,3.127753730e-03,1.985282382e-17,9.502177832e-03
4,0,1.500000000e-02,4.655354478e-03,2.878372783e-17,1.426509674e-02
4,0,2.000000000e-02,6.159481016e-03,3.715026911e-17,1.903549736e-02
4,0,2.500000000e-02,7.640648355e-03,4.501353979e-17,2.381309304e-02
4,0,3.000000000e-02,9.099357993e-03,5.242584252e-17,2.859760995e-02
4,0,3.500000000e-02,1.053609827e-02,5.943201411e-17,3.338878644e-02
4,0,4.000000000e-02,1.195134470e-02,6.607055102e-17,3.818637244e-02
4,0,4.500000000e-02,1.334556035e-02,7.237456655e-17,4.299012888e-02
4,0,5.000000000e-02,1.471919614e-02,7.837260484e-17,4.779982715e-02
4,0,5.500000000e-02,1.607269117e-02,8.408933291e-17,5.261524859e-02
4,0,6.000000000e-02,1.740647307e-02,8.954612890e-17,5.743618400e-02
4,0,6.500000000e-02,1.872095833e-02,9.476158183e-17,6.226243316e-02
4,0,7.000000000e-02,2.001655255e-02,9.975191595e-17,6.709380443e-02
4,0,7.500000000e-02,2.129365082e-02,1.045313508e-16,7.193011430e-02
4,0,8.000000000e-02,2.255263794e-02,1.091124067e-16,7.677118703e-02
4,0,8.500000000e-02,2.379388879e-02,1.135061632e-16,8.161685425e-02
4,0,9.000000000e-02,2.501776854e-02,1.177224781e-16,8.646695463e-02
4,0,9.500000000e-02,2.622463298e-02,1.217701726e-16,9.132133355e-02
4,0,1.000000000e-01,2.741482876e-02,1.256571877e-16,9.617984274e-02
4,0,1.050000000e-01,2.858869365e-02,1.293907159e-16,1.010423401e-01
4,0,1.100000000e-01,2.974655683e-02,1.329773122e-16,1.059086891e-01
4,0,1.150000000e-01,3.088873908e-02,1.364229881e-16,1.107787591e-01
4,0,1.200000000e-01,3.201555307e-02,1.397332896e-16,1.156524244e-01
4,0,1.250000000e-01,3.312730356e-02,1.429133632e-16,1.205295646e-01
4,0,1.300000000e-01,3.422428766e-02,1.459680113e-16,1.254100639e-01
4,0,1.350000000e-01,3.530679503e-02,1.489017385e-16,1.302938111e-01
4,0,1.400000000e-01,3.637510807e-02,1.517187896e-16,1.351806996e-01
4,0,1.450000000e-01,3.742950220e-02,1.544231827e-16,1.400706267e-01
4,0,1.500000000e-01,3.847024597e-02,1.570187356e-16,1.449634938e-01
4,0,1.550000000e-01,3.949760135e-02,1.595090880e-16,1.498592061e-01
4,0,1.600000000e-01,4.051182383e-02,1.618977207e-16,1.547576726e-01
4,0,1.650000000e-01,4.151316267e-02,1.641879711e-16,1.596588055e-01
4,0,1.700000000e-01,4.250186104e-02,1.663830455e-16,1.645625207e-01
4,0,1.750000000e-01,4.347815624e-02,1.684860310e-16,1.694687368e-01
4,0,1.800000000e-01,4.444227979e-02,1.704999035e-16,1.743773759e-01
4,0,1.850000000e-01,4.539445767e-02,1.724275361e-16,1.792883628e-01
4,0,1.900000000e-01,4.633491044e-02,1.742717052e-16,1.842016251e-01
4,0,1.950000000e-01,4.726385339e-02,1.760350960e-16,1.891170931e-01
4,0,2.000000000e-01,4.818149673e-02,1.777203069e-16,1.940346998e-01
4,0,2.050000000e-01,4.908804565e-02,1.793298541e-16,1.989543803e-01
4,0,2.100000000e-01,4.998370055e-02,1.808661747e-16,2.038760724e-01
4,0,2.150000000e-01,5.086865713e-02,1.823316297e-16,2.087997160e-01
4,0,2.200000000e-01,5.174310652e-02,1.837285071e-16,2.137252531e-01
4,0,2.250000000e-01,5.260723541e-02,1.850590241e-16,2.186526279e-01
4,0,2.300000000e-01,5.346122618e-02,1.863253298e-16,2.235817865e-01
4,0,2.350000000e-01,5.430525701e-02,1.875295066e-16,2.285126769e-01
4,0,2.400000000e-01,5.513950202e-02,1.886735729e-16,2.334452490e-01
4,0,2.450000000e-01,5.596413135e-02,1.897594848e-16,2.383794543e-01
4,0,2.500000000e-01,5.677931127e-02,1.907891374e-16,2.433152462e-01
4,0,2.550000000e-01,5.758520432e-02,1.917643673e-16,2.482525794e-01
4,0,2.600000000e-01,5.838196936e-02,1.926869535e-16,2.531914105e-01
4,0,2.650000000e-01,5.916976172e-02,1.935586195e-16,2.581316974e-01
4,0,2.700000000e-01,5.994873327e-02,1.943810345e-16,2.630733994e-01
4,0,2.750000000e-01,6.071903250e-02,1.951558152e-16,2.680164772e-01
4,0,2.800000000e-01,6.148080464e-02,1.958845269e-16,2.729608929e-01
4,0,2.850000000e-01,6.223419173e-02,1.965686848e-16,2.779066098e-01
4,0,2.900000000e-01,6.297933271e-02,1.972097558e-16,2.828535923e-01
4,0,2.950000000e-01,6.371636348e-02,1.978091592e-16,2.878018063e-01
4,0,3.000000000e-01,6.444541703e-02,1.983682680e-16,2.927512185e-01
4,0,3.050000000e-01,6.516662347e-02,1.988884100e-16,2.977017968e-01
4,0,3.100000000e-01,6.588011010e-02,1.993708689e-16,3.026535101e-01
4,0,3.150000000e-01,6.658600155e-02,1.998168849e-16,3.076063286e-01
4,0,3.200000000e-01,6.728441977e-02,2.002276557e-16,3.125602229e-01
4,0,3.250000000e-01,6.797548414e-02,2.006043372e-16,3.175151651e-01
4,0,3.300000000e-01,6.865931153e-02,2.009480438e-16,3.224711278e-01
4,0,3.350000000e-01,6.933601636e-02,2.012598490e-16,3.274280846e-01
4,0,3.400000000e-01,7.000571067e-02,2.015407857e-16,3.323860101e-01
4,0,3.450000000e-01,7.066850419e-02,2.017918460e-16,3.373448794e-01
4,0,3.500000000e-01,7.132450435e-02,2.020139814e-16,3.423046685e-01
4,0,3.550000000e-01,7.197381640e-02,2.022081027e-16,3.472653542e-01
4,0,3.600000000e-01,7.261654343e-02,2.023750792e-16,3.522269140e-01
4,0,3.650000000e-01,7.325278643e-02,2.025157380e-16,3.571893261e-01
4,0,3.700000000e-01,7.388264435e-02,2.026308636e-16,3.621525692e-01
4,0,3.750000000e-01,7.450621414e-02,2.027211961e-16,3.671166228e-01
4,0,3.800000000e-01,7.512359079e-02,2.027874303e-16,3.720814671e-01
4,0,3.850000000e-01,7.573486742e-02,2.028302137e-16,3.770470827e-01
4,0,3.900000000e-01,7.634013527e-02,2.028501447e-16,3.820134509e-01
4,0,3.950000000e-01,7.693948380e-02,2.028477697e-16,3.869805535e-01
4,0,4.000000000e-01,7.753300068e-02,2.028235811e-16,3.919483729e-01
4,0,4.050000000e-01,7.812077188e-02,2.027780136e-16,3.969168920e-01
4,0,4.100000000e-01,7.870288169e-02,2.027114406e-16,4.018860941e-01
4,0,4.150000000e-01,7.927941274e-02,2.026241706e-16,4.068559632e-01
4,0,4.200000000e-01,7.985044610e-02,2.025164421e-16,4.118264835e-01
4,0,4.250000000e-01,8.041606123e-02,2.023884189e-16,4.167976399e-01
4,0,4.300000000e-01,8.097633612e-02,2.022401840e-16,4.217694176e-01
4,0,4.350000000e-01,8.153134721e-02,2.020717336e-16,4.267418023e-01
4,0,4.400000000e-01,8.208116955e-02,2.018829696e-16,4.317147800e-01
4,0,4.450000000e-01,8.262587673e-02,2.016736923e-16,4.366883371e-01
4,0,4.500000000e-01,8.316554096e-02,2.014435911e-16,4.416624606e-01
4,0,4.550000000e-01,8.370023310e-02,2.011922355e-16,4.466371376e-01
4,0,4.600000000e-01,8.423002270e-02,2.009190643e-16,4.516123556e-01
4,0,4.650000000e-01,8.475497800e-02,2.006233741e-16,4.565881027e-01
4,0,4.700000000e-01,8.527516598e-02,2.003043063e-16,4.615643671e-01
4,0,4.750000000e-01,8.579065240e-02,1.999608339e-16,4.665411372e-01
4,0,4.800000000e-01,8.630150179e-02,1.995917453e-16,4.715184021e-01
4,0,4.850000000e-01,8.680777752e-02,1.991956281e-16,4.764961508e-01
4,0,4.900000000e-01,8.730954181e-02,1.987708508e-16,4.814743729e-01
4,0,4.950000000e-01,8.780685575e-02,1.983155425e-16,4.864530582e-01
4,0,5.000000000e-01,8.829977933e-02,1.978275714e-16,4.914321967e-01
4,1,0.000000000e+00,0.000000000e+00,0.000000000e+00,0.000000000e+00
4,1,5.000000000e-03,-7.434815063e-18,1.576150014e-03,4.747040767e-03
4,1,1.000000000e-02,-1.447119519e-17,3.127753730e-03,9.502177832e-03
4,1,1.500000000e-02,-2.112135852e-17,4.655354478e-03,1.426509674e-02
4,1,2.000000000e-02,-2.742234243e-17,6.159481016e-03,1.903549736e-02
4,1,2.500000000e-02,-3.340813184e-17,7.640648355e-03,2.381309304e-02
4,1,3.000000000e-02,-3.910962746e-17,9.099357993e-03,2.859760995e-02
4,1,3.500000000e-02,-4.455470605e-17,1.053609827e-02,3.338878644e-02
4,1,4.000000000e-02,-4.976834342e-17,1.195134470e-02,3.818637244e-02
4,1,4.500000000e-02,-5.477277921e-17,1.334556035e-02,4.299012888e-02
4,1,5.000000000e-02,-5.958770736e-17,1.471919614e-02,4.779982715e-02
4,1,5.500000000e-02,-6.423048001e-17,1.607269117e-02,5.261524859e-02
4,1,6.000000000e-02,-6.871631584e-17,1.740647307e-02,5.743618400e-02
4,1,6.500000000e-02,-7.305850618e-17,1.872095833e-02,6.226243316e-02
4,1,7.000000000e-02,-7.726861423e-17,2.001655255e-02,6.709380443e-02
4,1,7.500000000e-02,-8.135666411e-17,2.129365082e-02,7.193011430e-02
4,1,8.000000000e-02,-8.533131779e-17,2.255263794e-02,7.677118703e-02
4,1,8.500000000e-02,-8.920003879e-17,2.379388879e-02,8.161685425e-02
4,1,9.000000000e-02,-9.296924188e-17,2.501776854e-02,8.646695463e-02
4,1,9.500000000e-02,-9.664442915e-17,2.622463298e-02,9.132133355e-02
4,1,1.000000000e-01,-1.002303125e-16,2.741482876e-02,9.617984274e-02
4,1,1.050000000e-01,-1.037309231e-16,2.858869365e-02,1.010423401e-01
4,1,1.100000000e-01,-1.071497091e-16,2.974655683e-02,1.059086891e-01
4,1,1.150000000e-01,-1.104896213e-16,3.088873908e-02,1.107787591e-01
4,1,1.200000000e-01,-1.137531894e-16,3.201555307e-02,1.156524244e-01
4,1,1.250000000e-01,-1.169425874e-16,3.312730356e-02,1.205295646e-01
4,1,1.300000000e-01,-1.200596919e-16,3.422428766e-02,1.254100639e-01
4,1,1.350000000e-01,-1.231061312e-16,3.530679503e-02,1.302938111e-01
4,1,1.400000000e-01,-1.260833285e-16,3.637510807e-02,1.351806996e-01
4,1,1.450000000e-01,-1.289925383e-16,3.742950220e-02,1.400706267e-01
4,1,1.500000000e-01,-1.318348777e-16,3.847024597e-02,1.449634938e-01
4,1,1.550000000e-01,-1.346113525e-16,3.949760135e-02,1.498592061e-01
4,1,1.600000000e-01,-1.373228796e-16,4.051182383e-02,1.547576726e-01
4,1,1.650000000e-01,-1.399703052e-16,4.151316267e-02,1.596588055e-01
4,1,1.700000000e-01,-1.425544203e-16,4.250186104e-02,1.645625207e-01
4,1,1.750000000e-01,-1.450759731e-16,4.347815624e-02,1.694687368e-01
4,1,1.800000000e-01,-1.475356791e-16,4.444227979e-02,1.743773759e-01
4,1,1.850000000e-01,-1.499342294e-16,4.539445767e-02,1.792883628e-01
4,1,1.900000000e-01,-1.522722971e-16,4.633491044e-02,1.842016251e-01
4,1,1.950000000e-01,-1.545505423e-16,4.726385339e-02,1.891170931e-01
4,1,2.000000000e-01,-1.567696156e-16,4.818149673e-02,1.940346998e-01
4,1,2.050000000e-01,-1.589301616e-16,4.908804565e-02,1.989543803e-01
4,1,2.100000000e-01,-1.610328202e-16,4.998370055e-02,2.038760724e-01
4,1,2.150000000e-01,-1.630782280e-16,5.086865713e-02,2.087997160e-01
4,1,2.200000000e-01,-1.650670195e-16,5.174310652e-02,2.137252531e-01
4,1,2.250000000e-01,-1.669998269e-16,5.260723541e-02,2.186526279e-01
4,1,2.300000000e-01,-1.688772803e-16,5.346122618e-02,2.235817865e-01
4,1,2.350000000e-01,-1.707000075e-16,5.430525701e-02,2.285126769e-01
4,1,2.400000000e-01,-1.724686335e-16,5.513950202e-02,2.334452490e-01
4,1,2.450000000e-01,-1.741837799e-16,5.596413135e-02,2.383794543e-01
4,1,2.500000000e-01,-1.758460642e-16,5.677931127e-02,2.433152462e-01
4,1,2.550000000e-01,-1.774560994e-16,5.758520432e-02,2.482525794e-01
4,1,2.600000000e-01,-1.790144929e-16,5.838196936e-02,2.531914105e-01
4,1,2.650000000e-01,-1.805218463e-16,5.916976172e-02,2.581316974e-01
4,1,2.700000000e-01,-1.819787543e-16,5.994873327e-02,2.630733994e-01
4,1,2.750000000e-01,-1.833858048e-16,6.071903250e-02,2.680164772e-01
4,1,2.800000000e-01,-1.847435776e-16,6.148080464e-02,2.729608929e-01
4,1,2.850000000e-01,-1.860526446e-16,6.223419173e-02,2.779066098e-01
4,1,2.900000000e-01,-1.873135694e-16,6.297933271e-02,2.828535923e-01
4,1,2.950000000e-01,-1.885269068e-16,6.371636348e-02,2.878018063e-01
4,1,3.000000000e-01,-1.896932031e-16,6.444541703e-02,2.927512185e-01
4,1,3.050000000e-01,-1.908129958e-16,6.516662347e-02,2.977017968e-01
4,1,3.100000000e-01,-1.918868136e-16,6.588011010e-02,3.026535101e-01
4,1,3.150000000e-01,-1.929151767e-16,6.658600155e-02,3.076063286e-01
4,1,3.200000000e-01,-1.938985972e-16,6.728441977e-02,3.125602229e-01
4,1,3.250000000e-01,-1.948375791e-16,6.797548414e-02,3.175151651e-01
4,1,3.300000000e-01,-1.957326191e-16,6.865931153e-02,3.224711278e-01
4,1,3.350000000e-01,-1.965842066e-16,6.933601636e-02,3.274280846e-01
4,1,3.400000000e-01,-1.973928249e-16,7.000571067e-02,3.323860101e-01
4,1,3.450000000e-01,-1.981589512e-16,7.066850419e-02,3.373448794e-01
4,1,3.500000000e-01,-1.988830578e-16,7.132450435e-02,3.423046685e-01
4,1,3.550000000e-01,-1.995656125e-16,7.197381640e-02,3.472653542e-01
4,1,3.600000000e-01,-2.002070796e-16,7.261654343e-02,3.522269140e-01
4,1,3.650000000e-01,-2.008079206e-16,7.325278643e-02,3.571893261e-01
4,1,3.700000000e-01,-2.013685953e-16,7.388264435e-02,3.621525692e-01
4,1,3.750000000e-01,-2.018895625e-16,7.450621414e-02,3.671166228e-01
4,1,3.800000000e-01,-2.023712811e-16,7.512359079e-02,3.720814671e-01
4,1,3.850000000e-01,-2.028142108e-16,7.573486742e-02,3.770470827e-01
4,1,3.900000000e-01,-2.032188135e-16,7.634013527e-02,3.820134509e-01
4,1,3.950000000e-01,-2.035855541e-16,7.693948380e-02,3.869805535e-01
4,1,4.000000000e-01,-2.039149016e-16,7.753300068e-02,3.919483729e-01
4,1,4.050000000e-01,-2.042073302e-16,7.812077188e-02,3.969168920e-01
4,1,4.100000000e-01,-2.044633202e-16,7.870288169e-02,4.018860941e-01
4,1,4.150000000e-01,-2.046833597e-16,7.927941274e-02,4.068559632e-01
4,1,4.200000000e-01,-2.048679451e-16,7.985044610e-02,4.118264835e-01
4,1,4.250000000e-01,-2.050175831e-16,8.041606123e-02,4.167976399e-01
4,1,4.300000000e-01,-2.051327914e-16,8.097633612e-02,4.217694176e-01
4,1,4.350000000e-01,-2.052141009e-16,8.153134721e-02,4.267418023e-01
4,1,4.400000000e-01,-2.052620565e-16,8.208116955e-02,4.317147800e-01
4,1,4.450000000e-01,-2.052772196e-16,8.262587673e-02,4.366883371e-01
4,1,4.500000000e-01,-2.052601698e-16,8.316554096e-02,4.416624606e-01
4,1,4.550000000e-01,-2.052115071e-16,8.370023310e-02,4.466371376e-01
4,1,4.600000000e-01,-2.051318550e-16,8.423002270e-02,4.516123556e-01
4,1,4.650000000e-01,-2.050218631e-16,8.475497800e-02,4.565881027e-01
4,1,4.700000000e-01,-2.048822109e-16,8.527516598e-02,4.615643671e-01
4,1,4.750000000e-01,-2.047136118e-16,8.579065240e-02,4.665411372e-01
4,1,4.800000000e-01,-2.045168186e-16,8.630150179e-02,4.715184021e-01
4,1,4.850000000e-01,-2.042926288e-16,8.680777752e-02,4.764961508e-01
4,1,4.900000000e-01,-2.040418919e-16,8.730954181e-02,4.814743729e-01
4,1,4.950000000e-01,-2.037655173e-16,8.780685575e-02,4.864530582e-01
4,1,5.000000000e-01,-2.034644845e-16,8.829977933e-02,4.914321967e-01
4,2,0.000000000e+00,0.000000000e+00,0.000000000e+00,0.000000000e+00
4,2,5.000000000e-03,-1.576150014e-03,7.543200036e-18,4.747040767e-03
4,2,1.000000000e-02,-3.127753730e-03,1.440967249e-17,9.502177832e-03
4,2,1.500000000e-02,-4.655354478e-03,2.068207253e-17,1.426509674e-02
4,2,2.000000000e-02,-6.159481016e-03,2.643089350e-17,1.903549736e-02
4,2,2.500000000e-02,-7.640648355e-03,3.171631090e-17,2.381309304e-02
4,2,3.000000000e-02,-9.099357993e-03,3.658973511e-17,2.859760995e-02
4,2,3.500000000e-02,-1.053609827e-02,4.109513435e-17,3.338878644e-02
4,2,4.000000000e-02,-1.195134470e-02,4.527015958e-17,3.818637244e-02
4,2,4.500000000e-02,-1.334556035e-02,4.914710102e-17,4.299012888e-02
4,2,5.000000000e-02,-1.471919614e-02,5.275370149e-17,4.779982715e-02
4,2,5.500000000e-02,-1.607269117e-02,5.611384780e-17,5.261524859e-02
4,2,6.000000000e-02,-1.740647307e-02,5.924815844e-17,5.743618400e-02
4,2,6.500000000e-02,-1.872095833e-02,6.217448273e-17,6.226243316e-02
4,2,7.000000000e-02,-2.001655255e-02,6.490832457e-17,6.709380443e-02
4,2,7.500000000e-02,-2.129365082e-02,6.746320201e-17,7.193011430e-02
4,2,8.000000000e-02,-2.255263794e-02,6.985095208e-17,7.677118703e-02
4,2,8.500000000e-02,-2.379388879e-02,7.208198895e-17,8.161685425e-02
4,2,9.000000000e-02,-2.501776854e-02,7.416552236e-17,8.646695463e-02
4,2,9.500000000e-02,-2.622463298e-02,7.610974218e-17,9.132133355e-02
4,2,1.000000000e-01,-2.741482876e-02,7.792197414e-17,9.617984274e-02
4,2,1.050000000e-01,-2.858869365e-02,7.960881136e-17,1.010423401e-01
4,2,1.100000000e-01,-2.974655683e-02,8.117622497e-17,1.059086891e-01
4,2,1.150000000e-01,-3.088873908e-02,8.262965708e-17,1.107787591e-01
4,2,1.200000000e-01,-3.201555307e-02,8.397409916e-17,1.156524244e-01
4,2,1.250000000e-01,-3.312730356e-02,8.521415734e-17,1.205295646e-01
4,2,1.300000000e-01,-3.422428766e-02,8.635410730e-17,1.254100639e-01
4,2,1.350000000e-01,-3.530679503e-02,8.739794028e-17,1.302938111e-01
4,2,1.400000000e-01,-3.637510807e-02,8.834940113e-17,1.351806996e-01
4,2,1.450000000e-01,-3.742950220e-02,8.921202001e-17,1.400706267e-01
4,2,1.500000000e-01,-3.847024597e-02,8.998913904e-17,1.449634938e-01
4,2,1.550000000e-01,-3.949760135e-02,9.068393446e-17,1.498592061e-01
4,2,1.600000000e-01,-4.051182383e-02,9.129943500e-17,1.547576726e-01
4,2,1.650000000e-01,-4.151316267e-02,9.183853720e-17,1.596588055e-01
4,2,1.700000000e-01,-4.250186104e-02,9.230401802e-17,1.645625207e-01
4,2,1.750000000e-01,-4.347815624e-02,9.269854592e-17,1.694687368e-01
4,2,1.800000000e-01,-4.444227979e-02,9.302468917e-17,1.743773759e-01
4,2,1.850000000e-01,-4.539445767e-02,9.328492276e-17,1.792883628e-01
4,2,1.900000000e-01,-4.633491044e-02,9.348163533e-17,1.842016251e-01
4,2,1.950000000e-01,-4.726385339e-02,9.361713464e-17,1.891170931e-01
4,2,2.000000000e-01,-4.818149673e-02,9.369365152e-17,1.940346998e-01
4,2,2.050000000e-01,-4.908804565e-02,9.371334287e-17,1.989543803e-01
4,2,2.100000000e-01,-4.998370055e-02,9.367829539e-17,2.038760724e-01
4,2,2.150000000e-01,-5.086865713e-02,9.359053070e-17,2.087997160e-01
4,2,2.200000000e-01,-5.174310652e-02,9.345200559e-17,2.137252531e-01
4,2,2.250000000e-01,-5.260723541e-02,9.326461370e-17,2.186526279e-01
4,2,2.300000000e-01,-5.346122618e-02,9.303019030e-17,2.235817865e-01
4,2,2.350000000e-01,-5.430525701e-02,9.275051207e-17,2.285126769e-01
4,2,2.400000000e-01,-5.513950202e-02,9.242729846e-17,2.334452490e-01
4,2,2.450000000e-01,-5.596413135e-02,9.206221485e-17,2.383794543e-01
4,2,2.500000000e-01,-5.677931127e-02,9.165687482e-17,2.433152462e-01
4,2,2.550000000e-01,-5.758520432e-02,9.121284125e-17,2.482525794e-01
4,2,2.600000000e-01,-5.838196936e-02,9.073162763e-17,2.531914105e-01
4,2,2.650000000e-01,-5.916976172e-02,9.021469853e-17,2.581316974e-01
4,2,2.700000000e-01,-5.994873327e-02,8.966347216e-17,2.630733994e-01
4,2,2.750000000e-01,-6.071903250e-02,8.907932200e-17,2.680164772e-01
4,2,2.800000000e-01,-6.148080464e-02,8.846358121e-17,2.729608929e-01
4,2,2.850000000e-01,-6.223419173e-02,8.781754168e-17,2.779066098e-01
4,2,2.900000000e-01,-6.297933271e-02,8.714244982e-17,2.828535923e-01
4,2,2.950000000e-01,-6.371636348e-02,8.643951064e-17,2.878018063e-01
4,2,3.000000000e-01,-6.444541703e-02,8.570989322e-17,2.927512185e-01
4,2,3.050000000e-01,-6.516662347e-02,8.495473034e-17,2.977017968e-01
4,2,3.100000000e-01,-6.588011010e-02,8.417511728e-17,3.026535101e-01
4,2,3.150000000e-01,-6.658600155e-02,8.337211041e-17,3.076063286e-01
4,2,3.200000000e-01,-6.728441977e-02,8.254673180e-17,3.125602229e-01
4,2,3.250000000e-01,-6.797548414e-02,8.169997350e-17,3.175151651e-01
4,2,3.300000000e-01,-6.865931153e-02,8.083279053e-17,3.224711278e-01
4,2,3.350000000e-01,-6.933601636e-02,7.994609911e-17,3.274280846e-01
4,2,3.400000000e-01,-7.000571067e-02,7.904078171e-17,3.323860101e-01
4,2,3.450000000e-01,-7.066850419e-02,7.811769117e-17,3.373448794e-01
4,2,3.500000000e-01,-7.132450435e-02,7.717765578e-17,3.423046685e-01
4,2,3.550000000e-01,-7.197381640e-02,7.622146648e-17,3.472653542e-01
4,2,3.600000000e-01,-7.261654343e-02,7.524987350e-17,3.522269140e-01
4,2,3.650000000e-01,-7.325278643e-02,7.426360257e-17,3.571893261e-01
4,2,3.700000000e-01,-7.388264435e-02,7.326335171e-17,3.621525692e-01
4,2,3.750000000e-01,-7.450621414e-02,7.224977544e-17,3.671166228e-01
4,2,3.800000000e-01,-7.512359079e-02,7.122347747e-17,3.720814671e-01
4,2,3.850000000e-01,-7.573486742e-02,7.018502107e-17,3.770470827e-01
4,2,3.900000000e-01,-7.634013527e-02,6.913492644e-17,3.820134509e-01
4,2,3.950000000e-01,-7.693948380e-02,6.807366113e-17,3.869805535e-01
4,2,4.000000000e-01,-7.753300068e-02,6.700165260e-17,3.919483729e-01
4,2,4.050000000e-01,-7.812077188e-02,6.591929996e-17,3.969168920e-01
4,2,4.100000000e-01,-7.870288169e-02,6.482693583e-17,4.018860941e-01
4,2,4.150000000e-01,-7.927941274e-02,6.372483501e-17,4.068559632e-01
4,2,4.200000000e-01,-7.985044610e-02,6.261322976e-17,4.118264835e-01
4,2,4.250000000e-01,-8.041606123e-02,6.149230358e-17,4.167976399e-01
4,2,4.300000000e-01,-8.097633612e-02,6.036214679e-17,4.217694176e-01
4,2,4.350000000e-01,-8.153134721e-02,5.922275280e-17,4.267418023e-01
4,2,4.400000000e-01,-8.208116955e-02,5.807401033e-17,4.317147800e-01
4,2,4.450000000e-01,-8.262587673e-02,5.691571813e-17,4.366883371e-01
4,2,4.500000000e-01,-8.316554096e-02,5.574758376e-17,4.416624606e-01
4,2,4.550000000e-01,-8.370023310e-02,5.456922818e-17,4.466371376e-01
4,2,4.600000000e-01,-8.423002270e-02,5.338015222e-17,4.516123556e-01
4,2,4.650000000e-01,-8.475497800e-02,5.217970415e-17,4.565881027e-01
4,2,4.700000000e-01,-8.527516598e-02,5.096707391e-17,4.615643671e-01
4,2,4.750000000e-01,-8.579065240e-02,4.974127565e-17,4.665411372e-01
4,2,4.800000000e-01,-8.630150179e-02,4.850119026e-17,4.715184021e-01
4,2,4.850000000e-01,-8.680777752e-02,4.724547884e-17,4.764961508e-01
4,2,4.900000000e-01,-8.730954181e-02,4.597254672e-17,4.814743729e-01
4,2,4.950000000e-01,-8.780685575e-02,4.468057781e-17,4.864530582e-01
4,2,5.000000000e-01,-8.829977933e-02,4.336747022e-17,4.914321967e-01
4,3,0.000000000e+00,0.000000000e+00,0.000000000e+00,0.000000000e+00
4,3,5.000000000e-03,-4.716484739e-18,-1.576150014e-03,4.747040767e-03
4,3,1.000000000e-02,-9.055260438e-18,-3.127753730e-03,9.502177832e-03
4,3,1.500000000e-02,-1.305421941e-17,-4.655354478e-03,1.426509674e-02
4,3,2.000000000e-02,-1.674853405e-17,-6.159481016e-03,1.903549736e-02
4,3,2.500000000e-02,-2.017049010e-17,-7.640648355e-03,2.381309304e-02
4,3,3.000000000e-02,-2.334943716e-17,-9.099357993e-03,2.859760995e-02
4,3,3.500000000e-02,-2.631183264e-17,-1.053609827e-02,3.338878644e-02
4,3,4.000000000e-02,-2.908135001e-17,-1.195134470e-02,3.818637244e-02
4,3,4.500000000e-02,-3.167903033e-17,-1.334556035e-02,4.299012888e-02
4,3,5.000000000e-02,-3.412346085e-17,-1.471919614e-02,4.779982715e-02
4,3,5.500000000e-02,-3.643096838e-17,-1.607269117e-02,5.261524859e-02
4,3,6.000000000e-02,-3.861581828e-17,-1.740647307e-02,5.743618400e-02
4,3,6.500000000e-02,-4.069041220e-17,-1.872095833e-02,6.226243316e-02
4,3,7.000000000e-02,-4.266548004e-17,-2.001655255e-02,6.709380443e-02
4,3,7.500000000e-02,-4.455026258e-17,-2.129365082e-02,7.193011430e-02
4,3,8.000000000e-02,-4.635268274e-17,-2.255263794e-02,7.677118703e-02
4,3,8.500000000e-02,-4.807950426e-17,-2.379388879e-02,8.161685425e-02
4,3,9.000000000e-02,-4.973647720e-17,-2.501776854e-02,8.646695463e-02
4,3,9.500000000e-02,-5.132847011e-17,-2.622463298e-02,9.132133355e-02
4,3,1.000000000e-01,-5.285958928e-17,-2.741482876e-02,9.617984274e-02
4,3,1.050000000e-01,-5.433328544e-17,-2.858869365e-02,1.010423401e-01
4,3,1.100000000e-01,-5.575244864e-17,-2.974655683e-02,1.059086891e-01
4,3,1.150000000e-01,-5.711949222e-17,-3.088873908e-02,1.107787591e-01
4,3,1.200000000e-01,-5.843642660e-17,-3.201555307e-02,1.156524244e-01
4,3,1.250000000e-01,-5.970492373e-17,-3.312730356e-02,1.205295646e-01
4,3,1.300000000e-01,-6.092637323e-17,-3.422428766e-02,1.254100639e-01
4,3,1.350000000e-01,-6.210193091e-17,-3.530679503e-02,1.302938111e-01
4,3,1.400000000e-01,-6.323256049e-17,-3.637510807e-02,1.351806996e-01
4,3,1.450000000e-01,-6.431906926e-17,-3.742950220e-02,1.400706267e-01
4,3,1.500000000e-01,-6.536213836e-17,-3.847024597e-02,1.449634938e-01
4,3,1.550000000e-01,-6.636234845e-17,-3.949760135e-02,1.498592061e-01
4,3,1.600000000e-01,-6.732020128e-17,-4.051182383e-02,1.547576726e-01
4,3,1.650000000e-01,-6.823613749e-17,-4.151316267e-02,1.596588055e-01
4,3,1.700000000e-01,-6.911055134e-17,-4.250186104e-02,1.645625207e-01
4,3,1.750000000e-01,-6.994380292e-17,-4.347815624e-02,1.694687368e-01
4,3,1.800000000e-01,-7.073622784e-17,-4.444227979e-02,1.743773759e-01
4,3,1.850000000e-01,-7.148814520e-17,-4.539445767e-02,1.792883628e-01
4,3,1.900000000e-01,-7.219986363e-17,-4.633491044e-02,1.842016251e-01
4,3,1.950000000e-01,-7.287168595e-17,-4.726385339e-02,1.891170931e-01
4,3,2.000000000e-01,-7.350391270e-17,-4.818149673e-02,1.940346998e-01
4,3,2.050000000e-01,-7.409684473e-17,-4.908804565e-02,1.989543803e-01
4,3,2.100000000e-01,-7.465078479e-17,-4.998370055e-02,2.038760724e-01
4,3,2.150000000e-01,-7.516603873e-17,-5.086865713e-02,2.087997160e-01
4,3,2.200000000e-01,-7.564291620e-17,-5.174310652e-02,2.137252531e-01
4,3,2.250000000e-01,-7.608173079e-17,-5.260723541e-02,2.186526279e-01
4,3,2.300000000e-01,-7.648279968e-17,-5.346122618e-02,2.235817865e-01
4,3,2.350000000e-01,-7.684644324e-17,-5.430525701e-02,2.285126769e-01
4,3,2.400000000e-01,-7.717298448e-17,-5.513950202e-02,2.334452490e-01
4,3,2.450000000e-01,-7.746274805e-17,-5.596413135e-02,2.383794543e-01
4,3,2.500000000e-01,-7.771605974e-17,-5.677931127e-02,2.433152462e-01
4,3,2.550000000e-01,-7.793324558e-17,-5.758520432e-02,2.482525794e-01
4,3,2.600000000e-01,-7.811463086e-17,-5.838196936e-02,2.531914105e-01
4,3,2.650000000e-01,-7.826053977e-17,-5.916976172e-02,2.581316974e-01
4,3,2.700000000e-01,-7.837129443e-17,-5.994873327e-02,2.630733994e-01
4,3,2.750000000e-01,-7.844721321e-17,-6.071903250e-02,2.680164772e-01
4,3,2.800000000e-01,-7.848861067e-17,-6.148080464e-02,2.729608929e-01
4,3,2.850000000e-01,-7.849579781e-17,-6.223419173e-02,2.779066098e-01
4,3,2.900000000e-01,-7.846908109e-17,-6.297933271e-02,2.828535923e-01
4,3,2.950000000e-01,-7.840876157e-17,-6.371636348e-02,2.878018063e-01
4,3,3.000000000e-01,-7.831513527e-17,-6.444541703e-02,2.927512185e-01
4,3,3.050000000e-01,-7.818849290e-17,-6.516662347e-02,2.977017968e-01
4,3,3.100000000e-01,-7.802911991e-17,-6.588011010e-02,3.026535101e-01
4,3,3.150000000e-01,-7.783729630e-17,-6.658600155e-02,3.076063286e-01
4,3,3.200000000e-01,-7.761329708e-17,-6.728441977e-02,3.125602229e-01
4,3,3.250000000e-01,-7.735739208e-17,-6.797548414e-02,3.175151651e-01
4,3,3.300000000e-01,-7.706984495e-17,-6.865931153e-02,3.224711278e-01
4,3,3.350000000e-01,-7.675091514e-17,-6.933601636e-02,3.274280846e-01
4,3,3.400000000e-01,-7.640085738e-17,-7.000571067e-02,3.323860101e-01
4,3,3.450000000e-01,-7.601992375e-17,-7.066850419e-02,3.373448794e-01
4,3,3.500000000e-01,-7.560836351e-17,-7.132450435e-02,3.423046685e-01
4,3,3.550000000e-01,-7.516642308e-17,-7.197381640e-02,3.472653542e-01
4,3,3.600000000e-01,-7.469434736e-17,-7.261654343e-02,3.522269140e-01
4,3,3.650000000e-01,-7.419238070e-17,-7.325278643e-02,3.571893261e-01
4,3,3.700000000e-01,-7.366076713e-17,-7.388264435e-02,3.621525692e-01
4,3,3.750000000e-01,-7.309975083e-17,-7.450621414e-02,3.671166228e-01
4,3,3.800000000e-01,-7.250957766e-17,-7.512359079e-02,3.720814671e-01
4,3,3.850000000e-01,-7.189049536e-17,-7.573486742e-02,3.770470827e-01
4,3,3.900000000e-01,-7.124275761e-17,-7.634013527e-02,3.820134509e-01
4,3,3.950000000e-01,-7.056662226e-17,-7.693948380e-02,3.869805535e-01
4,3,4.000000000e-01,-6.986235131e-17,-7.753300068e-02,3.919483729e-01
4,3,4.050000000e-01,-6.913021518e-17,-7.812077188e-02,3.969168920e-01
4,3,4.100000000e-01,-6.837048876e-17,-7.870288169e-02,4.018860941e-01
4,3,4.150000000e-01,-6.758345378e-17,-7.927941274e-02,4.068559632e-01
4,3,4.200000000e-01,-6.676940629e-17,-7.985044610e-02,4.118264835e-01
4,3,4.250000000e-01,-6.592866040e-17,-8.041606123e-02,4.167976399e-01
4,3,4.300000000e-01,-6.506154324e-17,-8.097633612e-02,4.217694176e-01
4,3,4.350000000e-01,-6.416839309e-17,-8.153134721e-02,4.267418023e-01
4,3,4.400000000e-01,-6.324956382e-17,-8.208116955e-02,4.317147800e-01
4,3,4.450000000e-01,-6.230544145e-17,-8.262587673e-02,4.366883371e-01
4,3,4.500000000e-01,-6.133644438e-17,-8.316554096e-02,4.416624606e-01
4,3,4.550000000e-01,-6.034301287e-17,-8.370023310e-02,4.466371376e-01
4,3,4.600000000e-01,-5.932562643e-17,-8.423002270e-02,4.516123556e-01
4,3,4.650000000e-01,-5.828479402e-17,-8.475497800e-02,4.565881027e-01
4,3,4.700000000e-01,-5.722104862e-17,-8.527516598e-02,4.615643671e-01
4,3,4.750000000e-01,-5.613494001e-17,-8.579065240e-02,4.665411372e-01
4,3,4.800000000e-01,-5.502706796e-17,-8.630150179e-02,4.715184021e-01
4,3,4.850000000e-01,-5.389811225e-17,-8.680777752e-02,4.764961508e-01
4,3,4.900000000e-01,-5.274878142e-17,-8.730954181e-02,4.814743729e-01
4,3,4.950000000e-01,-5.157986032e-17,-8.780685575e-02,4.864530582e-01
4,3,5.000000000e-01,-5.039226755e-17,-8.829977933e-02,4.914321967e-01
8,0,0.000000000e+00,0.000000000e+00,0.000000000e+00,0.000000000e+00
8,0,5.000000000e-03,1.778160422e-03,1.910484263e-13,4.674132954e-03
8,0,1.000000000e-02,3.529142055e-03,3.792220885e-13,9.358523467e-03
8,0,1.500000000e-02,5.253522386e-03,5.646260963e-13,1.405277970e-02
8,0,2.000000000e-02,6.951864378e-03,7.473620064e-13,1.875652733e-02
8,0,2.500000000e-02,8.624717758e-03,9.275280546e-13,2.346940830e-02
8,0,3.000000000e-02,1.027261902e-02,1.105219247e-12,2.819108018e-02
8,0,3.500000000e-02,1.189609168e-02,1.280527476e-12,3.292121539e-02
8,0,4.000000000e-02,1.349564656e-02,1.453541631e-12,3.765950046e-02
8,0,4.500000000e-02,1.507178205e-02,1.624347708e-12,4.240563541e-02
8,0,5.000000000e-02,1.662498437e-02,1.793028914e-12,4.715933308e-02
8,0,5.500000000e-02,1.815572789e-02,1.959665766e-12,5.192031853e-02
8,0,6.000000000e-02,1.966447532e-02,2.124336193e-12,5.668832844e-02
8,0,6.500000000e-02,2.115167807e-02,2.287115624e-12,6.146311060e-02
8,0,7.000000000e-02,2.261777648e-02,2.448077084e-12,6.624442334e-02
8,0,7.500000000e-02,2.406320007e-02,2.607291278e-12,7.103203509e-02
8,0,8.000000000e-02,2.548836783e-02,2.764826680e-12,7.582572387e-02
8,0,8.500000000e-02,2.689368849e-02,2.920749610e-12,8.062527686e-02
8,0,9.000000000e-02,2.827956074e-02,3.075124312e-12,8.543048997e-02
8,0,9.500000000e-02,2.964637354e-02,3.228013036e-12,9.024116742e-02
8,0,1.000000000e-01,3.099450629e-02,3.379476104e-12,9.505712142e-02
8,0,1.050000000e-01,3.232432918e-02,3.529571981e-12,9.987817172e-02
8,0,1.100000000e-01,3.363620331e-02,3.678357348e-12,1.047041453e-01
8,0,1.150000000e-01,3.493048104e-02,3.825887160e-12,1.095348762e-01
8,0,1.200000000e-01,3.620750613e-02,3.972214714e-12,1.143702048e-01
8,0,1.250000000e-01,3.746761403e-02,4.117391705e-12,1.192099780e-01
8,0,1.300000000e-01,3.871113205e-02,4.261468287e-12,1.240540485e-01
8,0,1.350000000e-01,3.993837963e-02,4.404493127e-12,1.289022751e-01
8,0,1.400000000e-01,4.114966848e-02,4.546513460e-12,1.337545217e-01
8,0,1.450000000e-01,4.234530286e-02,4.687575141e-12,1.386106577e-01
8,0,1.500000000e-01,4.352557973e-02,4.827722691e-12,1.434705575e-01
8,0,1.550000000e-01,4.469078897e-02,4.966999349e-12,1.483341002e-01
8,0,1.600000000e-01,4.584121354e-02,5.105447118e-12,1.532011696e-01
8,0,1.650000000e-01,4.697712970e-02,5.243106804e-12,1.580716538e-01
8,0,1.700000000e-01,4.809880717e-02,5.380018067e-12,1.629454452e-01
8,0,1.750000000e-01,4.920650934e-02,5.516219452e-12,1.678224402e-01
8,0,1.800000000e-01,5.030049337e-02,5.651748439e-12,1.727025389e-01
8,0,1.850000000e-01,5.138101043e-02,5.786641471e-12,1.775856455e-01
8,0,1.900000000e-01,5.244830581e-02,5.920933998e-12,1.824716672e-01
8,0,1.950000000e-01,5.350261913e-02,6.054660508e-12,1.873605149e-01
8,0,2.000000000e-01,5.454418442e-02,6.187854564e-12,1.922521028e-01
8,0,2.050000000e-01,5.557323035e-02,6.320548830e-12,1.971463479e-01
8,0,2.100000000e-01,5.658998030e-02,6.452775112e-12,2.020431706e-01
8,0,2.150000000e-01,5.759465257e-02,6.584564381e-12,2.069424938e-01
8,0,2.200000000e-01,5.858746046e-02,6.715946802e-12,2.118442433e-01
8,0,2.250000000e-01,5.956861243e-02,6.846951766e-12,2.167483475e-01
8,0,2.300000000e-01,6.053831221e-02,6.977607916e-12,2.216547374e-01
8,0,2.350000000e-01,6.149675898e-02,7.107943168e-12,2.265633462e-01
8,0,2.400000000e-01,6.244414740e-02,7.237984744e-12,2.314741096e-01
8,0,2.450000000e-01,6.338066782e-02,7.367759188e-12,2.363869655e-01
8,0,2.500000000e-01,6.430650633e-02,7.497292394e-12,2.413018539e-01
8,0,2.550000000e-01,6.522184489e-02,7.626609629e-12,2.462187170e-01
8,0,2.600000000e-01,6.612686148e-02,7.755735548e-12,2.511374987e-01
8,0,2.650000000e-01,6.702173013e-02,7.884694225e-12,2.560581451e-01
8,0,2.700000000e-01,6.790662108e-02,8.013509162e-12,2.609806039e-01
8,0,2.750000000e-01,6.878170085e-02,8.142203316e-12,2.659048246e-01
8,0,2.800000000e-01,6.964713236e-02,8.270799115e-12,2.708307585e-01
8,0,2.850000000e-01,7.050307499e-02,8.399318474e-12,2.757583583e-01
8,0,2.900000000e-01,7.134968471e-02,8.527782816e-12,2.806875785e-01
8,0,2.950000000e-01,7.218711415e-02,8.656213084e-12,2.856183750e-01
8,0,3.000000000e-01,7.301551267e-02,8.784629761e-12,2.905507051e-01
8,0,3.050000000e-01,7.383502646e-02,8.913052885e-12,2.954845275e-01
8,0,3.100000000e-01,7.464579863e-02,9.041502061e-12,3.004198022e-01
8,0,3.150000000e-01,7.544796927e-02,9.169996476e-12,3.053564906e-01
8,0,3.200000000e-01,7.624167554e-02,9.298554918e-12,3.102945552e-01
8,0,3.250000000e-01,7.702705172e-02,9.427195781e-12,3.152339599e-01
8,0,3.300000000e-01,7.780422933e-02,9.555937086e-12,3.201746695e-01
8,0,3.350000000e-01,7.857333715e-02,9.684796486e-12,3.251166501e-01
8,0,3.400000000e-01,7.933450131e-02,9.813791285e-12,3.300598686e-01
8,0,3.450000000e-01,8.008784535e-02,9.942938444e-12,3.350042933e-01
8,0,3.500000000e-01,8.083349029e-02,1.007225460e-11,3.399498933e-01
8,0,3.550000000e-01,8.157155471e-02,1.020175605e-11,3.448966385e-01
8,0,3.600000000e-01,8.230215476e-02,1.033145882e-11,3.498445000e-01
8,0,3.650000000e-01,8.302540427e-02,1.046137861e-11,3.547934496e-01
8,0,3.700000000e-01,8.374141479e-02,1.059153084e-11,3.597434600e-01
8,0,3.750000000e-01,8.445029562e-02,1.072193064e-11,3.646945048e-01
8,0,3.800000000e-01,8.515215391e-02,1.085259290e-11,3.696465583e-01
8,0,3.850000000e-01,8.584709468e-02,1.098353220e-11,3.745995956e-01
8,0,3.900000000e-01,8.653522089e-02,1.111476292e-11,3.795535925e-01
8,0,3.950000000e-01,8.721663345e-02,1.124629917e-11,3.845085257e-01
8,0,4.000000000e-01,8.789143134e-02,1.137815482e-11,3.894643723e-01
8,0,4.050000000e-01,8.855971158e-02,1.151034351e-11,3.944211104e-01
8,0,4.100000000e-01,8.922156934e-02,1.164287867e-11,3.993787184e-01
8,0,4.150000000e-01,8.987709794e-02,1.177577352e-11,4.043371756e-01
8,0,4.200000000e-01,9.052638890e-02,1.190904106e-11,4.092964618e-01
8,0,4.250000000e-01,9.116953201e-02,1.204269409e-11,4.142565573e-01
8,0,4.300000000e-01,9.180661535e-02,1.217674522e-11,4.192174431e-01
8,0,4.350000000e-01,9.243772531e-02,1.231120688e-11,4.241791006e-01
8,0,4.400000000e-01,9.306294667e-02,1.244609130e-11,4.291415119e-01
8,0,4.450000000e-01,9.368236262e-02,1.258141056e-11,4.341046595e-01
8,0,4.500000000e-01,9.429605478e-02,1.271717654e-11,4.390685264e-01
8,0,4.550000000e-01,9.490410327e-02,1.285340098e-11,4.440330962e-01
8,0,4.600000000e-01,9.550658669e-02,1.299009546e-11,4.489983526e-01
8,0,4.650000000e-01,9.610358223e-02,1.312727138e-11,4.539642802e-01
8,0,4.700000000e-01,9.669516564e-02,1.326494004e-11,4.589308637e-01
8,0,4.750000000e-01,9.728141128e-02,1.340311254e-11,4.638980885e-01
8,0,4.800000000e-01,9.786239216e-02,1.354179988e-11,4.688659401e-01
8,0,4.850000000e-01,9.843817998e-02,1.368101292e-11,4.738344045e-01
8,0,4.900000000e-01,9.900884512e-02,1.382076239e-11,4.788034683e-01
8,0,4.950000000e-01,9.957445670e-02,1.396105887e-11,4.837731182e-01
8,0,5.000000000e-01,1.001350826e-01,1.410191286e-11,4.887433412e-01
8,1,0.000000000e+00,0.000000000e+00,0.000000000e+00,0.000000000e+00
8,1,5.000000000e-03,1.257348162e-03,1.257348162e-03,4.674133562e-03
8,1,1.000000000e-02,2.495478033e-03,2.495478034e-03,9.358524664e-03
8,1,1.500000000e-02,3.714797959e-03,3.714797960e-03,1.405278147e-02
8,1,2.000000000e-02,4.915706012e-03,4.915706014e-03,1.875652965e-02
8,1,2.500000000e-02,6.098590910e-03,6.098590912e-03,2.346941116e-02
8,1,3.000000000e-02,7.263832008e-03,7.263832010e-03,2.819108357e-02
8,1,3.500000000e-02,8.411799490e-03,8.411799493e-03,3.292121928e-02
8,1,4.000000000e-02,9.542854559e-03,9.542854563e-03,3.765950484e-02
8,1,4.500000000e-02,1.065734963e-02,1.065734963e-02,4.240564027e-02
8,1,5.000000000e-02,1.175562851e-02,1.175562852e-02,4.715933841e-02
8,1,5.500000000e-02,1.283802663e-02,1.283802664e-02,5.192032431e-02
8,1,6.000000000e-02,1.390487118e-02,1.390487119e-02,5.668833467e-02
8,1,6.500000000e-02,1.495648136e-02,1.495648136e-02,6.146311726e-02
8,1,7.000000000e-02,1.599316851e-02,1.599316851e-02,6.624443042e-02
8,1,7.500000000e-02,1.701523637e-02,1.701523637e-02,7.103204259e-02
8,1,8.000000000e-02,1.802298120e-02,1.802298121e-02,7.582573177e-02
8,1,8.500000000e-02,1.901669202e-02,1.901669203e-02,8.062528515e-02
8,1,9.000000000e-02,1.999665075e-02,1.999665076e-02,8.543049863e-02
8,1,9.500000000e-02,2.096313242e-02,2.096313242e-02,9.024117647e-02
8,1,1.000000000e-01,2.191640531e-02,2.191640531e-02,9.505713083e-02
8,1,1.050000000e-01,2.285673117e-02,2.285673117e-02,9.987818149e-02
8,1,1.100000000e-01,2.378436535e-02,2.378436536e-02,1.047041555e-01
8,1,1.150000000e-01,2.469955700e-02,2.469955701e-02,1.095348867e-01
8,1,1.200000000e-01,2.560254920e-02,2.560254921e-02,1.143702156e-01
8,1,1.250000000e-01,2.649357914e-02,2.649357915e-02,1.192099891e-01
8,1,1.300000000e-01,2.737287828e-02,2.737287829e-02,1.240540600e-01
8,1,1.350000000e-01,2.824067247e-02,2.824067248e-02,1.289022868e-01
8,1,1.400000000e-01,2.909718215e-02,2.909718216e-02,1.337545338e-01
8,1,1.450000000e-01,2.994262245e-02,2.994262246e-02,1.386106701e-01
8,1,1.500000000e-01,3.077720335e-02,3.077720336e-02,1.434705702e-01
8,1,1.550000000e-01,3.160112983e-02,3.160112984e-02,1.483341132e-01
8,1,1.600000000e-01,3.241460197e-02,3.241460198e-02,1.532011828e-01
8,1,1.650000000e-01,3.321781512e-02,3.321781513e-02,1.580716673e-01
8,1,1.700000000e-01,3.401096000e-02,3.401096002e-02,1.629454590e-01
8,1,1.750000000e-01,3.479422285e-02,3.479422286e-02,1.678224543e-01
8,1,1.800000000e-01,3.556778551e-02,3.556778553e-02,1.727025533e-01
8,1,1.850000000e-01,3.633182559e-02,3.633182560e-02,1.775856601e-01
8,1,1.900000000e-01,3.708651653e-02,3.708651655e-02,1.824716821e-01
8,1,1.950000000e-01,3.783202777e-02,3.783202778e-02,1.873605301e-01
8,1,2.000000000e-01,3.856852479e-02,3.856852480e-02,1.922521182e-01
8,1,2.050000000e-01,3.929616928e-02,3.929616930e-02,1.971463637e-01
8,1,2.100000000e-01,4.001511921e-02,4.001511923e-02,2.020431866e-01
8,1,2.150000000e-01,4.072552893e-02,4.072552894e-02,2.069425100e-01
8,1,2.200000000e-01,4.142754926e-02,4.142754927e-02,2.118442598e-01
8,1,2.250000000e-01,4.212132761e-02,4.212132762e-02,2.167483643e-01
8,1,2.300000000e-01,4.280700804e-02,4.280700806e-02,2.216547543e-01
8,1,2.350000000e-01,4.348473139e-02,4.348473140e-02,2.265633633e-01
8,1,2.400000000e-01,4.415463530e-02,4.415463532e-02,2.314741270e-01
8,1,2.450000000e-01,4.481685438e-02,4.481685439e-02,2.363869831e-01
8,1,2.500000000e-01,4.547152020e-02,4.547152022e-02,2.413018718e-01
8,1,2.550000000e-01,4.611876144e-02,4.611876146e-02,2.462187351e-01
8,1,2.600000000e-01,4.675870394e-02,4.675870396e-02,2.511375171e-01
8,1,2.650000000e-01,4.739147076e-02,4.739147078e-02,2.560581637e-01
8,1,2.700000000e-01,4.801718228e-02,4.801718229e-02,2.609806227e-01
8,1,2.750000000e-01,4.863595624e-02,4.863595626e-02,2.659048436e-01
8,1,2.800000000e-01,4.924790785e-02,4.924790787e-02,2.708307777e-01
8,1,2.850000000e-01,4.985314981e-02,4.985314983e-02,2.757583778e-01
8,1,2.900000000e-01,5.045179241e-02,5.045179243e-02,2.806875982e-01
8,1,2.950000000e-01,5.104394355e-02,5.104394357e-02,2.856183949e-01
8,1,3.000000000e-01,5.162970887e-02,5.162970889e-02,2.905507252e-01
8,1,3.050000000e-01,5.220919174e-02,5.220919176e-02,2.954845477e-01
8,1,3.100000000e-01,5.278249334e-02,5.278249337e-02,3.004198227e-01
8,1,3.150000000e-01,5.334971275e-02,5.334971277e-02,3.053565113e-01
8,1,3.200000000e-01,5.391094693e-02,5.391094695e-02,3.102945761e-01
8,1,3.250000000e-01,5.446629085e-02,5.446629087e-02,3.152339810e-01
8,1,3.300000000e-01,5.501583750e-02,5.501583752e-02,3.201746908e-01
8,1,3.350000000e-01,5.555967793e-02,5.555967796e-02,3.251166716e-01
8,1,3.400000000e-01,5.609790135e-02,5.609790137e-02,3.300598904e-01
8,1,3.450000000e-01,5.663059511e-02,5.663059513e-02,3.350043153e-01
8,1,3.500000000e-01,5.715784478e-02,5.715784480e-02,3.399499154e-01
8,1,3.550000000e-01,5.767973420e-02,5.767973422e-02,3.448966608e-01
8,1,3.600000000e-01,5.819634551e-02,5.819634553e-02,3.498445225e-01
8,1,3.650000000e-01,5.870775920e-02,5.870775923e-02,3.547934723e-01
8,1,3.700000000e-01,5.921405415e-02,5.921405417e-02,3.597434829e-01
8,1,3.750000000e-01,5.971530764e-02,5.971530766e-02,3.646945279e-01
8,1,3.800000000e-01,6.021159544e-02,6.021159546e-02,3.696465815e-01
8,1,3.850000000e-01,6.070299181e-02,6.070299183e-02,3.745996190e-01
8,1,3.900000000e-01,6.118956954e-02,6.118956957e-02,3.795536162e-01
8,1,3.950000000e-01,6.167140001e-02,6.167140004e-02,3.845085495e-01
8,1,4.000000000e-01,6.214855319e-02,6.214855322e-02,3.894643964e-01
8,1,4.050000000e-01,6.262109770e-02,6.262109773e-02,3.944211346e-01
8,1,4.100000000e-01,6.308910082e-02,6.308910085e-02,3.993787428e-01
8,1,4.150000000e-01,6.355262854e-02,6.355262856e-02,4.043372002e-01
8,1,4.200000000e-01,6.401174558e-02,6.401174560e-02,4.092964866e-01
8,1,4.250000000e-01,6.446651542e-02,6.446651545e-02,4.142565822e-01
8,1,4.300000000e-01,6.491700035e-02,6.491700038e-02,4.192174682e-01
8,1,4.350000000e-01,6.536326146e-02,6.536326149e-02,4.241791259e-01
8,1,4.400000000e-01,6.580535870e-02,6.580535872e-02,4.291415374e-01
8,1,4.450000000e-01,6.624335088e-02,6.624335091e-02,4.341046852e-01
8,1,4.500000000e-01,6.667729572e-02,6.667729575e-02,4.390685523e-01
8,1,4.550000000e-01,6.710724988e-02,6.710724991e-02,4.440331222e-01
8,1,4.600000000e-01,6.753326893e-02,6.753326897e-02,4.489983789e-01
8,1,4.650000000e-01,6.795540746e-02,6.795540749e-02,4.539643066e-01
8,1,4.700000000e-01,6.837371903e-02,6.837371906e-02,4.589308904e-01
8,1,4.750000000e-01,6.878825622e-02,6.878825625e-02,4.638981153e-01
8,1,4.800000000e-01,6.919907065e-02,6.919907069e-02,4.688659671e-01
8,1,4.850000000e-01,6.960621303e-02,6.960621306e-02,4.738344317e-01
8,1,4.900000000e-01,7.000973311e-02,7.000973315e-02,4.788034956e-01
8,1,4.950000000e-01,7.040967979e-02,7.040967982e-02,4.837731457e-01
8,1,5.000000000e-01,7.080610108e-02,7.080610111e-02,4.887433689e-01
8,2,0.000000000e+00,0.000000000e+00,0.000000000e+00,0.000000000e+00
8,2,5.000000000e-03,6.359584809e-13,1.778160431e-03,4.674132951e-03
8,2,1.000000000e-02,1.262348542e-12,3.529142074e-03,9.358523460e-03
8,2,1.500000000e-02,1.879519832e-12,5.253522413e-03,1.405277969e-02
8,2,2.000000000e-02,2.487810216e-12,6.951864414e-03,1.875652731e-02
8,2,2.500000000e-02,3.087546543e-12,8.624717804e-03,2.346940828e-02
8,2,3.000000000e-02,3.679044945e-12,1.027261907e-02,2.819108016e-02
8,2,3.500000000e-02,4.262611210e-12,1.189609174e-02,3.292121536e-02
8,2,4.000000000e-02,4.838541156e-12,1.349564663e-02,3.765950043e-02
8,2,4.500000000e-02,5.407120983e-12,1.507178213e-02,4.240563538e-02
8,2,5.000000000e-02,5.968627621e-12,1.662498446e-02,4.715933305e-02
8,2,5.500000000e-02,6.523329060e-12,1.815572798e-02,5.192031850e-02
8,2,6.000000000e-02,7.071484676e-12,1.966447542e-02,5.668832840e-02
8,2,6.500000000e-02,7.613345542e-12,2.115167819e-02,6.146311056e-02
8,2,7.000000000e-02,8.149154725e-12,2.261777660e-02,6.624442330e-02
8,2,7.500000000e-02,8.679147584e-12,2.406320019e-02,7.103203505e-02
8,2,8.000000000e-02,9.203552044e-12,2.548836797e-02,7.582572383e-02
8,2,8.500000000e-02,9.722588867e-12,2.689368863e-02,8.062527681e-02
8,2,9.000000000e-02,1.023647192e-11,2.827956089e-02,8.543048992e-02
8,2,9.500000000e-02,1.074540840e-11,2.964637369e-02,9.024116737e-02
8,2,1.000000000e-01,1.124959913e-11,3.099450646e-02,9.505712136e-02
8,2,1.050000000e-01,1.174923874e-11,3.232432935e-02,9.987817167e-02
8,2,1.100000000e-01,1.224451589e-11,3.363620349e-02,1.047041453e-01
8,2,1.150000000e-01,1.273561354e-11,3.493048122e-02,1.095348761e-01
8,2,1.200000000e-01,1.322270910e-11,3.620750632e-02,1.143702047e-01
8,2,1.250000000e-01,1.370597467e-11,3.746761423e-02,1.192099779e-01
8,2,1.300000000e-01,1.418557721e-11,3.871113226e-02,1.240540485e-01
8,2,1.350000000e-01,1.466167872e-11,3.993837984e-02,1.289022750e-01
8,2,1.400000000e-01,1.513443645e-11,4.114966870e-02,1.337545216e-01
8,2,1.450000000e-01,1.560400305e-11,4.234530309e-02,1.386106576e-01
8,2,1.500000000e-01,1.607052673e-11,4.352557997e-02,1.434705574e-01
8,2,1.550000000e-01,1.653415142e-11,4.469078921e-02,1.483341001e-01
8,2,1.600000000e-01,1.699501696e-11,4.584121379e-02,1.532011695e-01
8,2,1.650000000e-01,1.745325919e-11,4.697712995e-02,1.580716537e-01
8,2,1.700000000e-01,1.790901013e-11,4.809880744e-02,1.629454451e-01
8,2,1.750000000e-01,1.836239810e-11,4.920650961e-02,1.678224401e-01
8,2,1.800000000e-01,1.881354786e-11,5.030049365e-02,1.727025389e-01
8,2,1.850000000e-01,1.926258073e-11,5.138101071e-02,1.775856454e-01
8,2,1.900000000e-01,1.970961473e-11,5.244830611e-02,1.824716671e-01
8,2,1.950000000e-01,2.015476466e-11,5.350261943e-02,1.873605148e-01
8,2,2.000000000e-01,2.059814225e-11,5.454418473e-02,1.922521027e-01
8,2,2.050000000e-01,2.103985624e-11,5.557323066e-02,1.971463479e-01
8,2,2.100000000e-01,2.148001251e-11,5.658998062e-02,2.020431705e-01
8,2,2.150000000e-01,2.191871415e-11,5.759465290e-02,2.069424937e-01
8,2,2.200000000e-01,2.235606158e-11,5.858746079e-02,2.118442432e-01
8,2,2.250000000e-01,2.279215265e-11,5.956861276e-02,2.167483475e-01
8,2,2.300000000e-01,2.322708270e-11,6.053831256e-02,2.216547373e-01
8,2,2.350000000e-01,2.366094467e-11,6.149675933e-02,2.265633461e-01
8,2,2.400000000e-01,2.409382917e-11,6.244414776e-02,2.314741095e-01
8,2,2.450000000e-01,2.452582456e-11,6.338066818e-02,2.363869654e-01
8,2,2.500000000e-01,2.495701705e-11,6.430650669e-02,2.413018538e-01
8,2,2.550000000e-01,2.538749074e-11,6.522184527e-02,2.462187169e-01
8,2,2.600000000e-01,2.581732771e-11,6.612686186e-02,2.511374986e-01
8,2,2.650000000e-01,2.624660810e-11,6.702173052e-02,2.560581450e-01
8,2,2.700000000e-01,2.667541015e-11,6.790662147e-02,2.609806038e-01
8,2,2.750000000e-01,2.710381027e-11,6.878170125e-02,2.659048245e-01
8,2,2.800000000e-01,2.753188313e-11,6.964713276e-02,2.708307584e-01
8,2,2.850000000e-01,2.795970168e-11,7.050307540e-02,2.757583582e-01
8,2,2.900000000e-01,2.838733724e-11,7.134968513e-02,2.806875784e-01
8,2,2.950000000e-01,2.881485952e-11,7.218711458e-02,2.856183749e-01
8,2,3.000000000e-01,2.924233671e-11,7.301551310e-02,2.905507050e-01
8,2,3.050000000e-01,2.966983551e-11,7.383502690e-02,2.954845273e-01
8,2,3.100000000e-01,3.009742120e-11,7.464579907e-02,3.004198021e-01
8,2,3.150000000e-01,3.052515763e-11,7.544796972e-02,3.053564905e-01
8,2,3.200000000e-01,3.095310736e-11,7.624167599e-02,3.102945551e-01
8,2,3.250000000e-01,3.138133162e-11,7.702705219e-02,3.152339598e-01
8,2,3.300000000e-01,3.180989039e-11,7.780422980e-02,3.201746694e-01
8,2,3.350000000e-01,3.223884245e-11,7.857333763e-02,3.251166499e-01
8,2,3.400000000e-01,3.266824540e-11,7.933450179e-02,3.300598685e-01
8,2,3.450000000e-01,3.309815570e-11,8.008784583e-02,3.350042932e-01
8,2,3.500000000e-01,3.352862872e-11,8.083349079e-02,3.399498932e-01
8,2,3.550000000e-01,3.395971877e-11,8.157155521e-02,3.448966384e-01
8,2,3.600000000e-01,3.439147914e-11,8.230215527e-02,3.498444999e-01
8,2,3.650000000e-01,3.482396211e-11,8.302540479e-02,3.547934495e-01
8,2,3.700000000e-01,3.525721901e-11,8.374141531e-02,3.597434599e-01
8,2,3.750000000e-01,3.569130024e-11,8.445029615e-02,3.646945046e-01
8,2,3.800000000e-01,3.612625531e-11,8.515215445e-02,3.696465581e-01
8,2,3.850000000e-01,3.656213285e-11,8.584709522e-02,3.745995954e-01
8,2,3.900000000e-01,3.699898065e-11,8.653522143e-02,3.795535924e-01
8,2,3.950000000e-01,3.743684570e-11,8.721663400e-02,3.845085256e-01
8,2,4.000000000e-01,3.787577418e-11,8.789143190e-02,3.894643722e-01
8,2,4.050000000e-01,3.831581153e-11,8.855971215e-02,3.944211103e-01
8,2,4.100000000e-01,3.875700243e-11,8.922156991e-02,3.993787183e-01
8,2,4.150000000e-01,3.919939089e-11,8.987709852e-02,4.043371755e-01
8,2,4.200000000e-01,3.964302017e-11,9.052638948e-02,4.092964616e-01
8,2,4.250000000e-01,4.008793292e-11,9.116953260e-02,4.142565571e-01
8,2,4.300000000e-01,4.053417111e-11,9.180661594e-02,4.192174429e-01
8,2,4.350000000e-01,4.098177610e-11,9.243772591e-02,4.241791005e-01
8,2,4.400000000e-01,4.143078864e-11,9.306294728e-02,4.291415118e-01
8,2,4.450000000e-01,4.188124889e-11,9.368236324e-02,4.341046594e-01
8,2,4.500000000e-01,4.233319645e-11,9.429605541e-02,4.390685263e-01
8,2,4.550000000e-01,4.278667039e-11,9.490410390e-02,4.440330960e-01
8,2,4.600000000e-01,4.324170923e-11,9.550658733e-02,4.489983525e-01
8,2,4.650000000e-01,4.369835097e-11,9.610358288e-02,4.539642801e-01
8,2,4.700000000e-01,4.415663314e-11,9.669516629e-02,4.589308636e-01
8,2,4.750000000e-01,4.461659279e-11,9.728141194e-02,4.638980883e-01
8,2,4.800000000e-01,4.507826647e-11,9.786239283e-02,4.688659399e-01
8,2,4.850000000e-01,4.554169033e-11,9.843818065e-02,4.738344044e-01
8,2,4.900000000e-01,4.600690006e-11,9.900884580e-02,4.788034682e-01
8,2,4.950000000e-01,4.647393094e-11,9.957445739e-02,4.837731180e-01
8,2,5.000000000e-01,4.694281784e-11,1.001350833e-01,4.887433411e-01
8,3,0.000000000e+00,0.000000000e+00,0.000000000e+00,0.000000000e+00
8,3,5.000000000e-03,-1.257348149e-03,1.257348148e-03,4.674133570e-03
8,3,1.000000000e-02,-2.495478008e-03,2.495478007e-03,9.358524678e-03
8,3,1.500000000e-02,-3.714797921e-03,3.714797919e-03,1.405278149e-02
8,3,2.000000000e-02,-4.915705963e-03,4.915705959e-03,1.875652968e-02
8,3,2.500000000e-02,-6.098590848e-03,6.098590844e-03,2.346941119e-02
8,3,3.000000000e-02,-7.263831934e-03,7.263831930e-03,2.819108361e-02
8,3,3.500000000e-02,-8.411799405e-03,8.411799399e-03,3.292121932e-02
8,3,4.000000000e-02,-9.542854463e-03,9.542854456e-03,3.765950489e-02
8,3,4.500000000e-02,-1.065734952e-02,1.065734951e-02,4.240564033e-02
8,3,5.000000000e-02,-1.175562840e-02,1.175562839e-02,4.715933848e-02
8,3,5.500000000e-02,-1.283802650e-02,1.283802649e-02,5.192032438e-02
8,3,6.000000000e-02,-1.390487104e-02,1.390487103e-02,5.668833474e-02
8,3,6.500000000e-02,-1.495648120e-02,1.495648119e-02,6.146311733e-02
8,3,7.000000000e-02,-1.599316835e-02,1.599316834e-02,6.624443050e-02
8,3,7.500000000e-02,-1.701523619e-02,1.701523618e-02,7.103204267e-02
8,3,8.000000000e-02,-1.802298102e-02,1.802298101e-02,7.582573186e-02
8,3,8.500000000e-02,-1.901669183e-02,1.901669182e-02,8.062528525e-02
8,3,9.000000000e-02,-1.999665055e-02,1.999665054e-02,8.543049874e-02
8,3,9.500000000e-02,-2.096313220e-02,2.096313219e-02,9.024117657e-02
8,3,1.000000000e-01,-2.191640508e-02,2.191640507e-02,9.505713094e-02
8,3,1.050000000e-01,-2.285673093e-02,2.285673091e-02,9.987818161e-02
8,3,1.100000000e-01,-2.378436510e-02,2.378436509e-02,1.047041556e-01
8,3,1.150000000e-01,-2.469955674e-02,2.469955673e-02,1.095348868e-01
8,3,1.200000000e-01,-2.560254894e-02,2.560254892e-02,1.143702157e-01
8,3,1.250000000e-01,-2.649357887e-02,2.649357885e-02,1.192099892e-01
8,3,1.300000000e-01,-2.737287799e-02,2.737287797e-02,1.240540601e-01
8,3,1.350000000e-01,-2.824067218e-02,2.824067216e-02,1.289022870e-01
8,3,1.400000000e-01,-2.909718185e-02,2.909718183e-02,1.337545339e-01
8,3,1.450000000e-01,-2.994262214e-02,2.994262212e-02,1.386106702e-01
8,3,1.500000000e-01,-3.077720303e-02,3.077720301e-02,1.434705703e-01
8,3,1.550000000e-01,-3.160112950e-02,3.160112947e-02,1.483341133e-01
8,3,1.600000000e-01,-3.241460163e-02,3.241460160e-02,1.532011830e-01
8,3,1.650000000e-01,-3.321781477e-02,3.321781475e-02,1.580716675e-01
8,3,1.700000000e-01,-3.401095964e-02,3.401095962e-02,1.629454592e-01
8,3,1.750000000e-01,-3.479422248e-02,3.479422246e-02,1.678224544e-01
8,3,1.800000000e-01,-3.556778514e-02,3.556778511e-02,1.727025535e-01
8,3,1.850000000e-01,-3.633182520e-02,3.633182518e-02,1.775856603e-01
8,3,1.900000000e-01,-3.708651614e-02,3.708651611e-02,1.824716823e-01
8,3,1.950000000e-01,-3.783202736e-02,3.783202734e-02,1.873605303e-01
8,3,2.000000000e-01,-3.856852438e-02,3.856852435e-02,1.922521184e-01
8,3,2.050000000e-01,-3.929616886e-02,3.929616883e-02,1.971463638e-01
8,3,2.100000000e-01,-4.001511878e-02,4.001511875e-02,2.020431868e-01
8,3,2.150000000e-01,-4.072552849e-02,4.072552846e-02,2.069425102e-01
8,3,2.200000000e-01,-4.142754881e-02,4.142754878e-02,2.118442600e-01
8,3,2.250000000e-01,-4.212132715e-02,4.212132712e-02,2.167483644e-01
8,3,2.300000000e-01,-4.280700757e-02,4.280700754e-02,2.216547545e-01
8,3,2.350000000e-01,-4.348473091e-02,4.348473088e-02,2.265633635e-01
8,3,2.400000000e-01,-4.415463482e-02,4.415463479e-02,2.314741272e-01
8,3,2.450000000e-01,-4.481685388e-02,4.481685385e-02,2.363869833e-01
8,3,2.500000000e-01,-4.547151970e-02,4.547151966e-02,2.413018720e-01
8,3,2.550000000e-01,-4.611876093e-02,4.611876090e-02,2.462187353e-01
8,3,2.600000000e-01,-4.675870342e-02,4.675870339e-02,2.511375173e-01
8,3,2.650000000e-01,-4.739147023e-02,4.739147020e-02,2.560581639e-01
8,3,2.700000000e-01,-4.801718174e-02,4.801718170e-02,2.609806229e-01
8,3,2.750000000e-01,-4.863595570e-02,4.863595566e-02,2.659048438e-01
8,3,2.800000000e-01,-4.924790730e-02,4.924790726e-02,2.708307779e-01
8,3,2.850000000e-01,-4.985314925e-02,4.985314921e-02,2.757583780e-01
8,3,2.900000000e-01,-5.045179183e-02,5.045179180e-02,2.806875984e-01
8,3,2.950000000e-01,-5.104394297e-02,5.104394294e-02,2.856183951e-01
8,3,3.000000000e-01,-5.162970829e-02,5.162970825e-02,2.905507254e-01
8,3,3.050000000e-01,-5.220919114e-02,5.220919111e-02,2.954845480e-01
8,3,3.100000000e-01,-5.278249274e-02,5.278249270e-02,3.004198229e-01
8,3,3.150000000e-01,-5.334971213e-02,5.334971209e-02,3.053565115e-01
8,3,3.200000000e-01,-5.391094630e-02,5.391094626e-02,3.102945764e-01
8,3,3.250000000e-01,-5.446629022e-02,5.446629018e-02,3.152339813e-01
8,3,3.300000000e-01,-5.501583686e-02,5.501583681e-02,3.201746911e-01
8,3,3.350000000e-01,-5.555967728e-02,5.555967724e-02,3.251166718e-01
8,3,3.400000000e-01,-5.609790069e-02,5.609790065e-02,3.300598906e-01
8,3,3.450000000e-01,-5.663059444e-02,5.663059440e-02,3.350043155e-01
8,3,3.500000000e-01,-5.715784410e-02,5.715784406e-02,3.399499156e-01
8,3,3.550000000e-01,-5.767973351e-02,5.767973347e-02,3.448966611e-01
8,3,3.600000000e-01,-5.819634482e-02,5.819634477e-02,3.498445227e-01
8,3,3.650000000e-01,-5.870775850e-02,5.870775846e-02,3.547934725e-01
8,3,3.700000000e-01,-5.921405344e-02,5.921405339e-02,3.597434831e-01
8,3,3.750000000e-01,-5.971530692e-02,5.971530687e-02,3.646945281e-01
8,3,3.800000000e-01,-6.021159471e-02,6.021159466e-02,3.696465818e-01
8,3,3.850000000e-01,-6.070299107e-02,6.070299102e-02,3.745996193e-01
8,3,3.900000000e-01,-6.118956880e-02,6.118956875e-02,3.795536164e-01
8,3,3.950000000e-01,-6.167139926e-02,6.167139921e-02,3.845085498e-01
8,3,4.000000000e-01,-6.214855243e-02,6.214855238e-02,3.894643966e-01
8,3,4.050000000e-01,-6.262109693e-02,6.262109688e-02,3.944211349e-01
8,3,4.100000000e-01,-6.308910004e-02,6.308909999e-02,3.993787431e-01
8,3,4.150000000e-01,-6.355262775e-02,6.355262770e-02,4.043372005e-01
8,3,4.200000000e-01,-6.401174478e-02,6.401174473e-02,4.092964868e-01
8,3,4.250000000e-01,-6.446651461e-02,6.446651456e-02,4.142565825e-01
8,3,4.300000000e-01,-6.491699953e-02,6.491699948e-02,4.192174685e-01
8,3,4.350000000e-01,-6.536326063e-02,6.536326058e-02,4.241791262e-01
8,3,4.400000000e-01,-6.580535786e-02,6.580535781e-02,4.291415377e-01
8,3,4.450000000e-01,-6.624335003e-02,6.624334998e-02,4.341046855e-01
8,3,4.500000000e-01,-6.667729487e-02,6.667729482e-02,4.390685526e-01
8,3,4.550000000e-01,-6.710724902e-02,6.710724896e-02,4.440331225e-01
8,3,4.600000000e-01,-6.753326806e-02,6.753326801e-02,4.489983791e-01
8,3,4.650000000e-01,-6.795540658e-02,6.795540653e-02,4.539643069e-01
8,3,4.700000000e-01,-6.837371814e-02,6.837371808e-02,4.589308906e-01
8,3,4.750000000e-01,-6.878825532e-02,6.878825526e-02,4.638981156e-01
8,3,4.800000000e-01,-6.919906975e-02,6.919906969e-02,4.688659673e-01
8,3,4.850000000e-01,-6.960621211e-02,6.960621205e-02,4.738344320e-01
8,3,4.900000000e-01,-7.000973219e-02,7.000973213e-02,4.788034959e-01
8,3,4.950000000e-01,-7.040967885e-02,7.040967879e-02,4.837731460e-01
8,3,5.000000000e-01,-7.080610013e-02,7.080610007e-02,4.887433692e-01
8,4,0.000000000e+00,0.000000000e+00,0.000000000e+00,0.000000000e+00
8,4,5.000000000e-03,-1.778160448e-03,1.910266809e-13,4.674132944e-03
8,4,1.000000000e-02,-3.529142108e-03,3.791789295e-13,9.358523447e-03
8,4,1.500000000e-02,-5.253522464e-03,5.645618483e-13,1.405277967e-02
8,4,2.000000000e-02,-6.951864482e-03,7.472769868e-13,1.875652729e-02
8,4,2.500000000e-02,-8.624717888e-03,9.274225735e-13,2.346940825e-02
8,4,3.000000000e-02,-1.027261917e-02,1.105093608e-12,2.819108013e-02
8,4,3.500000000e-02,-1.189609186e-02,1.280381975e-12,3.292121532e-02
8,4,4.000000000e-02,-1.349564676e-02,1.453376558e-12,3.765950038e-02
8,4,4.500000000e-02,-1.507178228e-02,1.624163347e-12,4.240563533e-02
8,4,5.000000000e-02,-1.662498462e-02,1.792825543e-12,4.715933299e-02
8,4,5.500000000e-02,-1.815572816e-02,1.959443656e-12,5.192031843e-02
8,4,6.000000000e-02,-1.966447562e-02,2.124095609e-12,5.668832834e-02
8,4,6.500000000e-02,-2.115167839e-02,2.286856825e-12,6.146311048e-02
8,4,7.000000000e-02,-2.261777682e-02,2.447800324e-12,6.624442322e-02
8,4,7.500000000e-02,-2.406320043e-02,2.606996806e-12,7.103203497e-02
8,4,8.000000000e-02,-2.548836822e-02,2.764514739e-12,7.582572374e-02
8,4,8.500000000e-02,-2.689368890e-02,2.920420436e-12,8.062527673e-02
8,4,9.000000000e-02,-2.827956117e-02,3.074778140e-12,8.543048982e-02
8,4,9.500000000e-02,-2.964637399e-02,3.227650092e-12,9.024116727e-02
8,4,1.000000000e-01,-3.099450677e-02,3.379096609e-12,9.505712126e-02
8,4,1.050000000e-01,-3.232432967e-02,3.529176155e-12,9.987817156e-02
8,4,1.100000000e-01,-3.363620383e-02,3.677945403e-12,1.047041452e-01
8,4,1.150000000e-01,-3.493048157e-02,3.825459305e-12,1.095348760e-01
8,4,1.200000000e-01,-3.620750669e-02,3.971771152e-12,1.143702046e-01
8,4,1.250000000e-01,-3.746761460e-02,4.116932636e-12,1.192099778e-01
8,4,1.300000000e-01,-3.871113265e-02,4.260993906e-12,1.240540483e-01
8,4,1.350000000e-01,-3.993838024e-02,4.404003626e-12,1.289022749e-01
8,4,1.400000000e-01,-4.114966912e-02,4.546009027e-12,1.337545215e-01
8,4,1.450000000e-01,-4.234530352e-02,4.687055958e-12,1.386106575e-01
8,4,1.500000000e-01,-4.352558041e-02,4.827188937e-12,1.434705573e-01
8,4,1.550000000e-01,-4.469078966e-02,4.966451201e-12,1.483341000e-01
8,4,1.600000000e-01,-4.584121425e-02,5.104884746e-12,1.532011693e-01
8,4,1.650000000e-01,-4.697713043e-02,5.242530378e-12,1.580716536e-01
8,4,1.700000000e-01,-4.809880793e-02,5.379427751e-12,1.629454450e-01
8,4,1.750000000e-01,-4.920651011e-02,5.515615408e-12,1.678224399e-01
8,4,1.800000000e-01,-5.030049416e-02,5.651130825e-12,1.727025387e-01
8,4,1.850000000e-01,-5.138101124e-02,5.786010442e-12,1.775856452e-01
8,4,1.900000000e-01,-5.244830665e-02,5.920289706e-12,1.824716669e-01
8,4,1.950000000e-01,-5.350261998e-02,6.054003102e-12,1.873605146e-01
8,4,2.000000000e-01,-5.454418529e-02,6.187184188e-12,1.922521025e-01
8,4,2.050000000e-01,-5.557323124e-02,6.319865630e-12,1.971463477e-01
8,4,2.100000000e-01,-5.658998121e-02,6.452079227e-12,2.020431704e-01
8,4,2.150000000e-01,-5.759465350e-02,6.583855947e-12,2.069424936e-01
8,4,2.200000000e-01,-5.858746140e-02,6.715225956e-12,2.118442431e-01
8,4,2.250000000e-01,-5.956861339e-02,6.846218640e-12,2.167483473e-01
8,4,2.300000000e-01,-6.053831319e-02,6.976862640e-12,2.216547371e-01
8,4,2.350000000e-01,-6.149675998e-02,7.107185870e-12,2.265633459e-01
8,4,2.400000000e-01,-6.244414842e-02,7.237215550e-12,2.314741093e-01
8,4,2.450000000e-01,-6.338066885e-02,7.366978220e-12,2.363869652e-01
8,4,2.500000000e-01,-6.430650738e-02,7.496499775e-12,2.413018536e-01
8,4,2.550000000e-01,-6.522184597e-02,7.625805477e-12,2.462187167e-01
8,4,2.600000000e-01,-6.612686257e-02,7.754919983e-12,2.511374984e-01
8,4,2.650000000e-01,-6.702173124e-02,7.883867360e-12,2.560581448e-01
8,4,2.700000000e-01,-6.790662221e-02,8.012671113e-12,2.609806036e-01
8,4,2.750000000e-01,-6.878170199e-02,8.141354196e-12,2.659048243e-01
8,4,2.800000000e-01,-6.964713352e-02,8.269939033e-12,2.708307582e-01
8,4,2.850000000e-01,-7.050307617e-02,8.398447542e-12,2.757583580e-01
8,4,2.900000000e-01,-7.134968591e-02,8.526901140e-12,2.806875782e-01
8,4,2.950000000e-01,-7.218711537e-02,8.655320773e-12,2.856183747e-01
8,4,3.000000000e-01,-7.301551390e-02,8.783726921e-12,2.905507048e-01
8,4,3.050000000e-01,-7.383502771e-02,8.912139621e-12,2.954845271e-01
8,4,3.100000000e-01,-7.464579990e-02,9.040578476e-12,3.004198019e-01
8,4,3.150000000e-01,-7.544797056e-02,9.169062675e-12,3.053564903e-01
8,4,3.200000000e-01,-7.624167685e-02,9.297611003e-12,3.102945549e-01
8,4,3.250000000e-01,-7.702705305e-02,9.426241854e-12,3.152339596e-01
8,4,3.300000000e-01,-7.780423068e-02,9.554973247e-12,3.201746692e-01
8,4,3.350000000e-01,-7.857333851e-02,9.683822837e-12,3.251166497e-01
8,4,3.400000000e-01,-7.933450269e-02,9.812807925e-12,3.300598683e-01
8,4,3.450000000e-01,-8.008784674e-02,9.941945474e-12,3.350042930e-01
8,4,3.500000000e-01,-8.083349171e-02,1.007125211e-11,3.399498929e-01
8,4,3.550000000e-01,-8.157155614e-02,1.020074416e-11,3.448966382e-01
8,4,3.600000000e-01,-8.230215621e-02,1.033043762e-11,3.498444996e-01
8,4,3.650000000e-01,-8.302540574e-02,1.046034819e-11,3.547934492e-01
8,4,3.700000000e-01,-8.374141628e-02,1.059049131e-11,3.597434596e-01
8,4,3.750000000e-01,-8.445029713e-02,1.072088209e-11,3.646945044e-01
8,4,3.800000000e-01,-8.515215544e-02,1.085153543e-11,3.696465579e-01
8,4,3.850000000e-01,-8.584709623e-02,1.098246592e-11,3.745995952e-01
8,4,3.900000000e-01,-8.653522245e-02,1.111368792e-11,3.795535921e-01
8,4,3.950000000e-01,-8.721663503e-02,1.124521554e-11,3.845085253e-01
8,4,4.000000000e-01,-8.789143294e-02,1.137706266e-11,3.894643720e-01
8,4,4.050000000e-01,-8.855971320e-02,1.150924293e-11,3.944211100e-01
8,4,4.100000000e-01,-8.922157098e-02,1.164176977e-11,3.993787181e-01
8,4,4.150000000e-01,-8.987709959e-02,1.177465639e-11,4.043371752e-01
8,4,4.200000000e-01,-9.052639057e-02,1.190791580e-11,4.092964614e-01
8,4,4.250000000e-01,-9.116953370e-02,1.204156080e-11,4.142565569e-01
8,4,4.300000000e-01,-9.180661706e-02,1.217560400e-11,4.192174427e-01
8,4,4.350000000e-01,-9.243772704e-02,1.231005782e-11,4.241791002e-01
8,4,4.400000000e-01,-9.306294842e-02,1.244493451e-11,4.291415115e-01
8,4,4.450000000e-01,-9.368236439e-02,1.258024612e-11,4.341046591e-01
8,4,4.500000000e-01,-9.429605657e-02,1.271600457e-11,4.390685260e-01
8,4,4.550000000e-01,-9.490410507e-02,1.285222157e-11,4.440330958e-01
8,4,4.600000000e-01,-9.550658852e-02,1.298890871e-11,4.489983522e-01
8,4,4.650000000e-01,-9.610358408e-02,1.312607740e-11,4.539642798e-01
8,4,4.700000000e-01,-9.669516750e-02,1.326373892e-11,4.589308633e-01
8,4,4.750000000e-01,-9.728141316e-02,1.340190439e-11,4.638980881e-01
8,4,4.800000000e-01,-9.786239407e-02,1.354058480e-11,4.688659397e-01
8,4,4.850000000e-01,-9.843818190e-02,1.367979102e-11,4.738344041e-01
8,4,4.900000000e-01,-9.900884706e-02,1.381953377e-11,4.788034679e-01
8,4,4.950000000e-01,-9.957445866e-02,1.395982366e-11,4.837731177e-01
8,4,5.000000000e-01,-1.001350846e-01,1.410067117e-11,4.887433408e-01
8,5,0.000000000e+00,0.000000000e+00,0.000000000e+00,0.000000000e+00
8,5,5.000000000e-03,-1.257348145e-03,-1.257348144e-03,4.674133572e-03
8,5,1.000000000e-02,-2.495478000e-03,-2.495477999e-03,9.358524682e-03
8,5,1.500000000e-02,-3.714797909e-03,-3.714797907e-03,1.405278150e-02
8,5,2.000000000e-02,-4.915705946e-03,-4.915705945e-03,1.875652968e-02
8,5,2.500000000e-02,-6.098590828e-03,-6.098590826e-03,2.346941120e-02
8,5,3.000000000e-02,-7.263831910e-03,-7.263831908e-03,2.819108362e-02
8,5,3.500000000e-02,-8.411799377e-03,-8.411799374e-03,3.292121934e-02
8,5,4.000000000e-02,-9.542854431e-03,-9.542854427e-03,3.765950491e-02
8,5,4.500000000e-02,-1.065734948e-02,-1.065734948e-02,4.240564035e-02
8,5,5.000000000e-02,-1.175562836e-02,-1.175562835e-02,4.715933849e-02
8,5,5.500000000e-02,-1.283802646e-02,-1.283802645e-02,5.192032440e-02
8,5,6.000000000e-02,-1.390487099e-02,-1.390487099e-02,5.668833476e-02
8,5,6.500000000e-02,-1.495648115e-02,-1.495648115e-02,6.146311736e-02
8,5,7.000000000e-02,-1.599316829e-02,-1.599316829e-02,6.624443053e-02
8,5,7.500000000e-02,-1.701523614e-02,-1.701523613e-02,7.103204270e-02
8,5,8.000000000e-02,-1.802298096e-02,-1.802298095e-02,7.582573189e-02
8,5,8.500000000e-02,-1.901669176e-02,-1.901669176e-02,8.062528527e-02
8,5,9.000000000e-02,-1.999665048e-02,-1.999665047e-02,8.543049877e-02
8,5,9.500000000e-02,-2.096313213e-02,-2.096313212e-02,9.024117660e-02
8,5,1.000000000e-01,-2.191640501e-02,-2.191640500e-02,9.505713097e-02
8,5,1.050000000e-01,-2.285673085e-02,-2.285673084e-02,9.987818164e-02
8,5,1.100000000e-01,-2.378436502e-02,-2.378436501e-02,1.047041556e-01
8,5,1.150000000e-01,-2.469955666e-02,-2.469955665e-02,1.095348868e-01
8,5,1.200000000e-01,-2.560254885e-02,-2.560254884e-02,1.143702158e-01
8,5,1.250000000e-01,-2.649357878e-02,-2.649357877e-02,1.192099893e-01
8,5,1.300000000e-01,-2.737287790e-02,-2.737287789e-02,1.240540601e-01
8,5,1.350000000e-01,-2.824067208e-02,-2.824067207e-02,1.289022870e-01
8,5,1.400000000e-01,-2.909718175e-02,-2.909718174e-02,1.337545339e-01
8,5,1.450000000e-01,-2.994262203e-02,-2.994262202e-02,1.386106703e-01
8,5,1.500000000e-01,-3.077720292e-02,-3.077720291e-02,1.434705704e-01
8,5,1.550000000e-01,-3.160112939e-02,-3.160112937e-02,1.483341134e-01
8,5,1.600000000e-01,-3.241460151e-02,-3.241460150e-02,1.532011830e-01
8,5,1.650000000e-01,-3.321781465e-02,-3.321781464e-02,1.580716675e-01
8,5,1.700000000e-01,-3.401095952e-02,-3.401095951e-02,1.629454592e-01
8,5,1.750000000e-01,-3.479422236e-02,-3.479422235e-02,1.678224545e-01
8,5,1.800000000e-01,-3.556778501e-02,-3.556778500e-02,1.727025536e-01
8,5,1.850000000e-01,-3.633182507e-02,-3.633182506e-02,1.775856603e-01
8,5,1.900000000e-01,-3.708651601e-02,-3.708651599e-02,1.824716823e-01
8,5,1.950000000e-01,-3.783202723e-02,-3.783202721e-02,1.873605303e-01
8,5,2.000000000e-01,-3.856852424e-02,-3.856852422e-02,1.922521185e-01
8,5,2.050000000e-01,-3.929616872e-02,-3.929616871e-02,1.971463639e-01
8,5,2.100000000e-01,-4.001511864e-02,-4.001511862e-02,2.020431868e-01
8,5,2.150000000e-01,-4.072552834e-02,-4.072552833e-02,2.069425103e-01
8,5,2.200000000e-01,-4.142754866e-02,-4.142754864e-02,2.118442600e-01
8,5,2.250000000e-01,-4.212132700e-02,-4.212132698e-02,2.167483645e-01
8,5,2.300000000e-01,-4.280700742e-02,-4.280700740e-02,2.216547546e-01
8,5,2.350000000e-01,-4.348473075e-02,-4.348473074e-02,2.265633636e-01
8,5,2.400000000e-01,-4.415463466e-02,-4.415463464e-02,2.314741272e-01
8,5,2.450000000e-01,-4.481685372e-02,-4.481685370e-02,2.363869834e-01
8,5,2.500000000e-01,-4.547151953e-02,-4.547151951e-02,2.413018721e-01
8,5,2.550000000e-01,-4.611876076e-02,-4.611876074e-02,2.462187354e-01
8,5,2.600000000e-01,-4.675870325e-02,-4.675870323e-02,2.511375173e-01
8,5,2.650000000e-01,-4.739147006e-02,-4.739147004e-02,2.560581639e-01
8,5,2.700000000e-01,-4.801718156e-02,-4.801718154e-02,2.609806229e-01
8,5,2.750000000e-01,-4.863595552e-02,-4.863595550e-02,2.659048439e-01
8,5,2.800000000e-01,-4.924790711e-02,-4.924790709e-02,2.708307780e-01
8,5,2.850000000e-01,-4.985314906e-02,-4.985314904e-02,2.757583780e-01
8,5,2.900000000e-01,-5.045179165e-02,-5.045179163e-02,2.806875985e-01
8,5,2.950000000e-01,-5.104394278e-02,-5.104394276e-02,2.856183952e-01
8,5,3.000000000e-01,-5.162970809e-02,-5.162970807e-02,2.905507255e-01
8,5,3.050000000e-01,-5.220919095e-02,-5.220919093e-02,2.954845480e-01
8,5,3.100000000e-01,-5.278249254e-02,-5.278249252e-02,3.004198230e-01
8,5,3.150000000e-01,-5.334971193e-02,-5.334971191e-02,3.053565116e-01
8,5,3.200000000e-01,-5.391094610e-02,-5.391094608e-02,3.102945764e-01
8,5,3.250000000e-01,-5.446629001e-02,-5.446628999e-02,3.152339813e-01
8,5,3.300000000e-01,-5.501583664e-02,-5.501583662e-02,3.201746911e-01
8,5,3.350000000e-01,-5.555967707e-02,-5.555967705e-02,3.251166719e-01
8,5,3.400000000e-01,-5.609790048e-02,-5.609790045e-02,3.300598907e-01
8,5,3.450000000e-01,-5.663059422e-02,-5.663059420e-02,3.350043156e-01
8,5,3.500000000e-01,-5.715784388e-02,-5.715784385e-02,3.399499157e-01
8,5,3.550000000e-01,-5.767973329e-02,-5.767973326e-02,3.448966611e-01
8,5,3.600000000e-01,-5.819634459e-02,-5.819634457e-02,3.498445228e-01
8,5,3.650000000e-01,-5.870775827e-02,-5.870775825e-02,3.547934726e-01
8,5,3.700000000e-01,-5.921405320e-02,-5.921405318e-02,3.597434832e-01
8,5,3.750000000e-01,-5.971530668e-02,-5.971530666e-02,3.646945282e-01
8,5,3.800000000e-01,-6.021159447e-02,-6.021159445e-02,3.696465819e-01
8,5,3.850000000e-01,-6.070299083e-02,-6.070299080e-02,3.745996194e-01
8,5,3.900000000e-01,-6.118956855e-02,-6.118956853e-02,3.795536165e-01
8,5,3.950000000e-01,-6.167139901e-02,-6.167139898e-02,3.845085499e-01
8,5,4.000000000e-01,-6.214855218e-02,-6.214855215e-02,3.894643967e-01
8,5,4.050000000e-01,-6.262109668e-02,-6.262109665e-02,3.944211350e-01
8,5,4.100000000e-01,-6.308909978e-02,-6.308909975e-02,3.993787432e-01
8,5,4.150000000e-01,-6.355262749e-02,-6.355262746e-02,4.043372006e-01
8,5,4.200000000e-01,-6.401174451e-02,-6.401174449e-02,4.092964869e-01
8,5,4.250000000e-01,-6.446651435e-02,-6.446651432e-02,4.142565826e-01
8,5,4.300000000e-01,-6.491699926e-02,-6.491699924e-02,4.192174686e-01
8,5,4.350000000e-01,-6.536326036e-02,-6.536326033e-02,4.241791263e-01
8,5,4.400000000e-01,-6.580535759e-02,-6.580535756e-02,4.291415378e-01
8,5,4.450000000e-01,-6.624334976e-02,-6.624334973e-02,4.341046856e-01
8,5,4.500000000e-01,-6.667729459e-02,-6.667729456e-02,4.390685527e-01
8,5,4.550000000e-01,-6.710724873e-02,-6.710724870e-02,4.440331226e-01
8,5,4.600000000e-01,-6.753326778e-02,-6.753326775e-02,4.489983792e-01
8,5,4.650000000e-01,-6.795540629e-02,-6.795540626e-02,4.539643070e-01
8,5,4.700000000e-01,-6.837371785e-02,-6.837371782e-02,4.589308907e-01
8,5,4.750000000e-01,-6.878825502e-02,-6.878825499e-02,4.638981157e-01
8,5,4.800000000e-01,-6.919906945e-02,-6.919906942e-02,4.688659674e-01
8,5,4.850000000e-01,-6.960621181e-02,-6.960621178e-02,4.738344321e-01
8,5,4.900000000e-01,-7.000973188e-02,-7.000973185e-02,4.788034960e-01
8,5,4.950000000e-01,-7.040967855e-02,-7.040967851e-02,4.837731461e-01
8,5,5.000000000e-01,-7.080609982e-02,-7.080609979e-02,4.887433693e-01
8,6,0.000000000e+00,0.000000000e+00,0.000000000e+00,0.000000000e+00
8,6,5.000000000e-03,6.359759771e-13,-1.778160439e-03,4.674132948e-03
8,6,1.000000000e-02,1.262383265e-12,-3.529142089e-03,9.358523454e-03
8,6,1.500000000e-02,1.879571516e-12,-5.253522437e-03,1.405277968e-02
8,6,2.000000000e-02,2.487878599e-12,-6.951864445e-03,1.875652730e-02
8,6,2.500000000e-02,3.087631367e-12,-8.624717842e-03,2.346940827e-02
8,6,3.000000000e-02,3.679145954e-12,-1.027261912e-02,2.819108015e-02
8,6,3.500000000e-02,4.262728154e-12,-1.189609180e-02,3.292121534e-02
8,6,4.000000000e-02,4.838673787e-12,-1.349564669e-02,3.765950041e-02
8,6,4.500000000e-02,5.407269057e-12,-1.507178220e-02,4.240563536e-02
8,6,5.000000000e-02,5.968790897e-12,-1.662498454e-02,4.715933302e-02
8,6,5.500000000e-02,6.523507300e-12,-1.815572806e-02,5.192031847e-02
8,6,6.000000000e-02,7.071677647e-12,-1.966447551e-02,5.668832837e-02
8,6,6.500000000e-02,7.613553011e-12,-2.115167828e-02,6.146311052e-02
8,6,7.000000000e-02,8.149376466e-12,-2.261777670e-02,6.624442326e-02
8,6,7.500000000e-02,8.679383372e-12,-2.406320030e-02,7.103203501e-02
8,6,8.000000000e-02,9.203801656e-12,-2.548836808e-02,7.582572379e-02
8,6,8.500000000e-02,9.722852086e-12,-2.689368875e-02,8.062527677e-02
8,6,9.000000000e-02,1.023674853e-11,-2.827956102e-02,8.543048987e-02
8,6,9.500000000e-02,1.074569819e-11,-2.964637383e-02,9.024116733e-02
8,6,1.000000000e-01,1.124990189e-11,-3.099450660e-02,9.505712132e-02
8,6,1.050000000e-01,1.174955425e-11,-3.232432950e-02,9.987817162e-02
8,6,1.100000000e-01,1.224484396e-11,-3.363620365e-02,1.047041452e-01
8,6,1.150000000e-01,1.273595397e-11,-3.493048139e-02,1.095348761e-01
8,6,1.200000000e-01,1.322306169e-11,-3.620750649e-02,1.143702047e-01
8,6,1.250000000e-01,1.370633922e-11,-3.746761440e-02,1.192099778e-01
8,6,1.300000000e-01,1.418595352e-11,-3.871113244e-02,1.240540484e-01
8,6,1.350000000e-01,1.466206660e-11,-3.993838003e-02,1.289022749e-01
8,6,1.400000000e-01,1.513483572e-11,-4.114966890e-02,1.337545216e-01
8,6,1.450000000e-01,1.560441352e-11,-4.234530329e-02,1.386106576e-01
8,6,1.500000000e-01,1.607094821e-11,-4.352558018e-02,1.434705573e-01
8,6,1.550000000e-01,1.653458374e-11,-4.469078942e-02,1.483341000e-01
8,6,1.600000000e-01,1.699545993e-11,-4.584121400e-02,1.532011694e-01
8,6,1.650000000e-01,1.745371264e-11,-4.697713017e-02,1.580716536e-01
8,6,1.700000000e-01,1.790947387e-11,-4.809880767e-02,1.629454450e-01
8,6,1.750000000e-01,1.836287197e-11,-4.920650984e-02,1.678224400e-01
8,6,1.800000000e-01,1.881403168e-11,-5.030049389e-02,1.727025388e-01
8,6,1.850000000e-01,1.926307435e-11,-5.138101096e-02,1.775856453e-01
8,6,1.900000000e-01,1.971011796e-11,-5.244830636e-02,1.824716670e-01
8,6,1.950000000e-01,2.015527735e-11,-5.350261968e-02,1.873605147e-01
8,6,2.000000000e-01,2.059866423e-11,-5.454418499e-02,1.922521026e-01
8,6,2.050000000e-01,2.104038735e-11,-5.557323093e-02,1.971463478e-01
8,6,2.100000000e-01,2.148055258e-11,-5.658998089e-02,2.020431705e-01
8,6,2.150000000e-01,2.191926303e-11,-5.759465317e-02,2.069424937e-01
8,6,2.200000000e-01,2.235661912e-11,-5.858746107e-02,2.118442432e-01
8,6,2.250000000e-01,2.279271869e-11,-5.956861305e-02,2.167483474e-01
8,6,2.300000000e-01,2.322765708e-11,-6.053831285e-02,2.216547372e-01
8,6,2.350000000e-01,2.366152724e-11,-6.149675963e-02,2.265633460e-01
8,6,2.400000000e-01,2.409441978e-11,-6.244414806e-02,2.314741094e-01
8,6,2.450000000e-01,2.452642307e-11,-6.338066849e-02,2.363869653e-01
8,6,2.500000000e-01,2.495762331e-11,-6.430650701e-02,2.413018537e-01
8,6,2.550000000e-01,2.538810460e-11,-6.522184559e-02,2.462187168e-01
8,6,2.600000000e-01,2.581794903e-11,-6.612686219e-02,2.511374985e-01
8,6,2.650000000e-01,2.624723673e-11,-6.702173085e-02,2.560581449e-01
8,6,2.700000000e-01,2.667604595e-11,-6.790662181e-02,2.609806037e-01
8,6,2.750000000e-01,2.710445310e-11,-6.878170159e-02,2.659048244e-01
8,6,2.800000000e-01,2.753253285e-11,-6.964713311e-02,2.708307583e-01
8,6,2.850000000e-01,2.796035815e-11,-7.050307576e-02,2.757583581e-01
8,6,2.900000000e-01,2.838800032e-11,-7.134968549e-02,2.806875783e-01
8,6,2.950000000e-01,2.881552907e-11,-7.218711494e-02,2.856183748e-01
8,6,3.000000000e-01,2.924301260e-11,-7.301551347e-02,2.905507049e-01
8,6,3.050000000e-01,2.967051761e-11,-7.383502727e-02,2.954845273e-01
8,6,3.100000000e-01,3.009810936e-11,-7.464579946e-02,3.004198020e-01
8,6,3.150000000e-01,3.052585172e-11,-7.544797011e-02,3.053564904e-01
8,6,3.200000000e-01,3.095380725e-11,-7.624167639e-02,3.102945550e-01
8,6,3.250000000e-01,3.138203717e-11,-7.702705259e-02,3.152339597e-01
8,6,3.300000000e-01,3.181060148e-11,-7.780423021e-02,3.201746693e-01
8,6,3.350000000e-01,3.223955894e-11,-7.857333804e-02,3.251166498e-01
8,6,3.400000000e-01,3.266896716e-11,-7.933450220e-02,3.300598684e-01
8,6,3.450000000e-01,3.309888259e-11,-8.008784625e-02,3.350042931e-01
8,6,3.500000000e-01,3.352936062e-11,-8.083349121e-02,3.399498931e-01
8,6,3.550000000e-01,3.396045555e-11,-8.157155564e-02,3.448966383e-01
8,6,3.600000000e-01,3.439222066e-11,-8.230215570e-02,3.498444998e-01
8,6,3.650000000e-01,3.482470824e-11,-8.302540523e-02,3.547934493e-01
8,6,3.700000000e-01,3.525796962e-11,-8.374141576e-02,3.597434598e-01
8,6,3.750000000e-01,3.569205520e-11,-8.445029660e-02,3.646945045e-01
8,6,3.800000000e-01,3.612701448e-11,-8.515215491e-02,3.696465580e-01
8,6,3.850000000e-01,3.656289610e-11,-8.584709569e-02,3.745995953e-01
8,6,3.900000000e-01,3.699974786e-11,-8.653522190e-02,3.795535923e-01
8,6,3.950000000e-01,3.743761672e-11,-8.721663448e-02,3.845085254e-01
8,6,4.000000000e-01,3.787654888e-11,-8.789143238e-02,3.894643721e-01
8,6,4.050000000e-01,3.831658977e-11,-8.855971263e-02,3.944211102e-01
8,6,4.100000000e-01,3.875778409e-11,-8.922157040e-02,3.993787182e-01
8,6,4.150000000e-01,3.920017582e-11,-8.987709901e-02,4.043371754e-01
8,6,4.200000000e-01,3.964380824e-11,-9.052638999e-02,4.092964615e-01
8,6,4.250000000e-01,4.008872399e-11,-9.116953311e-02,4.142565570e-01
8,6,4.300000000e-01,4.053496504e-11,-9.180661646e-02,4.192174428e-01
8,6,4.350000000e-01,4.098257275e-11,-9.243772643e-02,4.241791003e-01
8,6,4.400000000e-01,4.143158786e-11,-9.306294781e-02,4.291415117e-01
8,6,4.450000000e-01,4.188205055e-11,-9.368236377e-02,4.341046593e-01
8,6,4.500000000e-01,4.233400040e-11,-9.429605595e-02,4.390685262e-01
8,6,4.550000000e-01,4.278747649e-11,-9.490410444e-02,4.440330959e-01
8,6,4.600000000e-01,4.324251732e-11,-9.550658788e-02,4.489983523e-01
8,6,4.650000000e-01,4.369916091e-11,-9.610358343e-02,4.539642799e-01
8,6,4.700000000e-01,4.415744478e-11,-9.669516685e-02,4.589308635e-01
8,6,4.750000000e-01,4.461740597e-11,-9.728141250e-02,4.638980882e-01
8,6,4.800000000e-01,4.507908106e-11,-9.786239340e-02,4.688659398e-01
8,6,4.850000000e-01,4.554250617e-11,-9.843818123e-02,4.738344043e-01
8,6,4.900000000e-01,4.600771699e-11,-9.900884638e-02,4.788034680e-01
8,6,4.950000000e-01,4.647474882e-11,-9.957445798e-02,4.837731179e-01
8,6,5.000000000e-01,4.694363651e-11,-1.001350839e-01,4.887433409e-01
8,7,0.000000000e+00,0.000000000e+00,0.000000000e+00,0.000000000e+00
8,7,5.000000000e-03,1.257348157e-03,-1.257348158e-03,4.674133565e-03
8,7,1.000000000e-02,2.495478025e-03,-2.495478027e-03,9.358524668e-03
8,7,1.500000000e-02,3.714797946e-03,-3.714797949e-03,1.405278148e-02
8,7,2.000000000e-02,4.915705996e-03,-4.915705999e-03,1.875652966e-02
8,7,2.500000000e-02,6.098590890e-03,-6.098590894e-03,2.346941117e-02
8,7,3.000000000e-02,7.263831984e-03,-7.263831988e-03,2.819108358e-02
8,7,3.500000000e-02,8.411799462e-03,-8.411799467e-03,3.292121929e-02
8,7,4.000000000e-02,9.542854527e-03,-9.542854534e-03,3.765950486e-02
8,7,4.500000000e-02,1.065734959e-02,-1.065734960e-02,4.240564029e-02
8,7,5.000000000e-02,1.175562848e-02,-1.175562848e-02,4.715933843e-02
8,7,5.500000000e-02,1.283802659e-02,-1.283802660e-02,5.192032434e-02
8,7,6.000000000e-02,1.390487114e-02,-1.390487115e-02,5.668833469e-02
8,7,6.500000000e-02,1.495648131e-02,-1.495648132e-02,6.146311728e-02
8,7,7.000000000e-02,1.599316846e-02,-1.599316847e-02,6.624443045e-02
8,7,7.500000000e-02,1.701523631e-02,-1.701523632e-02,7.103204261e-02
8,7,8.000000000e-02,1.802298114e-02,-1.802298115e-02,7.582573180e-02
8,7,8.500000000e-02,1.901669196e-02,-1.901669197e-02,8.062528518e-02
8,7,9.000000000e-02,1.999665069e-02,-1.999665070e-02,8.543049866e-02
8,7,9.500000000e-02,2.096313235e-02,-2.096313236e-02,9.024117650e-02
8,7,1.000000000e-01,2.191640523e-02,-2.191640525e-02,9.505713086e-02
8,7,1.050000000e-01,2.285673109e-02,-2.285673110e-02,9.987818153e-02
8,7,1.100000000e-01,2.378436527e-02,-2.378436528e-02,1.047041555e-01
8,7,1.150000000e-01,2.469955692e-02,-2.469955693e-02,1.095348867e-01
8,7,1.200000000e-01,2.560254911e-02,-2.560254913e-02,1.143702156e-01
8,7,1.250000000e-01,2.649357905e-02,-2.649357907e-02,1.192099891e-01
8,7,1.300000000e-01,2.737287818e-02,-2.737287820e-02,1.240540600e-01
8,7,1.350000000e-01,2.824067237e-02,-2.824067239e-02,1.289022869e-01
8,7,1.400000000e-01,2.909718205e-02,-2.909718207e-02,1.337545338e-01
8,7,1.450000000e-01,2.994262235e-02,-2.994262237e-02,1.386106701e-01
8,7,1.500000000e-01,3.077720324e-02,-3.077720327e-02,1.434705702e-01
8,7,1.550000000e-01,3.160112972e-02,-3.160112974e-02,1.483341132e-01
8,7,1.600000000e-01,3.241460186e-02,-3.241460188e-02,1.532011829e-01
8,7,1.650000000e-01,3.321781500e-02,-3.321781503e-02,1.580716674e-01
8,7,1.700000000e-01,3.401095988e-02,-3.401095991e-02,1.629454591e-01
8,7,1.750000000e-01,3.479422273e-02,-3.479422275e-02,1.678224543e-01
8,7,1.800000000e-01,3.556778539e-02,-3.556778541e-02,1.727025534e-01
8,7,1.850000000e-01,3.633182546e-02,-3.633182549e-02,1.775856602e-01
8,7,1.900000000e-01,3.708651640e-02,-3.708651643e-02,1.824716821e-01
8,7,1.950000000e-01,3.783202763e-02,-3.783202766e-02,1.873605301e-01
8,7,2.000000000e-01,3.856852465e-02,-3.856852468e-02,1.922521183e-01
8,7,2.050000000e-01,3.929616914e-02,-3.929616917e-02,1.971463637e-01
8,7,2.100000000e-01,4.001511907e-02,-4.001511910e-02,2.020431866e-01
8,7,2.150000000e-01,4.072552878e-02,-4.072552881e-02,2.069425101e-01
8,7,2.200000000e-01,4.142754911e-02,-4.142754914e-02,2.118442599e-01
8,7,2.250000000e-01,4.212132745e-02,-4.212132748e-02,2.167483643e-01
8,7,2.300000000e-01,4.280700789e-02,-4.280700792e-02,2.216547544e-01
8,7,2.350000000e-01,4.348473123e-02,-4.348473126e-02,2.265633634e-01
8,7,2.400000000e-01,4.415463514e-02,-4.415463517e-02,2.314741270e-01
8,7,2.450000000e-01,4.481685421e-02,-4.481685424e-02,2.363869832e-01
8,7,2.500000000e-01,4.547152003e-02,-4.547152006e-02,2.413018719e-01
8,7,2.550000000e-01,4.611876127e-02,-4.611876130e-02,2.462187351e-01
8,7,2.600000000e-01,4.675870377e-02,-4.675870380e-02,2.511375171e-01
8,7,2.650000000e-01,4.739147058e-02,-4.739147062e-02,2.560581637e-01
8,7,2.700000000e-01,4.801718210e-02,-4.801718213e-02,2.609806227e-01
8,7,2.750000000e-01,4.863595606e-02,-4.863595610e-02,2.659048437e-01
8,7,2.800000000e-01,4.924790767e-02,-4.924790770e-02,2.708307778e-01
8,7,2.850000000e-01,4.985314963e-02,-4.985314966e-02,2.757583778e-01
8,7,2.900000000e-01,5.045179222e-02,-5.045179225e-02,2.806875983e-01
8,7,2.950000000e-01,5.104394336e-02,-5.104394340e-02,2.856183950e-01
8,7,3.000000000e-01,5.162970868e-02,-5.162970872e-02,2.905507252e-01
8,7,3.050000000e-01,5.220919154e-02,-5.220919158e-02,2.954845478e-01
8,7,3.100000000e-01,5.278249314e-02,-5.278249318e-02,3.004198227e-01
8,7,3.150000000e-01,5.334971254e-02,-5.334971258e-02,3.053565113e-01
8,7,3.200000000e-01,5.391094672e-02,-5.391094676e-02,3.102945762e-01
8,7,3.250000000e-01,5.446629064e-02,-5.446629068e-02,3.152339811e-01
8,7,3.300000000e-01,5.501583728e-02,-5.501583733e-02,3.201746909e-01
8,7,3.350000000e-01,5.555967772e-02,-5.555967776e-02,3.251166716e-01
8,7,3.400000000e-01,5.609790113e-02,-5.609790118e-02,3.300598904e-01
8,7,3.450000000e-01,5.663059489e-02,-5.663059493e-02,3.350043153e-01
8,7,3.500000000e-01,5.715784455e-02,-5.715784460e-02,3.399499155e-01
8,7,3.550000000e-01,5.767973397e-02,-5.767973402e-02,3.448966609e-01
8,7,3.600000000e-01,5.819634528e-02,-5.819634533e-02,3.498445226e-01
8,7,3.650000000e-01,5.870775897e-02,-5.870775902e-02,3.547934723e-01
8,7,3.700000000e-01,5.921405391e-02,-5.921405396e-02,3.597434830e-01
8,7,3.750000000e-01,5.971530740e-02,-5.971530745e-02,3.646945279e-01
8,7,3.800000000e-01,6.021159520e-02,-6.021159525e-02,3.696465816e-01
8,7,3.850000000e-01,6.070299156e-02,-6.070299161e-02,3.745996191e-01
8,7,3.900000000e-01,6.118956930e-02,-6.118956934e-02,3.795536163e-01
8,7,3.950000000e-01,6.167139976e-02,-6.167139981e-02,3.845085496e-01
8,7,4.000000000e-01,6.214855294e-02,-6.214855299e-02,3.894643965e-01
8,7,4.050000000e-01,6.262109745e-02,-6.262109750e-02,3.944211347e-01
8,7,4.100000000e-01,6.308910056e-02,-6.308910061e-02,3.993787429e-01
8,7,4.150000000e-01,6.355262828e-02,-6.355262833e-02,4.043372003e-01
8,7,4.200000000e-01,6.401174531e-02,-6.401174536e-02,4.092964866e-01
8,7,4.250000000e-01,6.446651515e-02,-6.446651521e-02,4.142565823e-01
8,7,4.300000000e-01,6.491700008e-02,-6.491700013e-02,4.192174683e-01
8,7,4.350000000e-01,6.536326119e-02,-6.536326124e-02,4.241791260e-01
8,7,4.400000000e-01,6.580535842e-02,-6.580535847e-02,4.291415375e-01
8,7,4.450000000e-01,6.624335060e-02,-6.624335065e-02,4.341046853e-01
8,7,4.500000000e-01,6.667729544e-02,-6.667729550e-02,4.390685524e-01
8,7,4.550000000e-01,6.710724959e-02,-6.710724965e-02,4.440331223e-01
8,7,4.600000000e-01,6.753326865e-02,-6.753326870e-02,4.489983789e-01
8,7,4.650000000e-01,6.795540717e-02,-6.795540723e-02,4.539643067e-01
8,7,4.700000000e-01,6.837371874e-02,-6.837371879e-02,4.589308904e-01
8,7,4.750000000e-01,6.878825592e-02,-6.878825598e-02,4.638981154e-01
8,7,4.800000000e-01,6.919907035e-02,-6.919907041e-02,4.688659671e-01
8,7,4.850000000e-01,6.960621272e-02,-6.960621278e-02,4.738344318e-01
8,7,4.900000000e-01,7.000973281e-02,-7.000973287e-02,4.788034957e-01
8,7,4.950000000e-01,7.040967948e-02,-7.040967954e-02,4.837731458e-01
8,7,5.000000000e-01,7.080610077e-02,-7.080610083e-02,4.887433690e-01
