w,thread,s,x_rel,y_rel,z_rel
0.000000000e+00,0,0.000000000e+00,0.000000000e+00,0.000000000e+00,0.000000000e+00
0.000000000e+00,0,5.000000000e-03,1.576150014e-03,1.028612222e-17,4.747040767e-03
0.000000000e+00,0,1.000000000e-02,3.127753730e-03,1.985282382e-17,9.502177832e-03
0.000000000e+00,0,1.500000000e-02,4.655354478e-03,2.878372783e-17,1.426509674e-02
0.000000000e+00,0,2.000000000e-02,6.159481016e-03,3.715026911e-17,1.903549736e-02
0.000000000e+00,0,2.500000000e-02,7.640648355e-03,4.501353979e-17,2.381309304e-02
0.000000000e+00,0,3.000000000e-02,9.099357993e-03,5.242584252e-17,2.859760995e-02
0.000000000e+00,0,3.500000000e-02,1.053609827e-02,5.943201411e-17,3.338878644e-02
0.000000000e+00,0,4.000000000e-02,1.195134470e-02,6.607055102e-17,3.818637244e-02
0.000000000e+00,0,4.500000000e-02,1.334556035e-02,7.237456655e-17,4.299012888e-02
0.000000000e+00,0,5.000000000e-02,1.471919614e-02,7.837260484e-17,4.779982715e-02
0.000000000e+00,0,5.500000000e-02,1.607269117e-02,8.408933291e-17,5.261524859e-02
0.000000000e+00,0,6.000000000e-02,1.740647307e-02,8.954612890e-17,5.743618400e-02
0.000000000e+00,0,6.500000000e-02,1.872095833e-02,9.476158183e-17,6.226243316e-02
0.000000000e+00,0,7.000000000e-02,2.001655255e-02,9.975191595e-17,6.709380443e-02
0.000000000e+00,0,7.500000000e-02,2.129365082e-02,1.045313508e-16,7.193011430e-02
0.000000000e+00,0,8.000000000e-02,2.255263794e-02,1.091124067e-16,7.677118703e-02
0.000000000e+00,0,8.500000000e-02,2.379388879e-02,1.135061632e-16,8.161685425e-02
0.000000000e+00,0,9.000000000e-02,2.501776854e-02,1.177224781e-16,8.646695463e-02
0.000000000e+00,0,9.500000000e-02,2.622463298e-02,1.217701726e-16,9.132133355e-02
0.000000000e+00,0,1.000000000e-01,2.741482876e-02,1.256571877e-16,9.617984274e-02
0.000000000e+00,0,1.050000000e-01,2.858869365e-02,1.293907159e-16,1.010423401e-01
0.000000000e+00,0,1.100000000e-01,2.974655683e-02,1.329773122e-16,1.059086891e-01
0.000000000e+00,0,1.150000000e-01,3.088873908e-02,1.364229881e-16,1.107787591e-01
0.000000000e+00,0,1.200000000e-01,3.201555307e-02,1.397332896e-16,1.156524244e-01
0.000000000e+00,0,1.250000000e-01,3.312730356e-02,1.429133632e-16,1.205295646e-01
0.000000000e+00,0,1.300000000e-01,3.422428766e-02,1.459680113e-16,1.254100639e-01
0.000000000e+00,0,1.350000000e-01,3.530679503e-02,1.489017385e-16,1.302938111e-01
0.000000000e+00,0,1.400000000e-01,3.637510807e-02,1.517187896e-16,1.351806996e-01
0.000000000e+00,0,1.450000000e-01,3.742950220e-02,1.544231827e-16,1.400706267e-01
0.000000000e+00,0,1.500000000e-01,3.847024597e-02,1.570187356e-16,1.449634938e-01
0.000000000e+00,0,1.550000000e-01,3.949760135e-02,1.595090880e-16,1.498592061e-01
0.000000000e+00,0,1.600000000e-01,4.051182383e-02,1.618977207e-16,1.547576726e-01
0.000000000e+00,0,1.650000000e-01,4.151316267e-02,1.641879711e-16,1.596588055e-01
0.000000000e+00,0,1.700000000e-01,4.250186104e-02,1.663830455e-16,1.645625207e-01
0.000000000e+00,0,1.750000000e-01,4.347815624e-02,1.684860310e-16,1.694687368e-01
0.000000000e+00,0,1.800000000e-01,4.444227979e-02,1.704999035e-16,1.743773759e-01
0.000000000e+00,0,1.850000000e-01,4.539445767e-02,1.724275361e-16,1.792883628e-01
0.000000000e+00,0,1.900000000e-01,4.633491044e-02,1.742717052e-16,1.842016251e-01
0.000000000e+00,0,1.950000000e-01,4.726385339e-02,1.760350960e-16,1.891170931e-01
0.000000000e+00,0,2.000000000e-01,4.818149673e-02,1.777203069e-16,1.940346998e-01
0.000000000e+00,0,2.050000000e-01,4.908804565e-02,1.793298541e-16,1.989543803e-01
0.000000000e+00,0,2.100000000e-01,4.998370055e-02,1.808661747e-16,2.038760724e-01
0.000000000e+00,0,2.150000000e-01,5.086865713e-02,1.823316297e-16,2.087997160e-01
0.000000000e+00,0,2.200000000e-01,5.174310652e-02,1.837285071e-16,2.137252531e-01
0.000000000e+00,0,2.250000000e-01,5.260723541e-02,1.850590241e-16,2.186526279e-01
0.000000000e+00,0,2.300000000e-01,5.346122618e-02,1.863253298e-16,2.235817865e-01
0.000000000e+00,0,2.350000000e-01,5.430525701e-02,1.875295066e-16,2.285126769e-01
0.000000000e+00,0,2.400000000e-01,5.513950202e-02,1.886735729e-16,2.334452490e-01
0.000000000e+00,0,2.450000000e-01,5.596413135e-02,1.897594848e-16,2.383794543e-01
0.000000000e+00,0,2.500000000e-01,5.677931127e-02,1.907891374e-16,2.433152462e-01
0.000000000e+00,0,2.550000000e-01,5.758520432e-02,1.917643673e-16,2.482525794e-01
0.000000000e+00,0,2.600000000e-01,5.838196936e-02,1.926869535e-16,2.531914105e-01
0.000000000e+00,0,2.650000000e-01,5.916976172e-02,1.935586195e-16,2.581316974e-01
0.000000000e+00,0,2.700000000e-01,5.994873327e-02,1.943810345e-16,2.630733994e-01
0.000000000e+00,0,2.750000000e-01,6.071903250e-02,1.951558152e-16,2.680164772e-01
0.000000000e+00,0,2.800000000e-01,6.148080464e-02,1.958845269e-16,2.729608929e-01
0.000000000e+00,0,2.850000000e-01,6.223419173e-02,1.965686848e-16,2.779066098e-01
0.000000000e+00,0,2.900000000e-01,6.297933271e-02,1.972097558e-16,2.828535923e-01
0.000000000e+00,0,2.950000000e-01,6.371636348e-02,1.978091592e-16,2.878018063e-01
0.000000000e+00,0,3.000000000e-01,6.444541703e-02,1.983682680e-16,2.927512185e-01
0.000000000e+00,0,3.050000000e-01,6.516662347e-02,1.988884100e-16,2.977017968e-01
0.000000000e+00,0,3.100000000e-01,6.588011010e-02,1.993708689e-16,3.026535101e-01
0.000000000e+00,0,3.150000000e-01,6.658600155e-02,1.998168849e-16,3.076063286e-01
0.000000000e+00,0,3.200000000e-01,6.728441977e-02,2.002276557e-16,3.125602229e-01
0.000000000e+00,0,3.250000000e-01,6.797548414e-02,2.006043372e-16,3.175151651e-01
0.000000000e+00,0,3.300000000e-01,6.865931153e-02,2.009480438e-16,3.224711278e-01
0.000000000e+00,0,3.350000000e-01,6.933601636e-02,2.012598490e-16,3.274280846e-01
0.000000000e+00,0,3.400000000e-01,7.000571067e-02,2.015407857e-16,3.323860101e-01
0.000000000e+00,0,3.450000000e-01,7.066850419e-02,2.017918460e-16,3.373448794e-01
0.000000000e+00,0,3.500000000e-01,7.132450435e-02,2.020139814e-16,3.423046685e-01
0.000000000e+00,0,3.550000000e-01,7.197381640e-02,2.022081027e-16,3.472653542e-01
0.000000000e+00,0,3.600000000e-01,7.261654343e-02,2.023750792e-16,3.522269140e-01
0.000000000e+00,0,3.650000000e-01,7.325278643e-02,2.025157380e-16,3.571893261e-01
0.000000000e+00,0,3.700000000e-01,7.388264435e-02,2.026308636e-16,3.621525692e-01
0.000000000e+00,0,3.750000000e-01,7.450621414e-02,2.027211961e-16,3.671166228e-01
0.000000000e+00,0,3.800000000e-01,7.512359079e-02,2.027874303e-16,3.720814671e-01
0.000000000e+00,0,3.850000000e-01,7.573486742e-02,2.028302137e-16,3.770470827e-01
0.000000000e+00,0,3.900000000e-01,7.634013527e-02,2.028501447e-16,3.820134509e-01
0.000000000e+00,0,3.950000000e-01,7.693948380e-02,2.028477697e-16,3.869805535e-01
0.000000000e+00,0,4.000000000e-01,7.753300068e-02,2.028235811e-16,3.919483729e-01
0.000000000e+00,0,4.050000000e-01,7.812077188e-02,2.027780136e-16,3.969168920e-01
0.000000000e+00,0,4.100000000e-01,7.870288169e-02,2.027114406e-16,4.018860941e-01
0.000000000e+00,0,4.150000000e-01,7.927941274e-02,2.026241706e-16,4.068559632e-01
0.000000000e+00,0,4.200000000e-01,7.985044610e-02,2.025164421e-16,4.118264835e-01
0.000000000e+00,0,4.250000000e-01,8.041606123e-02,2.023884189e-16,4.167976399e-01
0.000000000e+00,0,4.300000000e-01,8.097633612e-02,2.022401840e-16,4.217694176e-01
0.000000000e+00,0,4.350000000e-01,8.153134721e-02,2.020717336e-16,4.267418023e-01
0.000000000e+00,0,4.400000000e-01,8.208116955e-02,2.018829696e-16,4.317147800e-01
0.000000000e+00,0,4.450000000e-01,8.262587673e-02,2.016736923e-16,4.366883371e-01
0.000000000e+00,0,4.500000000e-01,8.316554096e-02,2.014435911e-16,4.416624606e-01
0.000000000e+00,0,4.550000000e-01,8.370023310e-02,2.011922355e-16,4.466371376e-01
0.000000000e+00,0,4.600000000e-01,8.423002270e-02,2.009190643e-16,4.516123556e-01
0.000000000e+00,0,4.650000000e-01,8.475497800e-02,2.006233741e-16,4.565881027e-01
0.000000000e+00,0,4.700000000e-01,8.527516598e-02,2.003043063e-16,4.615643671e-01
0.000000000e+00,0,4.750000000e-01,8.579065240e-02,1.999608339e-16,4.665411372e-01
0.000000000e+00,0,4.800000000e-01,8.630150179e-02,1.995917453e-16,4.715184021e-01
0.000000000e+00,0,4.850000000e-01,8.680777752e-02,1.991956281e-16,4.764961508e-01
0.000000000e+00,0,4.900000000e-01,8.730954181e-02,1.987708508e-16,4.814743729e-01
0.000000000e+00,0,4.950000000e-01,8.780685575e-02,1.983155425e-16,4.864530582e-01
0.000000000e+00,0,5.000000000e-01,8.829977933e-02,1.978275714e-16,4.914321967e-01
0.000000000e+00,1,0.000000000e+00,0.000000000e+00,0.000000000e+00,0.000000000e+00
0.000000000e+00,1,5.000000000e-03,-7.434815063e-18,1.576150014e-03,4.747040767e-03
0.000000000e+00,1,1.000000000e-02,-1.447119519e-17,3.127753730e-03,9.502177832e-03
0.000000000e+00,1,1.500000000e-02,-2.112135852e-17,4.655354478e-03,1.426509674e-02
0.000000000e+00,1,2.000000000e-02,-2.742234243e-17,6.159481016e-03,1.903549736e-02
0.000000000e+00,1,2.500000000e-02,-3.340813184e-17,7.640648355e-03,2.381309304e-02
0.000000000e+00,1,3.000000000e-02,-3.910962746e-17,9.099357993e-03,2.859760995e-02
0.000000000e+00,1,3.500000000e-02,-4.455470605e-17,1.053609827e-02,3.338878644e-02
0.000000000e+00,1,4.000000000e-02,-4.976834342e-17,1.195134470e-02,3.818637244e-02
0.000000000e+00,1,4.500000000e-02,-5.477277921e-17,1.334556035e-02,4.299012888e-02
0.000000000e+00,1,5.000000000e-02,-5.958770736e-17,1.471919614e-02,4.779982715e-02
0.000000000e+00,1,5.500000000e-02,-6.423048001e-17,1.607269117e-02,5.261524859e-02
0.000000000e+00,1,6.000000000e-02,-6.871631584e-17,1.740647307e-02,5.743618400e-02
0.000000000e+00,1,6.500000000e-02,-7.305850618e-17,1.872095833e-02,6.226243316e-02
0.000000000e+00,1,7.000000000e-02,-7.726861423e-17,2.001655255e-02,6.709380443e-02
0.000000000e+00,1,7.500000000e-02,-8.135666411e-17,2.129365082e-02,7.193011430e-02
0.000000000e+00,1,8.000000000e-02,-8.533131779e-17,2.255263794e-02,7.677118703e-02
0.000000000e+00,1,8.500000000e-02,-8.920003879e-17,2.379388879e-02,8.161685425e-02
0.000000000e+00,1,9.000000000e-02,-9.296924188e-17,2.501776854e-02,8.646695463e-02
0.000000000e+00,1,9.500000000e-02,-9.664442915e-17,2.622463298e-02,9.132133355e-02
0.000000000e+00,1,1.000000000e-01,-1.002303125e-16,2.741482876e-02,9.617984274e-02
0.000000000e+00,1,1.050000000e-01,-1.037309231e-16,2.858869365e-02,1.010423401e-01
0.000000000e+00,1,1.100000000e-01,-1.071497091e-16,2.974655683e-02,1.059086891e-01
0.000000000e+00,1,1.150000000e-01,-1.104896213e-16,3.088873908e-02,1.107787591e-01
0.000000000e+00,1,1.200000000e-01,-1.137531894e-16,3.201555307e-02,1.156524244e-01
0.000000000e+00,1,1.250000000e-01,-1.169425874e-16,3.312730356e-02,1.205295646e-01
0.000000000e+00,1,1.300000000e-01,-1.200596919e-16,3.422428766e-02,1.254100639e-01
0.000000000e+00,1,1.350000000e-01,-1.231061312e-16,3.530679503e-02,1.302938111e-01
0.000000000e+00,1,1.400000000e-01,-1.260833285e-16,3.637510807e-02,1.351806996e-01
0.000000000e+00,1,1.450000000e-01,-1.289925383e-16,3.742950220e-02,1.400706267e-01
0.000000000e+00,1,1.500000000e-01,-1.318348777e-16,3.847024597e-02,1.449634938e-01
0.000000000e+00,1,1.550000000e-01,-1.346113525e-16,3.949760135e-02,1.498592061e-01
0.000000000e+00,1,1.600000000e-01,-1.373228796e-16,4.051182383e-02,1.547576726e-01
0.000000000e+00,1,1.650000000e-01,-1.399703052e-16,4.151316267e-02,1.596588055e-01
0.000000000e+00,1,1.700000000e-01,-1.425544203e-16,4.250186104e-02,1.645625207e-01
0.000000000e+00,1,1.750000000e-01,-1.450759731e-16,4.347815624e-02,1.694687368e-01
0.000000000e+00,1,1.800000000e-01,-1.475356791e-16,4.444227979e-02,1.743773759e-01
0.000000000e+00,1,1.850000000e-01,-1.499342294e-16,4.539445767e-02,1.792883628e-01
0.000000000e+00,1,1.900000000e-01,-1.522722971e-16,4.633491044e-02,1.842016251e-01
0.000000000e+00,1,1.950000000e-01,-1.545505423e-16,4.726385339e-02,1.891170931e-01
0.000000000e+00,1,2.000000000e-01,-1.567696156e-16,4.818149673e-02,1.940346998e-01
0.000000000e+00,1,2.050000000e-01,-1.589301616e-16,4.908804565e-02,1.989543803e-01
0.000000000e+00,1,2.100000000e-01,-1.610328202e-16,4.998370055e-02,2.038760724e-01
0.000000000e+00,1,2.150000000e-01,-1.630782280e-16,5.086865713e-02,2.087997160e-01
0.000000000e+00,1,2.200000000e-01,-1.650670195e-16,5.174310652e-02,2.137252531e-01
0.000000000e+00,1,2.250000000e-01,-1.669998269e-16,5.260723541e-02,2.186526279e-01
0.000000000e+00,1,2.300000000e-01,-1.688772803e-16,5.346122618e-02,2.235817865e-01
0.000000000e+00,1,2.350000000e-01,-1.707000075e-16,5.430525701e-02,2.285126769e-01
0.000000000e+00,1,2.400000000e-01,-1.724686335e-16,5.513950202e-02,2.334452490e-01
0.000000000e+00,1,2.450000000e-01,-1.741837799e-16,5.596413135e-02,2.383794543e-01
0.000000000e+00,1,2.500000000e-01,-1.758460642e-16,5.677931127e-02,2.433152462e-01
0.000000000e+00,1,2.550000000e-01,-1.774560994e-16,5.758520432e-02,2.482525794e-01
0.000000000e+00,1,2.600000000e-01,-1.790144929e-16,5.838196936e-02,2.531914105e-01
0.000000000e+00,1,2.650000000e-01,-1.805218463e-16,5.916976172e-02,2.581316974e-01
0.000000000e+00,1,2.700000000e-01,-1.819787543e-16,5.994873327e-02,2.630733994e-01
0.000000000e+00,1,2.750000000e-01,-1.833858048e-16,6.071903250e-02,2.680164772e-01
0.000000000e+00,1,2.800000000e-01,-1.847435776e-16,6.148080464e-02,2.729608929e-01
0.000000000e+00,1,2.850000000e-01,-1.860526446e-16,6.223419173e-02,2.779066098e-01
0.000000000e+00,1,2.900000000e-01,-1.873135694e-16,6.297933271e-02,2.828535923e-01
0.000000000e+00,1,2.950000000e-01,-1.885269068e-16,6.371636348e-02,2.878018063e-01
0.000000000e+00,1,3.000000000e-01,-1.896932031e-16,6.444541703e-02,2.927512185e-01
0.000000000e+00,1,3.050000000e-01,-1.908129958e-16,6.516662347e-02,2.977017968e-01
0.000000000e+00,1,3.100000000e-01,-1.918868136e-16,6.588011010e-02,3.026535101e-01
0.000000000e+00,1,3.150000000e-01,-1.929151767e-16,6.658600155e-02,3.076063286e-01
0.000000000e+00,1,3.200000000e-01,-1.938985972e-16,6.728441977e-02,3.125602229e-01
0.000000000e+00,1,3.250000000e-01,-1.948375791e-16,6.797548414e-02,3.175151651e-01
0.000000000e+00,1,3.300000000e-01,-1.957326191e-16,6.865931153e-02,3.224711278e-01
0.000000000e+00,1,3.350000000e-01,-1.965842066e-16,6.933601636e-02,3.274280846e-01
0.000000000e+00,1,3.400000000e-01,-1.973928249e-16,7.000571067e-02,3.323860101e-01
0.000000000e+00,1,3.450000000e-01,-1.981589512e-16,7.066850419e-02,3.373448794e-01
0.000000000e+00,1,3.500000000e-01,-1.988830578e-16,7.132450435e-02,3.423046685e-01
0.000000000e+00,1,3.550000000e-01,-1.995656125e-16,7.197381640e-02,3.472653542e-01
0.000000000e+00,1,3.600000000e-01,-2.002070796e-16,7.261654343e-02,3.522269140e-01
0.000000000e+00,1,3.650000000e-01,-2.008079206e-16,7.325278643e-02,3.571893261e-01
0.000000000e+00,1,3.700000000e-01,-2.013685953e-16,7.388264435e-02,3.621525692e-01
0.000000000e+00,1,3.750000000e-01,-2.018895625e-16,7.450621414e-02,3.671166228e-01
0.000000000e+00,1,3.800000000e-01,-2.023712811e-16,7.512359079e-02,3.720814671e-01
0.000000000e+00,1,3.850000000e-01,-2.028142108e-16,7.573486742e-02,3.770470827e-01
0.000000000e+00,1,3.900000000e-01,-2.032188135e-16,7.634013527e-02,3.820134509e-01
0.000000000e+00,1,3.950000000e-01,-2.035855541e-16,7.693948380e-02,3.869805535e-01
0.000000000e+00,1,4.000000000e-01,-2.039149016e-16,7.753300068e-02,3.919483729e-01
0.000000000e+00,1,4.050000000e-01,-2.042073302e-16,7.812077188e-02,3.969168920e-01
0.000000000e+00,1,4.100000000e-01,-2.044633202e-16,7.870288169e-02,4.018860941e-01
0.000000000e+00,1,4.150000000e-01,-2.046833597e-16,7.927941274e-02,4.068559632e-01
0.000000000e+00,1,4.200000000e-01,-2.048679451e-16,7.985044610e-02,4.118264835e-01
0.000000000e+00,1,4.250000000e-01,-2.050175831e-16,8.041606123e-02,4.167976399e-01
0.000000000e+00,1,4.300000000e-01,-2.051327914e-16,8.097633612e-02,4.217694176e-01
0.000000000e+00,1,4.350000000e-01,-2.052141009e-16,8.153134721e-02,4.267418023e-01
0.000000000e+00,1,4.400000000e-01,-2.052620565e-16,8.208116955e-02,4.317147800e-01
0.000000000e+00,1,4.450000000e-01,-2.052772196e-16,8.262587673e-02,4.366883371e-01
0.000000000e+00,1,4.500000000e-01,-2.052601698e-16,8.316554096e-02,4.416624606e-01
0.000000000e+00,1,4.550000000e-01,-2.052115071e-16,8.370023310e-02,4.466371376e-01
0.000000000e+00,1,4.600000000e-01,-2.051318550e-16,8.423002270e-02,4.516123556e-01
0.000000000e+00,1,4.650000000e-01,-2.050218631e-16,8.475497800e-02,4.565881027e-01
0.000000000e+00,1,4.700000000e-01,-2.048822109e-16,8.527516598e-02,4.615643671e-01
0.000000000e+00,1,4.750000000e-01,-2.047136118e-16,8.579065240e-02,4.665411372e-01
0.000000000e+00,1,4.800000000e-01,-2.045168186e-16,8.630150179e-02,4.715184021e-01
0.000000000e+00,1,4.850000000e-01,-2.042926288e-16,8.680777752e-02,4.764961508e-01
0.000000000e+00,1,4.900000000e-01,-2.040418919e-16,8.730954181e-02,4.814743729e-01
0.000000000e+00,1,4.950000000e-01,-2.037655173e-16,8.780685575e-02,4.864530582e-01
0.000000000e+00,1,5.000000000e-01,-2.034644845e-16,8.829977933e-02,4.914321967e-01
0.000000000e+00,2,0.000000000e+00,0.000000000e+00,0.000000000e+00,0.000000000e+00
0.000000000e+00,2,5.000000000e-03,-1.576150014e-03,7.543200036e-18,4.747040767e-03
0.000000000e+00,2,1.000000000e-02,-3.127753730e-03,1.440967249e-17,9.502177832e-03
0.000000000e+00,2,1.500000000e-02,-4.655354478e-03,2.068207253e-17,1.426509674e-02
0.000000000e+00,2,2.000000000e-02,-6.159481016e-03,2.643089350e-17,1.903549736e-02
0.000000000e+00,2,2.500000000e-02,-7.640648355e-03,3.171631090e-17,2.381309304e-02
0.000000000e+00,2,3.000000000e-02,-9.099357993e-03,3.658973511e-17,2.859760995e-02
0.000000000e+00,2,3.500000000e-02,-1.053609827e-02,4.109513435e-17,3.338878644e-02
0.000000000e+00,2,4.000000000e-02,-1.195134470e-02,4.527015958e-17,3.818637244e-02
0.000000000e+00,2,4.500000000e-02,-1.334556035e-02,4.914710102e-17,4.299012888e-02
0.000000000e+00,2,5.000000000e-02,-1.471919614e-02,5.275370149e-17,4.779982715e-02
0.000000000e+00,2,5.500000000e-02,-1.607269117e-02,5.611384780e-17,5.261524859e-02
0.000000000e+00,2,6.000000000e-02,-1.740647307e-02,5.924815844e-17,5.743618400e-02
0.000000000e+00,2,6.500000000e-02,-1.872095833e-02,6.217448273e-17,6.226243316e-02
0.000000000e+00,2,7.000000000e-02,-2.001655255e-02,6.490832457e-17,6.709380443e-02
0.000000000e+00,2,7.500000000e-02,-2.129365082e-02,6.746320201e-17,7.193011430e-02
0.000000000e+00,2,8.000000000e-02,-2.255263794e-02,6.985095208e-17,7.677118703e-02
0.000000000e+00,2,8.500000000e-02,-2.379388879e-02,7.208198895e-17,8.161685425e-02
0.000000000e+00,2,9.000000000e-02,-2.501776854e-02,7.416552236e-17,8.646695463e-02
0.000000000e+00,2,9.500000000e-02,-2.622463298e-02,7.610974218e-17,9.132133355e-02
0.000000000e+00,2,1.000000000e-01,-2.741482876e-02,7.792197414e-17,9.617984274e-02
0.000000000e+00,2,1.050000000e-01,-2.858869365e-02,7.960881136e-17,1.010423401e-01
0.000000000e+00,2,1.100000000e-01,-2.974655683e-02,8.117622497e-17,1.059086891e-01
0.000000000e+00,2,1.150000000e-01,-3.088873908e-02,8.262965708e-17,1.107787591e-01
0.000000000e+00,2,1.200000000e-01,-3.201555307e-02,8.397409916e-17,1.156524244e-01
0.000000000e+00,2,1.250000000e-01,-3.312730356e-02,8.521415734e-17,1.205295646e-01
0.000000000e+00,2,1.300000000e-01,-3.422428766e-02,8.635410730e-17,1.254100639e-01
0.000000000e+00,2,1.350000000e-01,-3.530679503e-02,8.739794028e-17,1.302938111e-01
0.000000000e+00,2,1.400000000e-01,-3.637510807e-02,8.834940113e-17,1.351806996e-01
0.000000000e+00,2,1.450000000e-01,-3.742950220e-02,8.921202001e-17,1.400706267e-01
0.000000000e+00,2,1.500000000e-01,-3.847024597e-02,8.998913904e-17,1.449634938e-01
0.000000000e+00,2,1.550000000e-01,-3.949760135e-02,9.068393446e-17,1.498592061e-01
0.000000000e+00,2,1.600000000e-01,-4.051182383e-02,9.129943500e-17,1.547576726e-01
0.000000000e+00,2,1.650000000e-01,-4.151316267e-02,9.183853720e-17,1.596588055e-01
0.000000000e+00,2,1.700000000e-01,-4.250186104e-02,9.230401802e-17,1.645625207e-01
0.000000000e+00,2,1.750000000e-01,-4.347815624e-02,9.269854592e-17,1.694687368e-01
0.000000000e+00,2,1.800000000e-01,-4.444227979e-02,9.302468917e-17,1.743773759e-01
0.000000000e+00,2,1.850000000e-01,-4.539445767e-02,9.328492276e-17,1.792883628e-01
0.000000000e+00,2,1.900000000e-01,-4.633491044e-02,9.348163533e-17,1.842016251e-01
0.000000000e+00,2,1.950000000e-01,-4.726385339e-02,9.361713464e-17,1.891170931e-01
0.000000000e+00,2,2.000000000e-01,-4.818149673e-02,9.369365152e-17,1.940346998e-01
0.000000000e+00,2,2.050000000e-01,-4.908804565e-02,9.371334287e-17,1.989543803e-01
0.000000000e+00,2,2.100000000e-01,-4.998370055e-02,9.367829539e-17,2.038760724e-01
0.000000000e+00,2,2.150000000e-01,-5.086865713e-02,9.359053070e-17,2.087997160e-01
0.000000000e+00,2,2.200000000e-01,-5.174310652e-02,9.345200559e-17,2.137252531e-01
0.000000000e+00,2,2.250000000e-01,-5.260723541e-02,9.326461370e-17,2.186526279e-01
0.000000000e+00,2,2.300000000e-01,-5.346122618e-02,9.303019030e-17,2.235817865e-01
0.000000000e+00,2,2.350000000e-01,-5.430525701e-02,9.275051207e-17,2.285126769e-01
0.000000000e+00,2,2.400000000e-01,-5.513950202e-02,9.242729846e-17,2.334452490e-01
0.000000000e+00,2,2.450000000e-01,-5.596413135e-02,9.206221485e-17,2.383794543e-01
0.000000000e+00,2,2.500000000e-01,-5.677931127e-02,9.165687482e-17,2.433152462e-01
0.000000000e+00,2,2.550000000e-01,-5.758520432e-02,9.121284125e-17,2.482525794e-01
0.000000000e+00,2,2.600000000e-01,-5.838196936e-02,9.073162763e-17,2.531914105e-01
0.000000000e+00,2,2.650000000e-01,-5.916976172e-02,9.021469853e-17,2.581316974e-01
0.000000000e+00,2,2.700000000e-01,-5.994873327e-02,8.966347216e-17,2.630733994e-01
0.000000000e+00,2,2.750000000e-01,-6.071903250e-02,8.907932200e-17,2.680164772e-01
0.000000000e+00,2,2.800000000e-01,-6.148080464e-02,8.846358121e-17,2.729608929e-01
0.000000000e+00,2,2.850000000e-01,-6.223419173e-02,8.781754168e-17,2.779066098e-01
0.000000000e+00,2,2.900000000e-01,-6.297933271e-02,8.714244982e-17,2.828535923e-01
0.000000000e+00,2,2.950000000e-01,-6.371636348e-02,8.643951064e-17,2.878018063e-01
0.000000000e+00,2,3.000000000e-01,-6.444541703e-02,8.570989322e-17,2.927512185e-01
0.000000000e+00,2,3.050000000e-01,-6.516662347e-02,8.495473034e-17,2.977017968e-01
0.000000000e+00,2,3.100000000e-01,-6.588011010e-02,8.417511728e-17,3.026535101e-01
0.000000000e+00,2,3.150000000e-01,-6.658600155e-02,8.337211041e-17,3.076063286e-01
0.000000000e+00,2,3.200000000e-01,-6.728441977e-02,8.254673180e-17,3.125602229e-01
0.000000000e+00,2,3.250000000e-01,-6.797548414e-02,8.169997350e-17,3.175151651e-01
0.000000000e+00,2,3.300000000e-01,-6.865931153e-02,8.083279053e-17,3.224711278e-01
0.000000000e+00,2,3.350000000e-01,-6.933601636e-02,7.994609911e-17,3.274280846e-01
0.000000000e+00,2,3.400000000e-01,-7.000571067e-02,7.904078171e-17,3.323860101e-01
0.000000000e+00,2,3.450000000e-01,-7.066850419e-02,7.811769117e-17,3.373448794e-01
0.000000000e+00,2,3.500000000e-01,-7.132450435e-02,7.717765578e-17,3.423046685e-01
0.000000000e+00,2,3.550000000e-01,-7.197381640e-02,7.622146648e-17,3.472653542e-01
0.000000000e+00,2,3.600000000e-01,-7.261654343e-02,7.524987350e-17,3.522269140e-01
0.000000000e+00,2,3.650000000e-01,-7.325278643e-02,7.426360257e-17,3.571893261e-01
0.000000000e+00,2,3.700000000e-01,-7.388264435e-02,7.326335171e-17,3.621525692e-01
0.000000000e+00,2,3.750000000e-01,-7.450621414e-02,7.224977544e-17,3.671166228e-01
0.000000000e+00,2,3.800000000e-01,-7.512359079e-02,7.122347747e-17,3.720814671e-01
0.000000000e+00,2,3.850000000e-01,-7.573486742e-02,7.018502107e-17,3.770470827e-01
0.000000000e+00,2,3.900000000e-01,-7.634013527e-02,6.913492644e-17,3.820134509e-01
0.000000000e+00,2,3.950000000e-01,-7.693948380e-02,6.807366113e-17,3.869805535e-01
0.000000000e+00,2,4.000000000e-01,-7.753300068e-02,6.700165260e-17,3.919483729e-01
0.000000000e+00,2,4.050000000e-01,-7.812077188e-02,6.591929996e-17,3.969168920e-01
0.000000000e+00,2,4.100000000e-01,-7.870288169e-02,6.482693583e-17,4.018860941e-01
0.000000000e+00,2,4.150000000e-01,-7.927941274e-02,6.372483501e-17,4.068559632e-01
0.000000000e+00,2,4.200000000e-01,-7.985044610e-02,6.261322976e-17,4.118264835e-01
0.000000000e+00,2,4.250000000e-01,-8.041606123e-02,6.149230358e-17,4.167976399e-01
0.000000000e+00,2,4.300000000e-01,-8.097633612e-02,6.036214679e-17,4.217694176e-01
0.000000000e+00,2,4.350000000e-01,-8.153134721e-02,5.922275280e-17,4.267418023e-01
0.000000000e+00,2,4.400000000e-01,-8.208116955e-02,5.807401033e-17,4.317147800e-01
0.000000000e+00,2,4.450000000e-01,-8.262587673e-02,5.691571813e-17,4.366883371e-01
0.000000000e+00,2,4.500000000e-01,-8.316554096e-02,5.574758376e-17,4.416624606e-01
0.000000000e+00,2,4.550000000e-01,-8.370023310e-02,5.456922818e-17,4.466371376e-01
0.000000000e+00,2,4.600000000e-01,-8.423002270e-02,5.338015222e-17,4.516123556e-01
0.000000000e+00,2,4.650000000e-01,-8.475497800e-02,5.217970415e-17,4.565881027e-01
0.000000000e+00,2,4.700000000e-01,-8.527516598e-02,5.096707391e-17,4.615643671e-01
0.000000000e+00,2,4.750000000e-01,-8.579065240e-02,4.974127565e-17,4.665411372e-01
0.000000000e+00,2,4.800000000e-01,-8.630150179e-02,4.850119026e-17,4.715184021e-01
0.000000000e+00,2,4.850000000e-01,-8.680777752e-02,4.724547884e-17,4.764961508e-01
0.000000000e+00,2,4.900000000e-01,-8.730954181e-02,4.597254672e-17,4.814743729e-01
0.000000000e+00,2,4.950000000e-01,-8.780685575e-02,4.468057781e-17,4.864530582e-01
0.000000000e+00,2,5.000000000e-01,-8.829977933e-02,4.336747022e-17,4.914321967e-01
0.000000000e+00,3,0.000000000e+00,0.000000000e+00,0.000000000e+00,0.000000000e+00
0.000000000e+00,3,5.000000000e-03,-4.716484739e-18,-1.576150014e-03,4.747040767e-03
0.000000000e+00,3,1.000000000e-02,-9.055260438e-18,-3.127753730e-03,9.502177832e-03
0.000000000e+00,3,1.500000000e-02,-1.305421941e-17,-4.655354478e-03,1.426509674e-02
0.000000000e+00,3,2.000000000e-02,-1.674853405e-17,-6.159481016e-03,1.903549736e-02
0.000000000e+00,3,2.500000000e-02,-2.017049010e-17,-7.640648355e-03,2.381309304e-02
0.000000000e+00,3,3.000000000e-02,-2.334943716e-17,-9.099357993e-03,2.859760995e-02
0.000000000e+00,3,3.500000000e-02,-2.631183264e-17,-1.053609827e-02,3.338878644e-02
0.000000000e+00,3,4.000000000e-02,-2.908135001e-17,-1.195134470e-02,3.818637244e-02
0.000000000e+00,3,4.500000000e-02,-3.167903033e-17,-1.334556035e-02,4.299012888e-02
0.000000000e+00,3,5.000000000e-02,-3.412346085e-17,-1.471919614e-02,4.779982715e-02
0.000000000e+00,3,5.500000000e-02,-3.643096838e-17,-1.607269117e-02,5.261524859e-02
0.000000000e+00,3,6.000000000e-02,-3.861581828e-17,-1.740647307e-02,5.743618400e-02
0.000000000e+00,3,6.500000000e-02,-4.069041220e-17,-1.872095833e-02,6.226243316e-02
0.000000000e+00,3,7.000000000e-02,-4.266548004e-17,-2.001655255e-02,6.709380443e-02
0.000000000e+00,3,7.500000000e-02,-4.455026258e-17,-2.129365082e-02,7.193011430e-02
0.000000000e+00,3,8.000000000e-02,-4.635268274e-17,-2.255263794e-02,7.677118703e-02
0.000000000e+00,3,8.500000000e-02,-4.807950426e-17,-2.379388879e-02,8.161685425e-02
0.000000000e+00,3,9.000000000e-02,-4.973647720e-17,-2.501776854e-02,8.646695463e-02
0.000000000e+00,3,9.500000000e-02,-5.132847011e-17,-2.622463298e-02,9.132133355e-02
0.000000000e+00,3,1.000000000e-01,-5.285958928e-17,-2.741482876e-02,9.617984274e-02
0.000000000e+00,3,1.050000000e-01,-5.433328544e-17,-2.858869365e-02,1.010423401e-01
0.000000000e+00,3,1.100000000e-01,-5.575244864e-17,-2.974655683e-02,1.059086891e-01
0.000000000e+00,3,1.150000000e-01,-5.711949222e-17,-3.088873908e-02,1.107787591e-01
0.000000000e+00,3,1.200000000e-01,-5.843642660e-17,-3.201555307e-02,1.156524244e-01
0.000000000e+00,3,1.250000000e-01,-5.970492373e-17,-3.312730356e-02,1.205295646e-01
0.000000000e+00,3,1.300000000e-01,-6.092637323e-17,-3.422428766e-02,1.254100639e-01
0.000000000e+00,3,1.350000000e-01,-6.210193091e-17,-3.530679503e-02,1.302938111e-01
0.000000000e+00,3,1.400000000e-01,-6.323256049e-17,-3.637510807e-02,1.351806996e-01
0.000000000e+00,3,1.450000000e-01,-6.431906926e-17,-3.742950220e-02,1.400706267e-01
0.000000000e+00,3,1.500000000e-01,-6.536213836e-17,-3.847024597e-02,1.449634938e-01
0.000000000e+00,3,1.550000000e-01,-6.636234845e-17,-3.949760135e-02,1.498592061e-01
0.000000000e+00,3,1.600000000e-01,-6.732020128e-17,-4.051182383e-02,1.547576726e-01
0.000000000e+00,3,1.650000000e-01,-6.823613749e-17,-4.151316267e-02,1.596588055e-01
0.000000000e+00,3,1.700000000e-01,-6.911055134e-17,-4.250186104e-02,1.645625207e-01
0.000000000e+00,3,1.750000000e-01,-6.994380292e-17,-4.347815624e-02,1.694687368e-01
0.000000000e+00,3,1.800000000e-01,-7.073622784e-17,-4.444227979e-02,1.743773759e-01
0.000000000e+00,3,1.850000000e-01,-7.148814520e-17,-4.539445767e-02,1.792883628e-01
0.000000000e+00,3,1.900000000e-01,-7.219986363e-17,-4.633491044e-02,1.842016251e-01
0.000000000e+00,3,1.950000000e-01,-7.287168595e-17,-4.726385339e-02,1.891170931e-01
0.000000000e+00,3,2.000000000e-01,-7.350391270e-17,-4.818149673e-02,1.940346998e-01
0.000000000e+00,3,2.050000000e-01,-7.409684473e-17,-4.908804565e-02,1.989543803e-01
0.000000000e+00,3,2.100000000e-01,-7.465078479e-17,-4.998370055e-02,2.038760724e-01
0.000000000e+00,3,2.150000000e-01,-7.516603873e-17,-5.086865713e-02,2.087997160e-01
0.000000000e+00,3,2.200000000e-01,-7.564291620e-17,-5.174310652e-02,2.137252531e-01
0.000000000e+00,3,2.250000000e-01,-7.608173079e-17,-5.260723541e-02,2.186526279e-01
0.000000000e+00,3,2.300000000e-01,-7.648279968e-17,-5.346122618e-02,2.235817865e-01
0.000000000e+00,3,2.350000000e-01,-7.684644324e-17,-5.430525701e-02,2.285126769e-01
0.000000000e+00,3,2.400000000e-01,-7.717298448e-17,-5.513950202e-02,2.334452490e-01
0.000000000e+00,3,2.450000000e-01,-7.746274805e-17,-5.596413135e-02,2.383794543e-01
0.000000000e+00,3,2.500000000e-01,-7.771605974e-17,-5.677931127e-02,2.433152462e-01
0.000000000e+00,3,2.550000000e-01,-7.793324558e-17,-5.758520432e-02,2.482525794e-01
0.000000000e+00,3,2.600000000e-01,-7.811463086e-17,-5.838196936e-02,2.531914105e-01
0.000000000e+00,3,2.650000000e-01,-7.826053977e-17,-5.916976172e-02,2.581316974e-01
0.000000000e+00,3,2.700000000e-01,-7.837129443e-17,-5.994873327e-02,2.630733994e-01
0.000000000e+00,3,2.750000000e-01,-7.844721321e-17,-6.071903250e-02,2.680164772e-01
0.000000000e+00,3,2.800000000e-01,-7.848861067e-17,-6.148080464e-02,2.729608929e-01
0.000000000e+00,3,2.850000000e-01,-7.849579781e-17,-6.223419173e-02,2.779066098e-01
0.000000000e+00,3,2.900000000e-01,-7.846908109e-17,-6.297933271e-02,2.828535923e-01
0.000000000e+00,3,2.950000000e-01,-7.840876157e-17,-6.371636348e-02,2.878018063e-01
0.000000000e+00,3,3.000000000e-01,-7.831513527e-17,-6.444541703e-02,2.927512185e-01
0.000000000e+00,3,3.050000000e-01,-7.818849290e-17,-6.516662347e-02,2.977017968e-01
0.000000000e+00,3,3.100000000e-01,-7.802911991e-17,-6.588011010e-02,3.026535101e-01
0.000000000e+00,3,3.150000000e-01,-7.783729630e-17,-6.658600155e-02,3.076063286e-01
0.000000000e+00,3,3.200000000e-01,-7.761329708e-17,-6.728441977e-02,3.125602229e-01
0.000000000e+00,3,3.250000000e-01,-7.735739208e-17,-6.797548414e-02,3.175151651e-01
0.000000000e+00,3,3.300000000e-01,-7.706984495e-17,-6.865931153e-02,3.224711278e-01
0.000000000e+00,3,3.350000000e-01,-7.675091514e-17,-6.933601636e-02,3.274280846e-01
0.000000000e+00,3,3.400000000e-01,-7.640085738e-17,-7.000571067e-02,3.323860101e-01
0.000000000e+00,3,3.450000000e-01,-7.601992375e-17,-7.066850419e-02,3.373448794e-01
0.000000000e+00,3,3.500000000e-01,-7.560836351e-17,-7.132450435e-02,3.423046685e-01
0.000000000e+00,3,3.550000000e-01,-7.516642308e-17,-7.197381640e-02,3.472653542e-01
0.000000000e+00,3,3.600000000e-01,-7.469434736e-17,-7.261654343e-02,3.522269140e-01
0.000000000e+00,3,3.650000000e-01,-7.419238070e-17,-7.325278643e-02,3.571893261e-01
0.000000000e+00,3,3.700000000e-01,-7.366076713e-17,-7.388264435e-02,3.621525692e-01
0.000000000e+00,3,3.750000000e-01,-7.309975083e-17,-7.450621414e-02,3.671166228e-01
0.000000000e+00,3,3.800000000e-01,-7.250957766e-17,-7.512359079e-02,3.720814671e-01
0.000000000e+00,3,3.850000000e-01,-7.189049536e-17,-7.573486742e-02,3.770470827e-01
0.000000000e+00,3,3.900000000e-01,-7.124275761e-17,-7.634013527e-02,3.820134509e-01
0.000000000e+00,3,3.950000000e-01,-7.056662226e-17,-7.693948380e-02,3.869805535e-01
0.000000000e+00,3,4.000000000e-01,-6.986235131e-17,-7.753300068e-02,3.919483729e-01
0.000000000e+00,3,4.050000000e-01,-6.913021518e-17,-7.812077188e-02,3.969168920e-01
0.000000000e+00,3,4.100000000e-01,-6.837048876e-17,-7.870288169e-02,4.018860941e-01
0.000000000e+00,3,4.150000000e-01,-6.758345378e-17,-7.927941274e-02,4.068559632e-01
0.000000000e+00,3,4.200000000e-01,-6.676940629e-17,-7.985044610e-02,4.118264835e-01
0.000000000e+00,3,4.250000000e-01,-6.592866040e-17,-8.041606123e-02,4.167976399e-01
0.000000000e+00,3,4.300000000e-01,-6.506154324e-17,-8.097633612e-02,4.217694176e-01
0.000000000e+00,3,4.350000000e-01,-6.416839309e-17,-8.153134721e-02,4.267418023e-01
0.000000000e+00,3,4.400000000e-01,-6.324956382e-17,-8.208116955e-02,4.317147800e-01
0.000000000e+00,3,4.450000000e-01,-6.230544145e-17,-8.262587673e-02,4.366883371e-01
0.000000000e+00,3,4.500000000e-01,-6.133644438e-17,-8.316554096e-02,4.416624606e-01
0.000000000e+00,3,4.550000000e-01,-6.034301287e-17,-8.370023310e-02,4.466371376e-01
0.000000000e+00,3,4.600000000e-01,-5.932562643e-17,-8.423002270e-02,4.516123556e-01
0.000000000e+00,3,4.650000000e-01,-5.828479402e-17,-8.475497800e-02,4.565881027e-01
0.000000000e+00,3,4.700000000e-01,-5.722104862e-17,-8.527516598e-02,4.615643671e-01
0.000000000e+00,3,4.750000000e-01,-5.613494001e-17,-8.579065240e-02,4.665411372e-01
0.000000000e+00,3,4.800000000e-01,-5.502706796e-17,-8.630150179e-02,4.715184021e-01
0.000000000e+00,3,4.850000000e-01,-5.389811225e-17,-8.680777752e-02,4.764961508e-01
0.000000000e+00,3,4.900000000e-01,-5.274878142e-17,-8.730954181e-02,4.814743729e-01
0.000000000e+00,3,4.950000000e-01,-5.157986032e-17,-8.780685575e-02,4.864530582e-01
0.000000000e+00,3,5.000000000e-01,-5.039226755e-17,-8.829977933e-02,4.914321967e-01
5.000000000e-01,0,0.000000000e+00,0.000000000e+00,0.000000000e+00,0.000000000e+00
5.000000000e-01,0,5.000000000e-03,1.576040360e-03,1.181163410e-17,4.747077153e-03
5.000000000e-01,0,1.000000000e-02,3.127535405e-03,2.354452264e-17,9.502249655e-03
5.000000000e-01,0,1.500000000e-02,4.655028536e-03,3.517628350e-17,1.426520305e-02
5.000000000e-01,0,2.000000000e-02,6.159048574e-03,4.668883126e-17,1.903563724e-02
5.000000000e-01,0,2.500000000e-02,7.640110590e-03,5.806773357e-17,2.381326555e-02
5.000000000e-01,0,3.000000000e-02,9.098716140e-03,6.930163908e-17,2.859781417e-02
5.000000000e-01,0,3.500000000e-02,1.053535362e-02,8.038177551e-17,3.338902147e-02
5.000000000e-01,0,4.000000000e-02,1.195049860e-02,9.130151310e-17,3.818663737e-02
5.000000000e-01,0,4.500000000e-02,1.334461418e-02,1.020559877e-16,4.299042284e-02
5.000000000e-01,0,5.000000000e-02,1.471815133e-02,1.126417783e-16,4.780014926e-02
5.000000000e-01,0,5.500000000e-02,1.607154921e-02,1.230566323e-16,5.261559799e-02
5.000000000e-01,0,6.000000000e-02,1.740523548e-02,1.332992342e-16,5.743655984e-02
5.000000000e-01,0,6.500000000e-02,1.871962666e-02,1.433690119e-16,6.226283461e-02
5.000000000e-01,0,7.000000000e-02,2.001512839e-02,1.532659751e-16,6.709423066e-02
5.000000000e-01,0,7.500000000e-02,2.129213578e-02,1.629905825e-16,7.193056451e-02
5.000000000e-01,0,8.000000000e-02,2.255103368e-02,1.725436333e-16,7.677166042e-02
5.000000000e-01,0,8.500000000e-02,2.379219699e-02,1.819261789e-16,8.161735005e-02
5.000000000e-01,0,9.000000000e-02,2.501599091e-02,1.911394523e-16,8.646747208e-02
5.000000000e-01,0,9.500000000e-02,2.622277124e-02,2.001848126e-16,9.132187189e-02
5.000000000e-01,0,1.000000000e-01,2.741288466e-02,2.090637011e-16,9.618040124e-02
5.000000000e-01,0,1.050000000e-01,2.858666896e-02,2.177776080e-16,1.010429180e-01
5.000000000e-01,0,1.100000000e-01,2.974445333e-02,2.263280471e-16,1.059092858e-01
5.000000000e-01,0,1.150000000e-01,3.088655858e-02,2.347165379e-16,1.107793738e-01
5.000000000e-01,0,1.200000000e-01,3.201329737e-02,2.429445925e-16,1.156530565e-01
5.000000000e-01,0,1.250000000e-01,3.312497450e-02,2.510137071e-16,1.205302134e-01
5.000000000e-01,0,1.300000000e-01,3.422188707e-02,2.589253575e-16,1.254107288e-01
5.000000000e-01,0,1.350000000e-01,3.530432475e-02,2.666809961e-16,1.302944914e-01
5.000000000e-01,0,1.400000000e-01,3.637256996e-02,2.742820522e-16,1.351813947e-01
5.000000000e-01,0,1.450000000e-01,3.742689811e-02,2.817299333e-16,1.400713360e-01
5.000000000e-01,0,1.500000000e-01,3.846757777e-02,2.890260268e-16,1.449642167e-01
5.000000000e-01,0,1.550000000e-01,3.949487090e-02,2.961717040e-16,1.498599421e-01
5.000000000e-01,0,1.600000000e-01,4.050903300e-02,3.031683229e-16,1.547584211e-01
5.000000000e-01,0,1.650000000e-01,4.151031333e-02,3.100172326e-16,1.596595660e-01
5.000000000e-01,0,1.700000000e-01,4.249895506e-02,3.167197769e-16,1.645632925e-01
5.000000000e-01,0,1.750000000e-01,4.347519548e-02,3.232772985e-16,1.694695195e-01
5.000000000e-01,0,1.800000000e-01,4.443926611e-02,3.296911426e-16,1.743781690e-01
5.000000000e-01,0,1.850000000e-01,4.539139293e-02,3.359626607e-16,1.792891658e-01
5.000000000e-01,0,1.900000000e-01,4.633179650e-02,3.420932137e-16,1.842024375e-01
5.000000000e-01,0,1.950000000e-01,4.726069210e-02,3.480841756e-16,1.891179145e-01
5.000000000e-01,0,2.000000000e-01,4.817828992e-02,3.539369360e-16,1.940355296e-01
5.000000000e-01,0,2.050000000e-01,4.908479516e-02,3.596529030e-16,1.989552182e-01
5.000000000e-01,0,2.100000000e-01,4.998040821e-02,3.652335051e-16,2.038769179e-01
5.000000000e-01,0,2.150000000e-01,5.086532475e-02,3.706801942e-16,2.088005687e-01
5.000000000e-01,0,2.200000000e-01,5.173973590e-02,3.759944467e-16,2.137261126e-01
5.000000000e-01,0,2.250000000e-01,5.260382835e-02,3.811777656e-16,2.186534938e-01
5.000000000e-01,0,2.300000000e-01,5.345778446e-02,3.862316820e-16,2.235826583e-01
5.000000000e-01,0,2.350000000e-01,5.430178241e-02,3.911577563e-16,2.285135544e-01
5.000000000e-01,0,2.400000000e-01,5.513599629e-02,3.959575793e-16,2.334461317e-01
5.000000000e-01,0,2.450000000e-01,5.596059623e-02,4.006327737e-16,2.383803419e-01
5.000000000e-01,0,2.500000000e-01,5.677574850e-02,4.051849941e-16,2.433161384e-01
5.000000000e-01,0,2.550000000e-01,5.758161561e-02,4.096159286e-16,2.482534758e-01
5.000000000e-01,0,2.600000000e-01,5.837835641e-02,4.139272990e-16,2.531923109e-01
5.000000000e-01,0,2.650000000e-01,5.916612622e-02,4.181208615e-16,2.581326013e-01
5.000000000e-01,0,2.700000000e-01,5.994507689e-02,4.221984069e-16,2.630743066e-01
5.000000000e-01,0,2.750000000e-01,6.071535689e-02,4.261617615e-16,2.680173874e-01
5.000000000e-01,0,2.800000000e-01,6.147711144e-02,4.300127867e-16,2.729618058e-01
5.000000000e-01,0,2.850000000e-01,6.223048255e-02,4.337533796e-16,2.779075251e-01
5.000000000e-01,0,2.900000000e-01,6.297560915e-02,4.373854728e-16,2.828545098e-01
5.000000000e-01,0,2.950000000e-01,6.371262713e-02,4.409110347e-16,2.878027257e-01
5.000000000e-01,0,3.000000000e-01,6.444166945e-02,4.443320691e-16,2.927521395e-01
5.000000000e-01,0,3.050000000e-01,6.516286620e-02,4.476506146e-16,2.977027192e-01
5.000000000e-01,0,3.100000000e-01,6.587634468e-02,4.508687447e-16,3.026544338e-01
5.000000000e-01,0,3.150000000e-01,6.658222947e-02,4.539885668e-16,3.076072531e-01
5.000000000e-01,0,3.200000000e-01,6.728064252e-02,4.570122216e-16,3.125611482e-01
5.000000000e-01,0,3.250000000e-01,6.797170319e-02,4.599418819e-16,3.175160909e-01
5.000000000e-01,0,3.300000000e-01,6.865552833e-02,4.627797513e-16,3.224720539e-01
5.000000000e-01,0,3.350000000e-01,6.933223234e-02,4.655280625e-16,3.274290109e-01
5.000000000e-01,0,3.400000000e-01,7.000192724e-02,4.681890759e-16,3.323869362e-01
5.000000000e-01,0,3.450000000e-01,7.066472272e-02,4.707650767e-16,3.373458052e-01
5.000000000e-01,0,3.500000000e-01,7.132072621e-02,4.732583728e-16,3.423055939e-01
5.000000000e-01,0,3.550000000e-01,7.197004294e-02,4.756712912e-16,3.472662790e-01
5.000000000e-01,0,3.600000000e-01,7.261277598e-02,4.780061748e-16,3.522278381e-01
5.000000000e-01,0,3.650000000e-01,7.324902628e-02,4.802653780e-16,3.571902492e-01
5.000000000e-01,0,3.700000000e-01,7.387889278e-02,4.824512618e-16,3.621534912e-01
5.000000000e-01,0,3.750000000e-01,7.450247241e-02,4.845661888e-16,3.671175436e-01
5.000000000e-01,0,3.800000000e-01,7.511986015e-02,4.866125165e-16,3.720823865e-01
5.000000000e-01,0,3.850000000e-01,7.573114907e-02,4.885925903e-16,3.770480005e-01
5.000000000e-01,0,3.900000000e-01,7.633643042e-02,4.905087358e-16,3.820143671e-01
5.000000000e-01,0,3.950000000e-01,7.693579361e-02,4.923632495e-16,3.869814679e-01
5.000000000e-01,0,4.000000000e-01,7.752932631e-02,4.941583891e-16,3.919492854e-01
5.000000000e-01,0,4.050000000e-01,7.811711446e-02,4.958963615e-16,3.969178025e-01
5.000000000e-01,0,4.100000000e-01,7.869924232e-02,4.975793112e-16,4.018870025e-01
5.000000000e-01,0,4.150000000e-01,7.927579252e-02,4.992093052e-16,4.068568694e-01
5.000000000e-01,0,4.200000000e-01,7.984684608e-02,5.007883182e-16,4.118273874e-01
5.000000000e-01,0,4.250000000e-01,8.041248246e-02,5.023182150e-16,4.167985414e-01
5.000000000e-01,0,4.300000000e-01,8.097277961e-02,5.038007312e-16,4.217703166e-01
5.000000000e-01,0,4.350000000e-01,8.152781398e-02,5.052374523e-16,4.267426987e-01
5.000000000e-01,0,4.400000000e-01,8.207766056e-02,5.066297903e-16,4.317156737e-01
5.000000000e-01,0,4.450000000e-01,8.262239295e-02,5.079789581e-16,4.366892280e-01
5.000000000e-01,0,4.500000000e-01,8.316208331e-02,5.092859409e-16,4.416633487e-01
5.000000000e-01,0,4.550000000e-01,8.369680251e-02,5.105514662e-16,4.466380227e-01
5.000000000e-01,0,4.600000000e-01,8.422662005e-02,5.117759688e-16,4.516132379e-01
5.000000000e-01,0,4.650000000e-01,8.475160417e-02,5.129595546e-16,4.565889819e-01
5.000000000e-01,0,4.700000000e-01,8.527182181e-02,5.141019596e-16,4.615652431e-01
5.000000000e-01,0,4.750000000e-01,8.578733872e-02,5.152025062e-16,4.665420101e-01
5.000000000e-01,0,4.800000000e-01,8.629821941e-02,5.162600546e-16,4.715192717e-01
5.000000000e-01,0,4.850000000e-01,8.680452723e-02,5.172729507e-16,4.764970172e-01
5.000000000e-01,0,4.900000000e-01,8.730632438e-02,5.182389694e-16,4.814752361e-01
5.000000000e-01,0,4.950000000e-01,8.780367191e-02,5.191552522e-16,4.864539180e-01
5.000000000e-01,0,5.000000000e-01,8.829662981e-02,5.200182410e-16,4.914330530e-01
5.000000000e-01,1,0.000000000e+00,0.000000000e+00,0.000000000e+00,0.000000000e+00
5.000000000e-01,1,5.000000000e-03,-8.234954352e-18,1.576040360e-03,4.747077153e-03
5.000000000e-01,1,1.000000000e-02,-1.676953698e-17,3.127535405e-03,9.502249655e-03
5.000000000e-01,1,1.500000000e-02,-2.547240400e-17,4.655028536e-03,1.426520305e-02
5.000000000e-01,1,2.000000000e-02,-3.419968251e-17,6.159048574e-03,1.903563724e-02
5.000000000e-01,1,2.500000000e-02,-4.284286931e-17,7.640110590e-03,2.381326555e-02
5.000000000e-01,1,3.000000000e-02,-5.132164631e-17,9.098716140e-03,2.859781417e-02
5.000000000e-01,1,3.500000000e-02,-5.957806808e-17,1.053535362e-02,3.338902147e-02
5.000000000e-01,1,4.000000000e-02,-6.757186361e-17,1.195049860e-02,3.818663737e-02
5.000000000e-01,1,4.500000000e-02,-7.527664214e-17,1.334461418e-02,4.299042284e-02
5.000000000e-01,1,5.000000000e-02,-8.267683264e-17,1.471815133e-02,4.780014926e-02
5.000000000e-01,1,5.500000000e-02,-8.976521924e-17,1.607154921e-02,5.261559799e-02
5.000000000e-01,1,6.000000000e-02,-9.654096032e-17,1.740523548e-02,5.743655984e-02
5.000000000e-01,1,6.500000000e-02,-1.030080008e-16,1.871962666e-02,6.226283461e-02
5.000000000e-01,1,7.000000000e-02,-1.091738032e-16,2.001512839e-02,6.709423066e-02
5.000000000e-01,1,7.500000000e-02,-1.150483387e-16,2.129213578e-02,7.193056451e-02
5.000000000e-01,1,8.000000000e-02,-1.206432873e-16,2.255103368e-02,7.677166042e-02
5.000000000e-01,1,8.500000000e-02,-1.259714091e-16,2.379219699e-02,8.161735005e-02
5.000000000e-01,1,9.000000000e-02,-1.310460545e-16,2.501599091e-02,8.646747208e-02
5.000000000e-01,1,9.500000000e-02,-1.358807840e-16,2.622277124e-02,9.132187189e-02
5.000000000e-01,1,1.000000000e-01,-1.404890803e-16,2.741288466e-02,9.618040124e-02
5.000000000e-01,1,1.050000000e-01,-1.448841318e-16,2.858666896e-02,1.010429180e-01
5.000000000e-01,1,1.100000000e-01,-1.490786739e-16,2.974445333e-02,1.059092858e-01
5.000000000e-01,1,1.150000000e-01,-1.530848785e-16,3.088655858e-02,1.107793738e-01
5.000000000e-01,1,1.200000000e-01,-1.569142782e-16,3.201329737e-02,1.156530565e-01
5.000000000e-01,1,1.250000000e-01,-1.605777218e-16,3.312497450e-02,1.205302134e-01
5.000000000e-01,1,1.300000000e-01,-1.640853515e-16,3.422188707e-02,1.254107288e-01
5.000000000e-01,1,1.350000000e-01,-1.674465977e-16,3.530432475e-02,1.302944914e-01
5.000000000e-01,1,1.400000000e-01,-1.706701885e-16,3.637256996e-02,1.351813947e-01
5.000000000e-01,1,1.450000000e-01,-1.737641682e-16,3.742689811e-02,1.400713360e-01
5.000000000e-01,1,1.500000000e-01,-1.767359241e-16,3.846757777e-02,1.449642167e-01
5.000000000e-01,1,1.550000000e-01,-1.795922179e-16,3.949487090e-02,1.498599421e-01
5.000000000e-01,1,1.600000000e-01,-1.823392216e-16,4.050903300e-02,1.547584211e-01
5.000000000e-01,1,1.650000000e-01,-1.849825547e-16,4.151031333e-02,1.596595660e-01
5.000000000e-01,1,1.700000000e-01,-1.875273227e-16,4.249895506e-02,1.645632925e-01
5.000000000e-01,1,1.750000000e-01,-1.899781563e-16,4.347519548e-02,1.694695195e-01
5.000000000e-01,1,1.800000000e-01,-1.923392495e-16,4.443926611e-02,1.743781690e-01
5.000000000e-01,1,1.850000000e-01,-1.946143970e-16,4.539139293e-02,1.792891658e-01
5.000000000e-01,1,1.900000000e-01,-1.968070306e-16,4.633179650e-02,1.842024375e-01
5.000000000e-01,1,1.950000000e-01,-1.989202537e-16,4.726069210e-02,1.891179145e-01
5.000000000e-01,1,2.000000000e-01,-2.009568738e-16,4.817828992e-02,1.940355296e-01
5.000000000e-01,1,2.050000000e-01,-2.029194339e-16,4.908479516e-02,1.989552182e-01
5.000000000e-01,1,2.100000000e-01,-2.048102412e-16,4.998040821e-02,2.038769179e-01
5.000000000e-01,1,2.150000000e-01,-2.066313945e-16,5.086532475e-02,2.088005687e-01
5.000000000e-01,1,2.200000000e-01,-2.083848088e-16,5.173973590e-02,2.137261126e-01
5.000000000e-01,1,2.250000000e-01,-2.100722391e-16,5.260382835e-02,2.186534938e-01
5.000000000e-01,1,2.300000000e-01,-2.116953014e-16,5.345778446e-02,2.235826583e-01
5.000000000e-01,1,2.350000000e-01,-2.132554926e-16,5.430178241e-02,2.285135544e-01
5.000000000e-01,1,2.400000000e-01,-2.147542079e-16,5.513599629e-02,2.334461317e-01
5.000000000e-01,1,2.450000000e-01,-2.161927581e-16,5.596059623e-02,2.383803419e-01
5.000000000e-01,1,2.500000000e-01,-2.175723832e-16,5.677574850e-02,2.433161384e-01
5.000000000e-01,1,2.550000000e-01,-2.188942668e-16,5.758161561e-02,2.482534758e-01
5.000000000e-01,1,2.600000000e-01,-2.201595474e-16,5.837835641e-02,2.531923109e-01
5.000000000e-01,1,2.650000000e-01,-2.213693298e-16,5.916612622e-02,2.581326013e-01
5.000000000e-01,1,2.700000000e-01,-2.225246940e-16,5.994507689e-02,2.630743066e-01
5.000000000e-01,1,2.750000000e-01,-2.236267043e-16,6.071535689e-02,2.680173874e-01
5.000000000e-01,1,2.800000000e-01,-2.246764167e-16,6.147711144e-02,2.729618058e-01
5.000000000e-01,1,2.850000000e-01,-2.256748852e-16,6.223048255e-02,2.779075251e-01
5.000000000e-01,1,2.900000000e-01,-2.266231680e-16,6.297560915e-02,2.828545098e-01
5.000000000e-01,1,2.950000000e-01,-2.275223320e-16,6.371262713e-02,2.878027257e-01
5.000000000e-01,1,3.000000000e-01,-2.283734570e-16,6.444166945e-02,2.927521395e-01
5.000000000e-01,1,3.050000000e-01,-2.291776396e-16,6.516286620e-02,2.977027192e-01
5.000000000e-01,1,3.100000000e-01,-2.299359958e-16,6.587634468e-02,3.026544338e-01
5.000000000e-01,1,3.150000000e-01,-2.306496632e-16,6.658222947e-02,3.076072531e-01
5.000000000e-01,1,3.200000000e-01,-2.313198033e-16,6.728064252e-02,3.125611482e-01
5.000000000e-01,1,3.250000000e-01,-2.319476021e-16,6.797170319e-02,3.175160909e-01
5.000000000e-01,1,3.300000000e-01,-2.325342715e-16,6.865552833e-02,3.224720539e-01
5.000000000e-01,1,3.350000000e-01,-2.330810498e-16,6.933223234e-02,3.274290109e-01
5.000000000e-01,1,3.400000000e-01,-2.335892015e-16,7.000192724e-02,3.323869362e-01
5.000000000e-01,1,3.450000000e-01,-2.340600174e-16,7.066472272e-02,3.373458052e-01
5.000000000e-01,1,3.500000000e-01,-2.344948142e-16,7.132072621e-02,3.423055939e-01
5.000000000e-01,1,3.550000000e-01,-2.348949337e-16,7.197004294e-02,3.472662790e-01
5.000000000e-01,1,3.600000000e-01,-2.352617422e-16,7.261277598e-02,3.522278381e-01
5.000000000e-01,1,3.650000000e-01,-2.355966292e-16,7.324902628e-02,3.571902492e-01
5.000000000e-01,1,3.700000000e-01,-2.359010072e-16,7.387889278e-02,3.621534912e-01
5.000000000e-01,1,3.750000000e-01,-2.361763097e-16,7.450247241e-02,3.671175436e-01
5.000000000e-01,1,3.800000000e-01,-2.364239911e-16,7.511986015e-02,3.720823865e-01
5.000000000e-01,1,3.850000000e-01,-2.366455257e-16,7.573114907e-02,3.770480005e-01
5.000000000e-01,1,3.900000000e-01,-2.368424072e-16,7.633643042e-02,3.820143671e-01
5.000000000e-01,1,3.950000000e-01,-2.370161486e-16,7.693579361e-02,3.869814679e-01
5.000000000e-01,1,4.000000000e-01,-2.371682823e-16,7.752932631e-02,3.919492854e-01
5.000000000e-01,1,4.050000000e-01,-2.373003616e-16,7.811711446e-02,3.969178025e-01
5.000000000e-01,1,4.100000000e-01,-2.374139618e-16,7.869924232e-02,4.018870025e-01
5.000000000e-01,1,4.150000000e-01,-2.375106830e-16,7.927579252e-02,4.068568694e-01
5.000000000e-01,1,4.200000000e-01,-2.375921541e-16,7.984684608e-02,4.118273874e-01
5.000000000e-01,1,4.250000000e-01,-2.376600378e-16,8.041248246e-02,4.167985414e-01
5.000000000e-01,1,4.300000000e-01,-2.377160371e-16,8.097277961e-02,4.217703166e-01
5.000000000e-01,1,4.350000000e-01,-2.377619046e-16,8.152781398e-02,4.267426987e-01
5.000000000e-01,1,4.400000000e-01,-2.377994528e-16,8.207766056e-02,4.317156737e-01
5.000000000e-01,1,4.450000000e-01,-2.378305684e-16,8.262239295e-02,4.366892280e-01
5.000000000e-01,1,4.500000000e-01,-2.378572288e-16,8.316208331e-02,4.416633487e-01
5.000000000e-01,1,4.550000000e-01,-2.378815224e-16,8.369680251e-02,4.466380227e-01
5.000000000e-01,1,4.600000000e-01,-2.379056734e-16,8.422662005e-02,4.516132379e-01
5.000000000e-01,1,4.650000000e-01,-2.379320715e-16,8.475160417e-02,4.565889819e-01
5.000000000e-01,1,4.700000000e-01,-2.379633062e-16,8.527182181e-02,4.615652431e-01
5.000000000e-01,1,4.750000000e-01,-2.380022091e-16,8.578733872e-02,4.665420101e-01
5.000000000e-01,1,4.800000000e-01,-2.380519022e-16,8.629821941e-02,4.715192717e-01
5.000000000e-01,1,4.850000000e-01,-2.381158549e-16,8.680452723e-02,4.764970172e-01
5.000000000e-01,1,4.900000000e-01,-2.381979512e-16,8.730632438e-02,4.814752361e-01
5.000000000e-01,1,4.950000000e-01,-2.383025668e-16,8.780367191e-02,4.864539180e-01
5.000000000e-01,1,5.000000000e-01,-2.384346593e-16,8.829662981e-02,4.914330530e-01
5.000000000e-01,2,0.000000000e+00,0.000000000e+00,0.000000000e+00,0.000000000e+00
5.000000000e-01,2,5.000000000e-03,-1.576040360e-03,3.988793008e-18,4.747077153e-03
5.000000000e-01,2,1.000000000e-02,-3.127535405e-03,8.020658816e-18,9.502249655e-03
5.000000000e-01,2,1.500000000e-02,-4.655028536e-03,1.207050479e-17,1.426520305e-02
5.000000000e-01,2,2.000000000e-02,-6.159048574e-03,1.611760795e-17,1.903563724e-02
5.000000000e-01,2,2.500000000e-02,-7.640110590e-03,2.014496725e-17,2.381326555e-02
5.000000000e-01,2,3.000000000e-02,-9.098716140e-03,2.413873015e-17,2.859781417e-02
5.000000000e-01,2,3.500000000e-02,-1.053535362e-02,2.808768910e-17,3.338902147e-02
5.000000000e-01,2,4.000000000e-02,-1.195049860e-02,3.198284317e-17,3.818663737e-02
5.000000000e-01,2,4.500000000e-02,-1.334461418e-02,3.581701944e-17,4.299042284e-02
5.000000000e-01,2,5.000000000e-02,-1.471815133e-02,3.958454862e-17,4.780014926e-02
5.000000000e-01,2,5.500000000e-02,-1.607154921e-02,4.328098901e-17,5.261559799e-02
5.000000000e-01,2,6.000000000e-02,-1.740523548e-02,4.690289342e-17,5.743655984e-02
5.000000000e-01,2,6.500000000e-02,-1.871962666e-02,5.044761356e-17,6.226283461e-02
5.000000000e-01,2,7.000000000e-02,-2.001512839e-02,5.391313735e-17,6.709423066e-02
5.000000000e-01,2,7.500000000e-02,-2.129213578e-02,5.729795448e-17,7.193056451e-02
5.000000000e-01,2,8.000000000e-02,-2.255103368e-02,6.060094622e-17,7.677166042e-02
5.000000000e-01,2,8.500000000e-02,-2.379219699e-02,6.382129581e-17,8.161735005e-02
5.000000000e-01,2,9.000000000e-02,-2.501599091e-02,6.695841647e-17,8.646747208e-02
5.000000000e-01,2,9.500000000e-02,-2.622277124e-02,7.001189435e-17,9.132187189e-02
5.000000000e-01,2,1.000000000e-01,-2.741288466e-02,7.298144359e-17,9.618040124e-02
5.000000000e-01,2,1.050000000e-01,-2.858666896e-02,7.586687165e-17,1.010429180e-01
5.000000000e-01,2,1.100000000e-01,-2.974445333e-02,7.866805253e-17,1.059092858e-01
5.000000000e-01,2,1.150000000e-01,-3.088655858e-02,8.138490732e-17,1.107793738e-01
5.000000000e-01,2,1.200000000e-01,-3.201329737e-02,8.401739052e-17,1.156530565e-01
5.000000000e-01,2,1.250000000e-01,-3.312497450e-02,8.656548066e-17,1.205302134e-01
5.000000000e-01,2,1.300000000e-01,-3.422188707e-02,8.902917389e-17,1.254107288e-01
5.000000000e-01,2,1.350000000e-01,-3.530432475e-02,9.140848032e-17,1.302944914e-01
5.000000000e-01,2,1.400000000e-01,-3.637256996e-02,9.370342323e-17,1.351813947e-01
5.000000000e-01,2,1.450000000e-01,-3.742689811e-02,9.591403874e-17,1.400713360e-01
5.000000000e-01,2,1.500000000e-01,-3.846757777e-02,9.804037770e-17,1.449642167e-01
5.000000000e-01,2,1.550000000e-01,-3.949487090e-02,1.000825082e-16,1.498599421e-01
5.000000000e-01,2,1.600000000e-01,-4.050903300e-02,1.020405173e-16,1.547584211e-01
5.000000000e-01,2,1.650000000e-01,-4.151031333e-02,1.039145141e-16,1.596595660e-01
5.000000000e-01,2,1.700000000e-01,-4.249895506e-02,1.057046328e-16,1.645632925e-01
5.000000000e-01,2,1.750000000e-01,-4.347519548e-02,1.074110357e-16,1.694695195e-01
5.000000000e-01,2,1.800000000e-01,-4.443926611e-02,1.090339163e-16,1.743781690e-01
5.000000000e-01,2,1.850000000e-01,-4.539139293e-02,1.105735023e-16,1.792891658e-01
5.000000000e-01,2,1.900000000e-01,-4.633179650e-02,1.120300598e-16,1.842024375e-01
5.000000000e-01,2,1.950000000e-01,-4.726069210e-02,1.134038942e-16,1.891179145e-01
5.000000000e-01,2,2.000000000e-01,-4.817828992e-02,1.146953503e-16,1.940355296e-01
5.000000000e-01,2,2.050000000e-01,-4.908479516e-02,1.159048179e-16,1.989552182e-01
5.000000000e-01,2,2.100000000e-01,-4.998040821e-02,1.170327331e-16,2.038769179e-01
5.000000000e-01,2,2.150000000e-01,-5.086532475e-02,1.180795766e-16,2.088005687e-01
5.000000000e-01,2,2.200000000e-01,-5.173973590e-02,1.190458784e-16,2.137261126e-01
5.000000000e-01,2,2.250000000e-01,-5.260382835e-02,1.199322172e-16,2.186534938e-01
5.000000000e-01,2,2.300000000e-01,-5.345778446e-02,1.207392195e-16,2.235826583e-01
5.000000000e-01,2,2.350000000e-01,-5.430178241e-02,1.214675672e-16,2.285135544e-01
5.000000000e-01,2,2.400000000e-01,-5.513599629e-02,1.221179921e-16,2.334461317e-01
5.000000000e-01,2,2.450000000e-01,-5.596059623e-02,1.226912736e-16,2.383803419e-01
5.000000000e-01,2,2.500000000e-01,-5.677574850e-02,1.231882456e-16,2.433161384e-01
5.000000000e-01,2,2.550000000e-01,-5.758161561e-02,1.236097992e-16,2.482534758e-01
5.000000000e-01,2,2.600000000e-01,-5.837835641e-02,1.239568716e-16,2.531923109e-01
5.000000000e-01,2,2.650000000e-01,-5.916612622e-02,1.242304500e-16,2.581326013e-01
5.000000000e-01,2,2.700000000e-01,-5.994507689e-02,1.244315816e-16,2.630743066e-01
5.000000000e-01,2,2.750000000e-01,-6.071535689e-02,1.245613642e-16,2.680173874e-01
5.000000000e-01,2,2.800000000e-01,-6.147711144e-02,1.246209470e-16,2.729618058e-01
5.000000000e-01,2,2.850000000e-01,-6.223048255e-02,1.246115377e-16,2.779075251e-01
5.000000000e-01,2,2.900000000e-01,-6.297560915e-02,1.245343840e-16,2.828545098e-01
5.000000000e-01,2,2.950000000e-01,-6.371262713e-02,1.243907832e-16,2.878027257e-01
5.000000000e-01,2,3.000000000e-01,-6.444166945e-02,1.241820881e-16,2.927521395e-01
5.000000000e-01,2,3.050000000e-01,-6.516286620e-02,1.239096929e-16,2.977027192e-01
5.000000000e-01,2,3.100000000e-01,-6.587634468e-02,1.235750522e-16,3.026544338e-01
5.000000000e-01,2,3.150000000e-01,-6.658222947e-02,1.231796704e-16,3.076072531e-01
5.000000000e-01,2,3.200000000e-01,-6.728064252e-02,1.227250888e-16,3.125611482e-01
5.000000000e-01,2,3.250000000e-01,-6.797170319e-02,1.222129065e-16,3.175160909e-01
5.000000000e-01,2,3.300000000e-01,-6.865552833e-02,1.216447634e-16,3.224720539e-01
5.000000000e-01,2,3.350000000e-01,-6.933223234e-02,1.210223318e-16,3.274290109e-01
5.000000000e-01,2,3.400000000e-01,-7.000192724e-02,1.203473366e-16,3.323869362e-01
5.000000000e-01,2,3.450000000e-01,-7.066472272e-02,1.196215324e-16,3.373458052e-01
5.000000000e-01,2,3.500000000e-01,-7.132072621e-02,1.188466895e-16,3.423055939e-01
5.000000000e-01,2,3.550000000e-01,-7.197004294e-02,1.180246167e-16,3.472662790e-01
5.000000000e-01,2,3.600000000e-01,-7.261277598e-02,1.171571323e-16,3.522278381e-01
5.000000000e-01,2,3.650000000e-01,-7.324902628e-02,1.162460705e-16,3.571902492e-01
5.000000000e-01,2,3.700000000e-01,-7.387889278e-02,1.152932946e-16,3.621534912e-01
5.000000000e-01,2,3.750000000e-01,-7.450247241e-02,1.143006882e-16,3.671175436e-01
5.000000000e-01,2,3.800000000e-01,-7.511986015e-02,1.132701613e-16,3.720823865e-01
5.000000000e-01,2,3.850000000e-01,-7.573114907e-02,1.122035920e-16,3.770480005e-01
5.000000000e-01,2,3.900000000e-01,-7.633643042e-02,1.111028450e-16,3.820143671e-01
5.000000000e-01,2,3.950000000e-01,-7.693579361e-02,1.099697744e-16,3.869814679e-01
5.000000000e-01,2,4.000000000e-01,-7.752932631e-02,1.088061719e-16,3.919492854e-01
5.000000000e-01,2,4.050000000e-01,-7.811711446e-02,1.076137919e-16,3.969178025e-01
5.000000000e-01,2,4.100000000e-01,-7.869924232e-02,1.063943382e-16,4.018870025e-01
5.000000000e-01,2,4.150000000e-01,-7.927579252e-02,1.051494124e-16,4.068568694e-01
5.000000000e-01,2,4.200000000e-01,-7.984684608e-02,1.038805358e-16,4.118273874e-01
5.000000000e-01,2,4.250000000e-01,-8.041248246e-02,1.025891102e-16,4.167985414e-01
5.000000000e-01,2,4.300000000e-01,-8.097277961e-02,1.012764311e-16,4.217703166e-01
5.000000000e-01,2,4.350000000e-01,-8.152781398e-02,9.994361327e-17,4.267426987e-01
5.000000000e-01,2,4.400000000e-01,-8.207766056e-02,9.859162811e-17,4.317156737e-01
5.000000000e-01,2,4.450000000e-01,-8.262239295e-02,9.722125964e-17,4.366892280e-01
5.000000000e-01,2,4.500000000e-01,-8.316208331e-02,9.583304798e-17,4.416633487e-01
5.000000000e-01,2,4.550000000e-01,-8.369680251e-02,9.442721110e-17,4.466380227e-01
5.000000000e-01,2,4.600000000e-01,-8.422662005e-02,9.300359935e-17,4.516132379e-01
5.000000000e-01,2,4.650000000e-01,-8.475160417e-02,9.156187032e-17,4.565889819e-01
5.000000000e-01,2,4.700000000e-01,-8.527182181e-02,9.010130770e-17,4.615652431e-01
5.000000000e-01,2,4.750000000e-01,-8.578733872e-02,8.862073725e-17,4.665420101e-01
5.000000000e-01,2,4.800000000e-01,-8.629821941e-02,8.711854462e-17,4.715192717e-01
5.000000000e-01,2,4.850000000e-01,-8.680452723e-02,8.559259418e-17,4.764970172e-01
5.000000000e-01,2,4.900000000e-01,-8.730632438e-02,8.404016421e-17,4.814752361e-01
5.000000000e-01,2,4.950000000e-01,-8.780367191e-02,8.245784401e-17,4.864539180e-01
5.000000000e-01,2,5.000000000e-01,-8.829662981e-02,8.084166187e-17,4.914330530e-01
5.000000000e-01,3,0.000000000e+00,0.000000000e+00,0.000000000e+00,0.000000000e+00
5.000000000e-01,3,5.000000000e-03,-4.000106974e-19,-1.576040360e-03,4.747077153e-03
5.000000000e-01,3,1.000000000e-02,-1.265679378e-18,-3.127535405e-03,9.502249655e-03
5.000000000e-01,3,1.500000000e-02,-2.408150481e-18,-4.655028536e-03,1.426520305e-02
5.000000000e-01,3,2.000000000e-02,-3.682606793e-18,-6.159048574e-03,1.903563724e-02
5.000000000e-01,3,2.500000000e-02,-4.979420807e-18,-7.640110590e-03,2.381326555e-02
5.000000000e-01,3,3.000000000e-02,-6.217005631e-18,-9.098716140e-03,2.859781417e-02
5.000000000e-01,3,3.500000000e-02,-7.336032089e-18,-1.053535362e-02,3.338902147e-02
5.000000000e-01,3,4.000000000e-02,-8.294755503e-18,-1.195049860e-02,3.818663737e-02
5.000000000e-01,3,4.500000000e-02,-9.065242465e-18,-1.334461418e-02,4.299042284e-02
5.000000000e-01,3,5.000000000e-02,-9.630328058e-18,-1.471815133e-02,4.780014926e-02
5.000000000e-01,3,5.500000000e-02,-9.981165904e-18,-1.607154921e-02,5.261559799e-02
5.000000000e-01,3,6.000000000e-02,-1.011525976e-17,-1.740523548e-02,5.743655984e-02
5.000000000e-01,3,6.500000000e-02,-1.003488595e-17,-1.871962666e-02,6.226283461e-02
5.000000000e-01,3,7.000000000e-02,-9.745833341e-18,-2.001512839e-02,6.709423066e-02
5.000000000e-01,3,7.500000000e-02,-9.256400899e-18,-2.129213578e-02,7.193056451e-02
5.000000000e-01,3,8.000000000e-02,-8.576604301e-18,-2.255103368e-02,7.677166042e-02
5.000000000e-01,3,8.500000000e-02,-7.717552078e-18,-2.379219699e-02,8.161735005e-02
5.000000000e-01,3,9.000000000e-02,-6.690958862e-18,-2.501599091e-02,8.646747208e-02
5.000000000e-01,3,9.500000000e-02,-5.508769630e-18,-2.622277124e-02,9.132187189e-02
5.000000000e-01,3,1.000000000e-01,-4.182873405e-18,-2.741288466e-02,9.618040124e-02
5.000000000e-01,3,1.050000000e-01,-2.724889031e-18,-2.858666896e-02,1.010429180e-01
5.000000000e-01,3,1.100000000e-01,-1.146008666e-18,-2.974445333e-02,1.059092858e-01
5.000000000e-01,3,1.150000000e-01,5.431125369e-19,-3.088655858e-02,1.107793738e-01
5.000000000e-01,3,1.200000000e-01,2.332430165e-18,-3.201329737e-02,1.156530565e-01
5.000000000e-01,3,1.250000000e-01,4.212555341e-18,-3.312497450e-02,1.205302134e-01
5.000000000e-01,3,1.300000000e-01,6.174776738e-18,-3.422188707e-02,1.254107288e-01
5.000000000e-01,3,1.350000000e-01,8.211065102e-18,-3.530432475e-02,1.302944914e-01
5.000000000e-01,3,1.400000000e-01,1.031406440e-17,-3.637256996e-02,1.351813947e-01
5.000000000e-01,3,1.450000000e-01,1.247707283e-17,-3.742689811e-02,1.400713360e-01
5.000000000e-01,3,1.500000000e-01,1.469401636e-17,-3.846757777e-02,1.449642167e-01
5.000000000e-01,3,1.550000000e-01,1.695941724e-17,-3.949487090e-02,1.498599421e-01
5.000000000e-01,3,1.600000000e-01,1.926835882e-17,-4.050903300e-02,1.547584211e-01
5.000000000e-01,3,1.650000000e-01,2.161644839e-17,-4.151031333e-02,1.596595660e-01
5.000000000e-01,3,1.700000000e-01,2.399977909e-17,-4.249895506e-02,1.645632925e-01
5.000000000e-01,3,1.750000000e-01,2.641489129e-17,-4.347519548e-02,1.694695195e-01
5.000000000e-01,3,1.800000000e-01,2.885873461e-17,-4.443926611e-02,1.743781690e-01
5.000000000e-01,3,1.850000000e-01,3.132863115e-17,-4.539139293e-02,1.792891658e-01
5.000000000e-01,3,1.900000000e-01,3.382223970e-17,-4.633179650e-02,1.842024375e-01
5.000000000e-01,3,1.950000000e-01,3.633752155e-17,-4.726069210e-02,1.891179145e-01
5.000000000e-01,3,2.000000000e-01,3.887270840e-17,-4.817828992e-02,1.940355296e-01
5.000000000e-01,3,2.050000000e-01,4.142627198e-17,-4.908479516e-02,1.989552182e-01
5.000000000e-01,3,2.100000000e-01,4.399689523e-17,-4.998040821e-02,2.038769179e-01
5.000000000e-01,3,2.150000000e-01,4.658344575e-17,-5.086532475e-02,2.088005687e-01
5.000000000e-01,3,2.200000000e-01,4.918495158e-17,-5.173973590e-02,2.137261126e-01
5.000000000e-01,3,2.250000000e-01,5.180057771e-17,-5.260382835e-02,2.186534938e-01
5.000000000e-01,3,2.300000000e-01,5.442960527e-17,-5.345778446e-02,2.235826583e-01
5.000000000e-01,3,2.350000000e-01,5.707141314e-17,-5.430178241e-02,2.285135544e-01
5.000000000e-01,3,2.400000000e-01,5.972545950e-17,-5.513599629e-02,2.334461317e-01
5.000000000e-01,3,2.450000000e-01,6.239126574e-17,-5.596059623e-02,2.383803419e-01
5.000000000e-01,3,2.500000000e-01,6.506840332e-17,-5.677574850e-02,2.433161384e-01
5.000000000e-01,3,2.550000000e-01,6.775648053e-17,-5.758161561e-02,2.482534758e-01
5.000000000e-01,3,2.600000000e-01,7.045513016e-17,-5.837835641e-02,2.531923109e-01
5.000000000e-01,3,2.650000000e-01,7.316400001e-17,-5.916612622e-02,2.581326013e-01
5.000000000e-01,3,2.700000000e-01,7.588274386e-17,-5.994507689e-02,2.630743066e-01
5.000000000e-01,3,2.750000000e-01,7.861101316e-17,-6.071535689e-02,2.680173874e-01
5.000000000e-01,3,2.800000000e-01,8.134844893e-17,-6.147711144e-02,2.729618058e-01
5.000000000e-01,3,2.850000000e-01,8.409467500e-17,-6.223048255e-02,2.779075251e-01
5.000000000e-01,3,2.900000000e-01,8.684929424e-17,-6.297560915e-02,2.828545098e-01
5.000000000e-01,3,2.950000000e-01,8.961188430e-17,-6.371262713e-02,2.878027257e-01
5.000000000e-01,3,3.000000000e-01,9.238199237e-17,-6.444166945e-02,2.927521395e-01
5.000000000e-01,3,3.050000000e-01,9.515913328e-17,-6.516286620e-02,2.977027192e-01
5.000000000e-01,3,3.100000000e-01,9.794278844e-17,-6.587634468e-02,3.026544338e-01
5.000000000e-01,3,3.150000000e-01,1.007324005e-16,-6.658222947e-02,3.076072531e-01
5.000000000e-01,3,3.200000000e-01,1.035273700e-16,-6.728064252e-02,3.125611482e-01
5.000000000e-01,3,3.250000000e-01,1.063270580e-16,-6.797170319e-02,3.175160909e-01
5.000000000e-01,3,3.300000000e-01,1.091307877e-16,-6.865552833e-02,3.224720539e-01
5.000000000e-01,3,3.350000000e-01,1.119378379e-16,-6.933223234e-02,3.274290109e-01
5.000000000e-01,3,3.400000000e-01,1.147474456e-16,-7.000192724e-02,3.323869362e-01
5.000000000e-01,3,3.450000000e-01,1.175588106e-16,-7.066472272e-02,3.373458052e-01
5.000000000e-01,3,3.500000000e-01,1.203710931e-16,-7.132072621e-02,3.423055939e-01
5.000000000e-01,3,3.550000000e-01,1.231834169e-16,-7.197004294e-02,3.472662790e-01
5.000000000e-01,3,3.600000000e-01,1.259948713e-16,-7.261277598e-02,3.522278381e-01
5.000000000e-01,3,3.650000000e-01,1.288045063e-16,-7.324902628e-02,3.571902492e-01
5.000000000e-01,3,3.700000000e-01,1.316113398e-16,-7.387889278e-02,3.621534912e-01
5.000000000e-01,3,3.750000000e-01,1.344143607e-16,-7.450247241e-02,3.671175436e-01
5.000000000e-01,3,3.800000000e-01,1.372125270e-16,-7.511986015e-02,3.720823865e-01
5.000000000e-01,3,3.850000000e-01,1.400047681e-16,-7.573114907e-02,3.770480005e-01
5.000000000e-01,3,3.900000000e-01,1.427899849e-16,-7.633643042e-02,3.820143671e-01
5.000000000e-01,3,3.950000000e-01,1.455670531e-16,-7.693579361e-02,3.869814679e-01
5.000000000e-01,3,4.000000000e-01,1.483348183e-16,-7.752932631e-02,3.919492854e-01
5.000000000e-01,3,4.050000000e-01,1.510920992e-16,-7.811711446e-02,3.969178025e-01
5.000000000e-01,3,4.100000000e-01,1.538376968e-16,-7.869924232e-02,4.018870025e-01
5.000000000e-01,3,4.150000000e-01,1.565703718e-16,-7.927579252e-02,4.068568694e-01
5.000000000e-01,3,4.200000000e-01,1.592888503e-16,-7.984684608e-02,4.118273874e-01
5.000000000e-01,3,4.250000000e-01,1.619918443e-16,-8.041248246e-02,4.167985414e-01
5.000000000e-01,3,4.300000000e-01,1.646780233e-16,-8.097277961e-02,4.217703166e-01
5.000000000e-01,3,4.350000000e-01,1.673459842e-16,-8.152781398e-02,4.267426987e-01
5.000000000e-01,3,4.400000000e-01,1.699942637e-16,-8.207766056e-02,4.317156737e-01
5.000000000e-01,3,4.450000000e-01,1.726213724e-16,-8.262239295e-02,4.366892280e-01
5.000000000e-01,3,4.500000000e-01,1.752257277e-16,-8.316208331e-02,4.416633487e-01
5.000000000e-01,3,4.550000000e-01,1.778056201e-16,-8.369680251e-02,4.466380227e-01
5.000000000e-01,3,4.600000000e-01,1.803592311e-16,-8.422662005e-02,4.516132379e-01
5.000000000e-01,3,4.650000000e-01,1.828845928e-16,-8.475160417e-02,4.565889819e-01
5.000000000e-01,3,4.700000000e-01,1.853795684e-16,-8.527182181e-02,4.615652431e-01
5.000000000e-01,3,4.750000000e-01,1.878417871e-16,-8.578733872e-02,4.665420101e-01
5.000000000e-01,3,4.800000000e-01,1.902686045e-16,-8.629821941e-02,4.715192717e-01
5.000000000e-01,3,4.850000000e-01,1.926571025e-16,-8.680452723e-02,4.764970172e-01
5.000000000e-01,3,4.900000000e-01,1.950039355e-16,-8.730632438e-02,4.814752361e-01
5.000000000e-01,3,4.950000000e-01,1.973053433e-16,-8.780367191e-02,4.864539180e-01
5.000000000e-01,3,5.000000000e-01,1.995570823e-16,-8.829662981e-02,4.914330530e-01
