s_over_L,T,theta,invariant,invariant_norm
5.000000000e-03,5.269990595e-06,2.564646083e-01,3.629758287e-11,9.998941690e-01
1.500000000e-02,5.314957496e-06,2.523445431e-01,3.629766865e-11,9.998965319e-01
2.500000000e-02,5.359971619e-06,2.483232132e-01,3.629775678e-11,9.998989597e-01
3.500000000e-02,5.405031117e-06,2.443975218e-01,3.629784314e-11,9.999013387e-01
4.500000000e-02,5.450134230e-06,2.405645250e-01,3.629792912e-11,9.999037072e-01
5.500000000e-02,5.495279275e-06,2.368213779e-01,3.629801474e-11,9.999060657e-01
6.500000000e-02,5.540464648e-06,2.331653404e-01,3.629809999e-11,9.999084141e-01
7.500000000e-02,5.585688817e-06,2.295937725e-01,3.629818488e-11,9.999107527e-01
8.500000000e-02,5.630950318e-06,2.261041303e-01,3.629826943e-11,9.999130816e-01
9.500000000e-02,5.676247755e-06,2.226939621e-01,3.629835362e-11,9.999154010e-01
1.050000000e-01,5.721579788e-06,2.193609046e-01,3.629843747e-11,9.999177108e-01
1.150000000e-01,5.766945143e-06,2.161026790e-01,3.629852099e-11,9.999200115e-01
1.250000000e-01,5.812342595e-06,2.129170881e-01,3.629860418e-11,9.999223031e-01
1.350000000e-01,5.857770979e-06,2.098020124e-01,3.629868704e-11,9.999245857e-01
1.450000000e-01,5.903229173e-06,2.067554076e-01,3.629876958e-11,9.999268593e-01
1.550000000e-01,5.948716109e-06,2.037753008e-01,3.629885180e-11,9.999291244e-01
1.650000000e-01,5.994230762e-06,2.008597884e-01,3.629893371e-11,9.999313808e-01
1.750000000e-01,6.039772150e-06,1.980070326e-01,3.629901532e-11,9.999336288e-01
1.850000000e-01,6.085339333e-06,1.952152593e-01,3.629909662e-11,9.999358683e-01
1.950000000e-01,6.130931410e-06,1.924827554e-01,3.629917761e-11,9.999380995e-01
2.050000000e-01,6.176547518e-06,1.898078664e-01,3.629925832e-11,9.999403229e-01
2.150000000e-01,6.222186827e-06,1.871889940e-01,3.629933873e-11,9.999425379e-01
2.250000000e-01,6.267848546e-06,1.846245939e-01,3.629941886e-11,9.999447451e-01
2.350000000e-01,6.313531911e-06,1.821131739e-01,3.629949870e-11,9.999469446e-01
2.450000000e-01,6.359236192e-06,1.796532915e-01,3.629957826e-11,9.999491363e-01
2.550000000e-01,6.404960688e-06,1.772435524e-01,3.629965754e-11,9.999513203e-01
2.650000000e-01,6.450704724e-06,1.748826083e-01,3.629973655e-11,9.999534967e-01
2.750000000e-01,6.496467654e-06,1.725691553e-01,3.629981529e-11,9.999556657e-01
2.850000000e-01,6.542248857e-06,1.703019321e-01,3.629989376e-11,9.999578272e-01
2.950000000e-01,6.588047736e-06,1.680797185e-01,3.629997196e-11,9.999599816e-01
3.050000000e-01,6.633863717e-06,1.659013338e-01,3.630004990e-11,9.999621286e-01
3.150000000e-01,6.679696248e-06,1.637656353e-01,3.630012758e-11,9.999642683e-01
3.250000000e-01,6.725544799e-06,1.616715167e-01,3.630020500e-11,9.999664011e-01
3.350000000e-01,6.771408860e-06,1.596179071e-01,3.630028216e-11,9.999685267e-01
3.450000000e-01,6.817287942e-06,1.576037694e-01,3.630035907e-11,9.999706454e-01
3.550000000e-01,6.863181570e-06,1.556280992e-01,3.630043573e-11,9.999727570e-01
3.650000000e-01,6.909089291e-06,1.536899233e-01,3.630051214e-11,9.999748618e-01
3.750000000e-01,6.955010668e-06,1.517882992e-01,3.630058829e-11,9.999769596e-01
3.850000000e-01,7.000945279e-06,1.499223132e-01,3.630066420e-11,9.999790508e-01
3.950000000e-01,7.046892719e-06,1.480910798e-01,3.630073986e-11,9.999811350e-01
4.050000000e-01,7.092852596e-06,1.462937409e-01,3.630081528e-11,9.999832127e-01
4.150000000e-01,7.138824535e-06,1.445294640e-01,3.630089046e-11,9.999852835e-01
4.250000000e-01,7.184808171e-06,1.427974423e-01,3.630096539e-11,9.999873476e-01
4.350000000e-01,7.230803156e-06,1.410968930e-01,3.630104008e-11,9.999894052e-01
4.450000000e-01,7.276809152e-06,1.394270569e-01,3.630111453e-11,9.999914561e-01
4.550000000e-01,7.322825833e-06,1.377871972e-01,3.630118874e-11,9.999935003e-01
4.650000000e-01,7.368852885e-06,1.361765992e-01,3.630126271e-11,9.999955380e-01
4.750000000e-01,7.414890007e-06,1.345945690e-01,3.630133645e-11,9.999975692e-01
4.850000000e-01,7.460936904e-06,1.330404332e-01,3.630140994e-11,9.999995937e-01
4.950000000e-01,7.506993296e-06,1.315135380e-01,3.630148319e-11,1.000001612e+00
5.050000000e-01,7.553058910e-06,1.300132484e-01,3.630155621e-11,1.000003623e+00
5.150000000e-01,7.599133483e-06,1.285389479e-01,3.630162899e-11,1.000005628e+00
5.250000000e-01,7.645216760e-06,1.270900377e-01,3.630170154e-11,1.000007626e+00
5.350000000e-01,7.691308497e-06,1.256659358e-01,3.630177384e-11,1.000009618e+00
5.450000000e-01,7.737408456e-06,1.242660769e-01,3.630184591e-11,1.000011604e+00
5.550000000e-01,7.783516409e-06,1.228899118e-01,3.630191775e-11,1.000013582e+00
5.650000000e-01,7.829632132e-06,1.215369065e-01,3.630198934e-11,1.000015554e+00
5.750000000e-01,7.875755414e-06,1.202065419e-01,3.630206070e-11,1.000017520e+00
5.850000000e-01,7.921886046e-06,1.188983134e-01,3.630213181e-11,1.000019479e+00
5.950000000e-01,7.968023829e-06,1.176117304e-01,3.630220269e-11,1.000021432e+00
6.050000000e-01,8.014168567e-06,1.163463156e-01,3.630227333e-11,1.000023378e+00
6.150000000e-01,8.060320075e-06,1.151016050e-01,3.630234373e-11,1.000025317e+00
6.250000000e-01,8.106478171e-06,1.138771470e-01,3.630241388e-11,1.000027249e+00
6.350000000e-01,8.152642679e-06,1.126725023e-01,3.630248380e-11,1.000029176e+00
6.450000000e-01,8.198813428e-06,1.114872435e-01,3.630255347e-11,1.000031095e+00
6.550000000e-01,8.244990257e-06,1.103209545e-01,3.630262291e-11,1.000033008e+00
6.650000000e-01,8.291173002e-06,1.091732304e-01,3.630269210e-11,1.000034913e+00
6.750000000e-01,8.337361512e-06,1.080436769e-01,3.630276104e-11,1.000036813e+00
6.850000000e-01,8.383555638e-06,1.069319104e-01,3.630282974e-11,1.000038705e+00
6.950000000e-01,8.429755232e-06,1.058375570e-01,3.630289819e-11,1.000040591e+00
7.050000000e-01,8.475960156e-06,1.047602528e-01,3.630296640e-11,1.000042470e+00
7.150000000e-01,8.522170273e-06,1.036996432e-01,3.630303436e-11,1.000044342e+00
7.250000000e-01,8.568385452e-06,1.026553830e-01,3.630310206e-11,1.000046207e+00
7.350000000e-01,8.614605565e-06,1.016271356e-01,3.630316952e-11,1.000048065e+00
7.450000000e-01,8.660830487e-06,1.006145731e-01,3.630323673e-11,1.000049916e+00
7.550000000e-01,8.707060099e-06,9.961737607e-02,3.630330368e-11,1.000051761e+00
7.650000000e-01,8.753294283e-06,9.863523308e-02,3.630337037e-11,1.000053598e+00
7.750000000e-01,8.799532928e-06,9.766784055e-02,3.630343682e-11,1.000055428e+00
7.850000000e-01,8.845775923e-06,9.671490252e-02,3.630350300e-11,1.000057252e+00
7.950000000e-01,8.892023161e-06,9.577613045e-02,3.630356893e-11,1.000059068e+00
8.050000000e-01,8.938274540e-06,9.485124294e-02,3.630363460e-11,1.000060877e+00
8.150000000e-01,8.984529958e-06,9.393996556e-02,3.630370001e-11,1.000062679e+00
8.250000000e-01,9.030789319e-06,9.304203062e-02,3.630376515e-11,1.000064473e+00
8.350000000e-01,9.077052527e-06,9.215717702e-02,3.630383004e-11,1.000066260e+00
8.450000000e-01,9.123319492e-06,9.128514997e-02,3.630389466e-11,1.000068041e+00
8.550000000e-01,9.169590123e-06,9.042570092e-02,3.630395901e-11,1.000069813e+00
8.650000000e-01,9.215864333e-06,8.957858727e-02,3.630402309e-11,1.000071579e+00
8.750000000e-01,9.262142041e-06,8.874357227e-02,3.630408691e-11,1.000073337e+00
8.850000000e-01,9.308423161e-06,8.792042485e-02,3.630415046e-11,1.000075087e+00
8.950000000e-01,9.354707617e-06,8.710891941e-02,3.630421374e-11,1.000076830e+00
9.050000000e-01,9.400995329e-06,8.630883570e-02,3.630427674e-11,1.000078566e+00
9.150000000e-01,9.447286223e-06,8.551995868e-02,3.630433947e-11,1.000080294e+00
9.250000000e-01,9.493580226e-06,8.474207834e-02,3.630440192e-11,1.000082014e+00
9.350000000e-01,9.539877266e-06,8.397498958e-02,3.630446410e-11,1.000083727e+00
9.450000000e-01,9.586177276e-06,8.321849209e-02,3.630452600e-11,1.000085432e+00
9.550000000e-01,9.632480187e-06,8.247239016e-02,3.630458762e-11,1.000087130e+00
9.650000000e-01,9.678785933e-06,8.173649262e-02,3.630464896e-11,1.000088819e+00
9.750000000e-01,9.725094453e-06,8.101061268e-02,3.630471002e-11,1.000090501e+00
9.850000000e-01,9.771405683e-06,8.029456780e-02,3.630477079e-11,1.000092176e+00
9.950000000e-01,9.817719564e-06,7.958818049e-02,3.630483169e-11,1.000093853e+00
